pop	fsc_small	fsc_perp	fsc_big	pe	chl_small	chl_big	point_order	gating_id
beads	NA	NA	NA	204.11214932136977	58.160008477321526	NA	1	00444c59-12ff-4efc-b396-23162c8b66fd
beads	NA	NA	NA	118.26826940306417	37.85357791333431	NA	2	00444c59-12ff-4efc-b396-23162c8b66fd
beads	NA	NA	NA	88.9647438713686	51.1070309293318	NA	3	00444c59-12ff-4efc-b396-23162c8b66fd
beads	NA	NA	NA	125.95132736093825	106.4764594396383	NA	4	00444c59-12ff-4efc-b396-23162c8b66fd
beads	NA	NA	NA	240.16210858932965	160.4307707636696	NA	5	00444c59-12ff-4efc-b396-23162c8b66fd
beads	NA	NA	NA	290.62404119490503	97.67234072449271	NA	6	00444c59-12ff-4efc-b396-23162c8b66fd
croco	NA	NA	NA	686.3390002494341	1274.211669368332	NA	1	00444c59-12ff-4efc-b396-23162c8b66fd
croco	NA	NA	NA	334.5087707927202	622.7821717137969	NA	2	00444c59-12ff-4efc-b396-23162c8b66fd
croco	NA	NA	NA	174.4855394687471	620.9176194286208	NA	3	00444c59-12ff-4efc-b396-23162c8b66fd
croco	NA	NA	NA	138.66909679694285	829.0238807046255	NA	4	00444c59-12ff-4efc-b396-23162c8b66fd
croco	NA	NA	NA	192.66909229220903	2188.112684969325	NA	5	00444c59-12ff-4efc-b396-23162c8b66fd
croco	NA	NA	NA	550.9749346793996	3402.5698737802845	NA	6	00444c59-12ff-4efc-b396-23162c8b66fd
croco	NA	NA	NA	1038.9848448172115	2227.8516942755828	NA	7	00444c59-12ff-4efc-b396-23162c8b66fd
picoeuk	28.259304586656583	NA	NA	NA	1882.93817510207	NA	1	00444c59-12ff-4efc-b396-23162c8b66fd
picoeuk	4.293744831065126	NA	NA	NA	260.9673750526576	NA	2	00444c59-12ff-4efc-b396-23162c8b66fd
picoeuk	6.3287572593196915	NA	NA	NA	33.86693118305085	NA	3	00444c59-12ff-4efc-b396-23162c8b66fd
picoeuk	10.313734951083777	NA	NA	NA	13.426956706233677	NA	4	00444c59-12ff-4efc-b396-23162c8b66fd
picoeuk	91.71621011748098	NA	NA	NA	8.77682848677273	NA	5	00444c59-12ff-4efc-b396-23162c8b66fd
picoeuk	938.98716006577	NA	NA	NA	15.838158097500925	NA	6	00444c59-12ff-4efc-b396-23162c8b66fd
picoeuk	3559.759261887083	NA	NA	NA	94.69214984324141	NA	7	00444c59-12ff-4efc-b396-23162c8b66fd
picoeuk	3588.053676760434	NA	NA	NA	3473.194961033091	NA	8	00444c59-12ff-4efc-b396-23162c8b66fd
picoeuk	141.41876821175504	NA	NA	NA	3814.9870330894532	NA	9	00444c59-12ff-4efc-b396-23162c8b66fd
prochloro	7.771052320741345	NA	NA	NA	2.5649940786370773	NA	1	00444c59-12ff-4efc-b396-23162c8b66fd
prochloro	21.36806984148504	NA	NA	NA	2.6066094473367842	NA	2	00444c59-12ff-4efc-b396-23162c8b66fd
prochloro	57.78861394477806	NA	NA	NA	5.030631458341749	NA	3	00444c59-12ff-4efc-b396-23162c8b66fd
prochloro	72.4513897870832	NA	NA	NA	13.920443128550868	NA	4	00444c59-12ff-4efc-b396-23162c8b66fd
prochloro	64.84919508690935	NA	NA	NA	22.777449537178825	NA	5	00444c59-12ff-4efc-b396-23162c8b66fd
prochloro	16.494521704887326	NA	NA	NA	18.269173504971956	NA	6	00444c59-12ff-4efc-b396-23162c8b66fd
prochloro	4.463039303768556	NA	NA	NA	12.550284762546102	NA	7	00444c59-12ff-4efc-b396-23162c8b66fd
prochloro	3.123970503068757	NA	NA	NA	4.717184104558307	NA	8	00444c59-12ff-4efc-b396-23162c8b66fd
prochloro	3.7468508308302453	NA	NA	NA	2.7961652042189127	NA	9	00444c59-12ff-4efc-b396-23162c8b66fd
synecho	20.682321234005087	NA	NA	66.19537593227692	NA	NA	1	00444c59-12ff-4efc-b396-23162c8b66fd
synecho	3.938242083154446	NA	NA	8.512949225016417	NA	NA	2	00444c59-12ff-4efc-b396-23162c8b66fd
synecho	5.31581964105259	NA	NA	3.4106775058372545	NA	NA	3	00444c59-12ff-4efc-b396-23162c8b66fd
synecho	22.31039009289931	NA	NA	2.0826819727914048	NA	NA	4	00444c59-12ff-4efc-b396-23162c8b66fd
synecho	202.248545499756	NA	NA	2.5345579438664814	NA	NA	5	00444c59-12ff-4efc-b396-23162c8b66fd
synecho	349.16543719022894	NA	NA	4.107406047965584	NA	NA	6	00444c59-12ff-4efc-b396-23162c8b66fd
synecho	448.39148043511386	NA	NA	32.657677897255546	NA	NA	7	00444c59-12ff-4efc-b396-23162c8b66fd
synecho	422.0184717638535	NA	NA	81.07206821350748	NA	NA	8	00444c59-12ff-4efc-b396-23162c8b66fd
synecho	146.1158495933734	NA	NA	135.84112240199545	NA	NA	9	00444c59-12ff-4efc-b396-23162c8b66fd
synecho	46.42132980879509	NA	NA	136.3497680977976	NA	NA	10	00444c59-12ff-4efc-b396-23162c8b66fd
beads	NA	NA	NA	1543.197753069625	650.2750694851637	NA	1	0428926d-43e4-4d54-adef-4085ec52caa6
beads	NA	NA	NA	154.68758992943398	44.19880203425662	NA	2	0428926d-43e4-4d54-adef-4085ec52caa6
beads	NA	NA	NA	93.96965377367381	46.01885310938638	NA	3	0428926d-43e4-4d54-adef-4085ec52caa6
beads	NA	NA	NA	86.94829406584671	59.04704054641322	NA	4	0428926d-43e4-4d54-adef-4085ec52caa6
beads	NA	NA	NA	1360.778385081374	815.7120732043702	NA	5	0428926d-43e4-4d54-adef-4085ec52caa6
croco	NA	NA	NA	718.607510155317	1476.097292601123	NA	1	0428926d-43e4-4d54-adef-4085ec52caa6
croco	NA	NA	NA	228.92363074443924	541.8181937260692	NA	2	0428926d-43e4-4d54-adef-4085ec52caa6
croco	NA	NA	NA	138.73258026327042	746.8816768869088	NA	3	0428926d-43e4-4d54-adef-4085ec52caa6
croco	NA	NA	NA	391.3946096291971	4168.915446836475	NA	4	0428926d-43e4-4d54-adef-4085ec52caa6
croco	NA	NA	NA	1144.1497054111023	2380.4715712090424	NA	5	0428926d-43e4-4d54-adef-4085ec52caa6
picoeuk	602.6023512309215	NA	NA	NA	3719.2287551284303	NA	1	0428926d-43e4-4d54-adef-4085ec52caa6
picoeuk	38.45185885796446	NA	NA	NA	168.63385087246206	NA	2	0428926d-43e4-4d54-adef-4085ec52caa6
picoeuk	40.0679097697707	NA	NA	NA	15.94997402485293	NA	3	0428926d-43e4-4d54-adef-4085ec52caa6
picoeuk	169.52460656470546	NA	NA	NA	3.2477333832934936	NA	4	0428926d-43e4-4d54-adef-4085ec52caa6
picoeuk	4190.792037328367	NA	NA	NA	2.7812824287789226	NA	5	0428926d-43e4-4d54-adef-4085ec52caa6
picoeuk	3577.0116139561837	NA	NA	NA	3399.3876043283462	NA	6	0428926d-43e4-4d54-adef-4085ec52caa6
prochloro	30.566927828570652	NA	NA	NA	22.057241538030127	NA	1	0428926d-43e4-4d54-adef-4085ec52caa6
prochloro	4.859967501688518	NA	NA	NA	15.216966131833958	NA	2	0428926d-43e4-4d54-adef-4085ec52caa6
prochloro	1.990145940479777	NA	NA	NA	4.608544113303736	NA	3	0428926d-43e4-4d54-adef-4085ec52caa6
prochloro	3.214235616102864	NA	NA	NA	2.5684928728271306	NA	4	0428926d-43e4-4d54-adef-4085ec52caa6
prochloro	11.82280763206902	NA	NA	NA	2.5684928728271306	NA	5	0428926d-43e4-4d54-adef-4085ec52caa6
prochloro	42.967925660366014	NA	NA	NA	3.291744944942769	NA	6	0428926d-43e4-4d54-adef-4085ec52caa6
prochloro	101.63675719204	NA	NA	NA	11.336790111597454	NA	7	0428926d-43e4-4d54-adef-4085ec52caa6
prochloro	102.1593383703267	NA	NA	NA	22.790359786297117	NA	8	0428926d-43e4-4d54-adef-4085ec52caa6
synecho	40.6388041936003	NA	NA	69.26654845985031	NA	NA	1	0428926d-43e4-4d54-adef-4085ec52caa6
synecho	7.779562946244156	NA	NA	14.483690451419408	NA	NA	2	0428926d-43e4-4d54-adef-4085ec52caa6
synecho	3.771215415441965	NA	NA	2.883128953957783	NA	NA	3	0428926d-43e4-4d54-adef-4085ec52caa6
synecho	5.332735756560804	NA	NA	1.6952862133921502	NA	NA	4	0428926d-43e4-4d54-adef-4085ec52caa6
synecho	30.905833456731994	NA	NA	1.8453936391106172	NA	NA	5	0428926d-43e4-4d54-adef-4085ec52caa6
synecho	108.69359005581805	NA	NA	2.209534066681465	NA	NA	6	0428926d-43e4-4d54-adef-4085ec52caa6
synecho	455.8602137871198	NA	NA	38.150642120601596	NA	NA	7	0428926d-43e4-4d54-adef-4085ec52caa6
synecho	160.9079048960542	NA	NA	100.74263902364697	NA	NA	8	0428926d-43e4-4d54-adef-4085ec52caa6
beads	NA	NA	NA	1253.9696144239085	513.2651329926442	NA	1	14519ced-c0a0-4b35-90ae-4f228caa144c
beads	NA	NA	NA	177.28327265161417	53.617895575006635	NA	2	14519ced-c0a0-4b35-90ae-4f228caa144c
beads	NA	NA	NA	124.09794680521232	82.87833630089327	NA	3	14519ced-c0a0-4b35-90ae-4f228caa144c
beads	NA	NA	NA	939.7247182920538	617.5604982056442	NA	4	14519ced-c0a0-4b35-90ae-4f228caa144c
croco	NA	NA	NA	461.9483135313405	988.6074343777865	NA	1	14519ced-c0a0-4b35-90ae-4f228caa144c
croco	NA	NA	NA	119.3548689117187	667.4374570935365	NA	2	14519ced-c0a0-4b35-90ae-4f228caa144c
croco	NA	NA	NA	156.7355427672091	3657.8707561345655	NA	3	14519ced-c0a0-4b35-90ae-4f228caa144c
croco	NA	NA	NA	661.9604030336103	3455.868015674803	NA	4	14519ced-c0a0-4b35-90ae-4f228caa144c
picoeuk	189.07790014356905	NA	NA	NA	3627.3668209447846	NA	1	14519ced-c0a0-4b35-90ae-4f228caa144c
picoeuk	33.309806281488235	NA	NA	NA	77.20069136231028	NA	2	14519ced-c0a0-4b35-90ae-4f228caa144c
picoeuk	57.563939536665316	NA	NA	NA	4.659127401099414	NA	3	14519ced-c0a0-4b35-90ae-4f228caa144c
picoeuk	3694.470729729159	NA	NA	NA	5.345477679422148	NA	4	14519ced-c0a0-4b35-90ae-4f228caa144c
picoeuk	3513.2099472393575	NA	NA	NA	3440.9579469731343	NA	5	14519ced-c0a0-4b35-90ae-4f228caa144c
prochloro	3.469196576484205	NA	NA	NA	6.646301705265614	NA	1	14519ced-c0a0-4b35-90ae-4f228caa144c
prochloro	2.8404608142664305	NA	NA	NA	3.3462568181384595	NA	2	14519ced-c0a0-4b35-90ae-4f228caa144c
prochloro	3.4765358657330485	NA	NA	NA	2.503116167004013	NA	3	14519ced-c0a0-4b35-90ae-4f228caa144c
prochloro	8.106809552241845	NA	NA	NA	2.2236100220442014	NA	4	14519ced-c0a0-4b35-90ae-4f228caa144c
prochloro	26.8207397383198	NA	NA	NA	2.3805857493949523	NA	5	14519ced-c0a0-4b35-90ae-4f228caa144c
prochloro	42.69947289011385	NA	NA	NA	4.088841906572111	NA	6	14519ced-c0a0-4b35-90ae-4f228caa144c
prochloro	57.08797300528494	NA	NA	NA	7.589228311939311	NA	7	14519ced-c0a0-4b35-90ae-4f228caa144c
prochloro	28.963974866689107	NA	NA	NA	13.387526890103258	NA	8	14519ced-c0a0-4b35-90ae-4f228caa144c
prochloro	14.14595094133289	NA	NA	NA	14.646110941713827	NA	9	14519ced-c0a0-4b35-90ae-4f228caa144c
synecho	34.69242470096075	NA	NA	15.380095708192648	NA	NA	1	14519ced-c0a0-4b35-90ae-4f228caa144c
synecho	16.441595373866964	NA	NA	4.588271553811372	NA	NA	2	14519ced-c0a0-4b35-90ae-4f228caa144c
synecho	32.70730600744876	NA	NA	2.2075388085152117	NA	NA	3	14519ced-c0a0-4b35-90ae-4f228caa144c
synecho	55.11656314348759	NA	NA	1.7223333438721586	NA	NA	4	14519ced-c0a0-4b35-90ae-4f228caa144c
synecho	192.97789773659926	NA	NA	2.5634817336451854	NA	NA	5	14519ced-c0a0-4b35-90ae-4f228caa144c
synecho	198.69661640372573	NA	NA	7.586727251256477	NA	NA	6	14519ced-c0a0-4b35-90ae-4f228caa144c
beads	246.7198603563493	NA	NA	189.49795858883724	NA	NA	1	179f6b5d-f1b9-4e83-af80-29155ee1ee09
beads	449.4254785995577	NA	NA	276.26013139329274	NA	NA	2	179f6b5d-f1b9-4e83-af80-29155ee1ee09
beads	533.4245479864933	NA	NA	183.11396817948955	NA	NA	3	179f6b5d-f1b9-4e83-af80-29155ee1ee09
beads	441.79028223202806	NA	NA	121.37373993608836	NA	NA	4	179f6b5d-f1b9-4e83-af80-29155ee1ee09
beads	330.1491128854933	NA	NA	77.74007095262193	NA	NA	5	179f6b5d-f1b9-4e83-af80-29155ee1ee09
beads	211.4610250469193	NA	NA	89.16146163399465	NA	NA	6	179f6b5d-f1b9-4e83-af80-29155ee1ee09
beads	194.0987233716458	NA	NA	146.54856606564005	NA	NA	7	179f6b5d-f1b9-4e83-af80-29155ee1ee09
beads	335.85488190945426	NA	NA	253.57740893398028	NA	NA	8	179f6b5d-f1b9-4e83-af80-29155ee1ee09
beads	481.3088118960784	NA	NA	257.9598351426298	NA	NA	9	179f6b5d-f1b9-4e83-af80-29155ee1ee09
beads	524.3623088276704	NA	NA	186.2786170206193	NA	NA	10	179f6b5d-f1b9-4e83-af80-29155ee1ee09
beads	449.4254785995577	NA	NA	125.60525105128158	NA	NA	11	179f6b5d-f1b9-4e83-af80-29155ee1ee09
beads	242.52838775123544	NA	NA	100.52356799912214	NA	NA	12	179f6b5d-f1b9-4e83-af80-29155ee1ee09
beads	218.8332925438864	NA	NA	149.08127700178372	NA	NA	13	179f6b5d-f1b9-4e83-af80-29155ee1ee09
beads	297.8934469200402	NA	NA	217.3385585760012	NA	NA	14	179f6b5d-f1b9-4e83-af80-29155ee1ee09
picoeuk	561.5618425803657	NA	NA	NA	2744.6270871517954	NA	1	179f6b5d-f1b9-4e83-af80-29155ee1ee09
picoeuk	42.240245646175616	NA	NA	NA	454.069789512697	NA	2	179f6b5d-f1b9-4e83-af80-29155ee1ee09
picoeuk	9.84456010062996	NA	NA	NA	89.16146163399465	NA	3	179f6b5d-f1b9-4e83-af80-29155ee1ee09
picoeuk	7.231839178541186	NA	NA	NA	20.08001334794829	NA	4	179f6b5d-f1b9-4e83-af80-29155ee1ee09
picoeuk	3.461488826650166	NA	NA	NA	7.060421301959588	NA	5	179f6b5d-f1b9-4e83-af80-29155ee1ee09
picoeuk	5.404340895103635	NA	NA	NA	2.997464685117457	NA	6	179f6b5d-f1b9-4e83-af80-29155ee1ee09
picoeuk	16.180826781604395	NA	NA	NA	2.318094372665368	NA	7	179f6b5d-f1b9-4e83-af80-29155ee1ee09
picoeuk	97.80508746235547	NA	NA	NA	2.569095791240245	NA	8	179f6b5d-f1b9-4e83-af80-29155ee1ee09
picoeuk	292.83259685225573	NA	NA	NA	6.480715587528526	NA	9	179f6b5d-f1b9-4e83-af80-29155ee1ee09
picoeuk	1543.2913047621446	NA	NA	NA	29.779623741082595	NA	10	179f6b5d-f1b9-4e83-af80-29155ee1ee09
picoeuk	4098.407773007787	NA	NA	NA	149.08127700178372	NA	11	179f6b5d-f1b9-4e83-af80-29155ee1ee09
picoeuk	3573.4105882459603	NA	NA	NA	673.4072955814206	NA	12	179f6b5d-f1b9-4e83-af80-29155ee1ee09
picoeuk	3453.026078070204	NA	NA	NA	2840.3143423394367	NA	13	179f6b5d-f1b9-4e83-af80-29155ee1ee09
picoeuk	923.0006022686622	NA	NA	NA	3202.263923208059	NA	14	179f6b5d-f1b9-4e83-af80-29155ee1ee09
prochloro	4.553312183447948	NA	NA	NA	6.592717906508696	NA	1	179f6b5d-f1b9-4e83-af80-29155ee1ee09
prochloro	9.35129423622275	NA	NA	NA	8.974536913059001	NA	2	179f6b5d-f1b9-4e83-af80-29155ee1ee09
prochloro	17.628215981581988	NA	NA	NA	8.822070364316893	NA	3	179f6b5d-f1b9-4e83-af80-29155ee1ee09
prochloro	29.4750321678834	NA	NA	NA	7.182442326970809	NA	4	179f6b5d-f1b9-4e83-af80-29155ee1ee09
prochloro	41.5226348620113	NA	NA	NA	5.948607417347517	NA	5	179f6b5d-f1b9-4e83-af80-29155ee1ee09
prochloro	40.1237802004417	NA	NA	NA	3.94292547331676	NA	6	179f6b5d-f1b9-4e83-af80-29155ee1ee09
prochloro	21.65243446548928	NA	NA	NA	2.751353676658852	NA	7	179f6b5d-f1b9-4e83-af80-29155ee1ee09
prochloro	9.35129423622275	NA	NA	NA	2.2400001686261164	NA	8	179f6b5d-f1b9-4e83-af80-29155ee1ee09
prochloro	4.038654592479643	NA	NA	NA	2.2400001686261164	NA	9	179f6b5d-f1b9-4e83-af80-29155ee1ee09
prochloro	2.676948225592647	NA	NA	NA	2.997464685117457	NA	10	179f6b5d-f1b9-4e83-af80-29155ee1ee09
prochloro	2.676948225592647	NA	NA	NA	6.70665589436485	NA	11	179f6b5d-f1b9-4e83-af80-29155ee1ee09
synecho	8.153413639706738	NA	NA	6.262386976156727	NA	NA	1	179f6b5d-f1b9-4e83-af80-29155ee1ee09
synecho	12.300880953010475	NA	NA	17.210370496238358	NA	NA	2	179f6b5d-f1b9-4e83-af80-29155ee1ee09
synecho	32.666565253817346	NA	NA	28.287503047398488	NA	NA	3	179f6b5d-f1b9-4e83-af80-29155ee1ee09
synecho	59.50549218938355	NA	NA	41.23901580184531	NA	NA	4	179f6b5d-f1b9-4e83-af80-29155ee1ee09
synecho	158.0244578409068	NA	NA	39.84971597333823	NA	NA	5	179f6b5d-f1b9-4e83-af80-29155ee1ee09
synecho	204.33712162387775	NA	NA	30.81784509714376	NA	NA	6	179f6b5d-f1b9-4e83-af80-29155ee1ee09
synecho	200.86568058845725	NA	NA	10.470943728100876	NA	NA	7	179f6b5d-f1b9-4e83-af80-29155ee1ee09
synecho	197.45321514575625	NA	NA	3.101966739179169	NA	NA	8	179f6b5d-f1b9-4e83-af80-29155ee1ee09
synecho	147.55644575840316	NA	NA	2.1277640089444905	NA	NA	9	179f6b5d-f1b9-4e83-af80-29155ee1ee09
synecho	47.62304394406688	NA	NA	1.6739482471161835	NA	NA	10	179f6b5d-f1b9-4e83-af80-29155ee1ee09
synecho	10.542957066961463	NA	NA	1.7028780902789664	NA	NA	11	179f6b5d-f1b9-4e83-af80-29155ee1ee09
synecho	5.787737943583244	NA	NA	2.569095791240245	NA	NA	12	179f6b5d-f1b9-4e83-af80-29155ee1ee09
beads	371.061896794752	NA	NA	425.88293427256593	NA	NA	1	29f7a395-66c2-4a48-ad41-399b4bbedd26
beads	590.0665514982995	NA	NA	431.7331275332241	NA	NA	2	29f7a395-66c2-4a48-ad41-399b4bbedd26
beads	775.1820797556969	NA	NA	306.96366020036487	NA	NA	3	29f7a395-66c2-4a48-ad41-399b4bbedd26
beads	724.065812832226	NA	NA	250.1554212333661	NA	NA	4	29f7a395-66c2-4a48-ad41-399b4bbedd26
beads	437.0669795481203	NA	NA	250.1554212333661	NA	NA	5	29f7a395-66c2-4a48-ad41-399b4bbedd26
beads	290.2644877588048	NA	NA	218.25216244577788	NA	NA	6	29f7a395-66c2-4a48-ad41-399b4bbedd26
beads	306.5451512207643	NA	NA	403.2642215006584	NA	NA	7	29f7a395-66c2-4a48-ad41-399b4bbedd26
picoeuk	20.29515221941513	NA	NA	NA	306.96366020036487	NA	1	29f7a395-66c2-4a48-ad41-399b4bbedd26
picoeuk	18.19664079105205	NA	NA	NA	63.928760178902216	NA	2	29f7a395-66c2-4a48-ad41-399b4bbedd26
picoeuk	22.32894827156985	NA	NA	NA	25.280578548169814	NA	3	29f7a395-66c2-4a48-ad41-399b4bbedd26
picoeuk	25.59290775393944	NA	NA	NA	15.682208930430225	NA	4	29f7a395-66c2-4a48-ad41-399b4bbedd26
picoeuk	50.6263304952254	NA	NA	NA	10.999012355096198	NA	5	29f7a395-66c2-4a48-ad41-399b4bbedd26
picoeuk	62.976516152881125	NA	NA	NA	7.108031208943236	NA	6	29f7a395-66c2-4a48-ad41-399b4bbedd26
picoeuk	86.18997772047264	NA	NA	NA	4.469867909254596	NA	7	29f7a395-66c2-4a48-ad41-399b4bbedd26
picoeuk	346.59371124579314	NA	NA	NA	3.3563467756281065	NA	8	29f7a395-66c2-4a48-ad41-399b4bbedd26
picoeuk	1664.2223923740114	NA	NA	NA	3.4491898406860404	NA	9	29f7a395-66c2-4a48-ad41-399b4bbedd26
picoeuk	2471.9536083830703	NA	NA	NA	10.849970403367047	NA	10	29f7a395-66c2-4a48-ad41-399b4bbedd26
picoeuk	2575.2282337081792	NA	NA	NA	76.33488483840837	NA	11	29f7a395-66c2-4a48-ad41-399b4bbedd26
picoeuk	3621.9640420138935	NA	NA	NA	437.6636826924996	NA	12	29f7a395-66c2-4a48-ad41-399b4bbedd26
picoeuk	3292.0633194136544	NA	NA	NA	2543.800816525156	NA	13	29f7a395-66c2-4a48-ad41-399b4bbedd26
picoeuk	1451.9778709391687	NA	NA	NA	2996.2961679831965	NA	14	29f7a395-66c2-4a48-ad41-399b4bbedd26
picoeuk	36.48994233091719	NA	NA	NA	1091.7536368390192	NA	15	29f7a395-66c2-4a48-ad41-399b4bbedd26
prochloro	3.0464801818025817	NA	NA	NA	3.178090645664789	NA	1	29f7a395-66c2-4a48-ad41-399b4bbedd26
prochloro	4.112930372691872	NA	NA	NA	6.201517338441826	NA	2	29f7a395-66c2-4a48-ad41-399b4bbedd26
prochloro	8.710314935748368	NA	NA	NA	10.702948042366428	NA	3	29f7a395-66c2-4a48-ad41-399b4bbedd26
prochloro	17.466899156787083	NA	NA	NA	10.557917905660489	NA	4	29f7a395-66c2-4a48-ad41-399b4bbedd26
prochloro	32.27356563874687	NA	NA	NA	9.997185147055331	NA	5	29f7a395-66c2-4a48-ad41-399b4bbedd26
prochloro	34.083759730827815	NA	NA	NA	6.117483770884711	NA	6	29f7a395-66c2-4a48-ad41-399b4bbedd26
prochloro	33.62190825648191	NA	NA	NA	3.593291974020582	NA	7	29f7a395-66c2-4a48-ad41-399b4bbedd26
prochloro	24.233664208590422	NA	NA	NA	2.198809466042144	NA	8	29f7a395-66c2-4a48-ad41-399b4bbedd26
prochloro	14.234386941290486	NA	NA	NA	1.8923919758338132	NA	9	29f7a395-66c2-4a48-ad41-399b4bbedd26
prochloro	8.951259149894247	NA	NA	NA	1.8414537905083848	NA	10	29f7a395-66c2-4a48-ad41-399b4bbedd26
prochloro	5.04694303695686	NA	NA	NA	1.8667491467861528	NA	11	29f7a395-66c2-4a48-ad41-399b4bbedd26
prochloro	2.845592289503567	NA	NA	NA	1.9447392102147336	NA	12	29f7a395-66c2-4a48-ad41-399b4bbedd26
synecho	29.73693006075572	NA	NA	28.58335715491641	NA	NA	1	29f7a395-66c2-4a48-ad41-399b4bbedd26
synecho	131.56367492553912	NA	NA	26.336764339323075	NA	NA	2	29f7a395-66c2-4a48-ad41-399b4bbedd26
synecho	249.81436363060752	NA	NA	6.201517338441826	NA	NA	3	29f7a395-66c2-4a48-ad41-399b4bbedd26
synecho	192.7701629187139	NA	NA	2.0820303332095333	NA	NA	4	29f7a395-66c2-4a48-ad41-399b4bbedd26
synecho	32.27356563874687	NA	NA	1.6066062843687168	NA	NA	5	29f7a395-66c2-4a48-ad41-399b4bbedd26
synecho	17.466899156787083	NA	NA	2.4523852136906528	NA	NA	6	29f7a395-66c2-4a48-ad41-399b4bbedd26
synecho	19.21727334291783	NA	NA	8.25896881129024	NA	NA	7	29f7a395-66c2-4a48-ad41-399b4bbedd26
synecho	20.29515221941513	NA	NA	13.870145222124828	NA	NA	8	29f7a395-66c2-4a48-ad41-399b4bbedd26
beads	NA	NA	NA	204.11214932136977	58.160008477321526	NA	1	2a9449d8-ea38-4f03-bd38-3cbf90738e6a
beads	NA	NA	NA	118.26826940306417	37.85357791333431	NA	2	2a9449d8-ea38-4f03-bd38-3cbf90738e6a
beads	NA	NA	NA	88.9647438713686	51.1070309293318	NA	3	2a9449d8-ea38-4f03-bd38-3cbf90738e6a
beads	NA	NA	NA	125.95132736093825	106.4764594396383	NA	4	2a9449d8-ea38-4f03-bd38-3cbf90738e6a
beads	NA	NA	NA	240.16210858932965	160.4307707636696	NA	5	2a9449d8-ea38-4f03-bd38-3cbf90738e6a
beads	NA	NA	NA	290.62404119490503	97.67234072449271	NA	6	2a9449d8-ea38-4f03-bd38-3cbf90738e6a
croco	NA	NA	NA	686.3390002494341	1274.211669368332	NA	1	2a9449d8-ea38-4f03-bd38-3cbf90738e6a
croco	NA	NA	NA	334.5087707927202	622.7821717137969	NA	2	2a9449d8-ea38-4f03-bd38-3cbf90738e6a
croco	NA	NA	NA	174.4855394687471	620.9176194286208	NA	3	2a9449d8-ea38-4f03-bd38-3cbf90738e6a
croco	NA	NA	NA	138.66909679694285	829.0238807046255	NA	4	2a9449d8-ea38-4f03-bd38-3cbf90738e6a
croco	NA	NA	NA	192.66909229220903	2188.112684969325	NA	5	2a9449d8-ea38-4f03-bd38-3cbf90738e6a
croco	NA	NA	NA	550.9749346793996	3402.5698737802845	NA	6	2a9449d8-ea38-4f03-bd38-3cbf90738e6a
croco	NA	NA	NA	1038.9848448172115	2227.8516942755828	NA	7	2a9449d8-ea38-4f03-bd38-3cbf90738e6a
picoeuk	28.259304586656583	NA	NA	NA	1882.93817510207	NA	1	2a9449d8-ea38-4f03-bd38-3cbf90738e6a
picoeuk	4.293744831065126	NA	NA	NA	260.9673750526576	NA	2	2a9449d8-ea38-4f03-bd38-3cbf90738e6a
picoeuk	6.3287572593196915	NA	NA	NA	33.86693118305085	NA	3	2a9449d8-ea38-4f03-bd38-3cbf90738e6a
picoeuk	10.313734951083777	NA	NA	NA	13.426956706233677	NA	4	2a9449d8-ea38-4f03-bd38-3cbf90738e6a
picoeuk	91.71621011748098	NA	NA	NA	8.77682848677273	NA	5	2a9449d8-ea38-4f03-bd38-3cbf90738e6a
picoeuk	938.98716006577	NA	NA	NA	15.838158097500925	NA	6	2a9449d8-ea38-4f03-bd38-3cbf90738e6a
picoeuk	3559.759261887083	NA	NA	NA	94.69214984324141	NA	7	2a9449d8-ea38-4f03-bd38-3cbf90738e6a
picoeuk	3588.053676760434	NA	NA	NA	3473.194961033091	NA	8	2a9449d8-ea38-4f03-bd38-3cbf90738e6a
picoeuk	141.41876821175504	NA	NA	NA	3814.9870330894532	NA	9	2a9449d8-ea38-4f03-bd38-3cbf90738e6a
prochloro	7.771052320741345	NA	NA	NA	2.5649940786370773	NA	1	2a9449d8-ea38-4f03-bd38-3cbf90738e6a
prochloro	21.36806984148504	NA	NA	NA	2.6066094473367842	NA	2	2a9449d8-ea38-4f03-bd38-3cbf90738e6a
prochloro	57.78861394477806	NA	NA	NA	5.030631458341749	NA	3	2a9449d8-ea38-4f03-bd38-3cbf90738e6a
prochloro	72.4513897870832	NA	NA	NA	13.920443128550868	NA	4	2a9449d8-ea38-4f03-bd38-3cbf90738e6a
prochloro	64.84919508690935	NA	NA	NA	22.777449537178825	NA	5	2a9449d8-ea38-4f03-bd38-3cbf90738e6a
prochloro	16.494521704887326	NA	NA	NA	18.269173504971956	NA	6	2a9449d8-ea38-4f03-bd38-3cbf90738e6a
prochloro	4.463039303768556	NA	NA	NA	12.550284762546102	NA	7	2a9449d8-ea38-4f03-bd38-3cbf90738e6a
prochloro	3.123970503068757	NA	NA	NA	4.717184104558307	NA	8	2a9449d8-ea38-4f03-bd38-3cbf90738e6a
prochloro	3.7468508308302453	NA	NA	NA	2.7961652042189127	NA	9	2a9449d8-ea38-4f03-bd38-3cbf90738e6a
synecho	20.682321234005087	NA	NA	66.19537593227692	NA	NA	1	2a9449d8-ea38-4f03-bd38-3cbf90738e6a
synecho	3.938242083154446	NA	NA	8.512949225016417	NA	NA	2	2a9449d8-ea38-4f03-bd38-3cbf90738e6a
synecho	5.31581964105259	NA	NA	3.4106775058372545	NA	NA	3	2a9449d8-ea38-4f03-bd38-3cbf90738e6a
synecho	22.31039009289931	NA	NA	2.0826819727914048	NA	NA	4	2a9449d8-ea38-4f03-bd38-3cbf90738e6a
synecho	202.248545499756	NA	NA	2.5345579438664814	NA	NA	5	2a9449d8-ea38-4f03-bd38-3cbf90738e6a
synecho	349.16543719022894	NA	NA	4.107406047965584	NA	NA	6	2a9449d8-ea38-4f03-bd38-3cbf90738e6a
synecho	448.39148043511386	NA	NA	32.657677897255546	NA	NA	7	2a9449d8-ea38-4f03-bd38-3cbf90738e6a
synecho	422.0184717638535	NA	NA	81.07206821350748	NA	NA	8	2a9449d8-ea38-4f03-bd38-3cbf90738e6a
synecho	146.1158495933734	NA	NA	135.84112240199545	NA	NA	9	2a9449d8-ea38-4f03-bd38-3cbf90738e6a
synecho	46.42132980879509	NA	NA	136.3497680977976	NA	NA	10	2a9449d8-ea38-4f03-bd38-3cbf90738e6a
beads	NA	NA	NA	134.70168825852593	40.32672072303284	NA	1	2b30718f-6dae-420d-b5a9-46a1fb323e19
beads	NA	NA	NA	79.16087618472082	42.67509723528841	NA	2	2b30718f-6dae-420d-b5a9-46a1fb323e19
beads	NA	NA	NA	84.88326445206224	69.78475116180614	NA	3	2b30718f-6dae-420d-b5a9-46a1fb323e19
beads	NA	NA	NA	992.3009363423686	681.3206459453002	NA	4	2b30718f-6dae-420d-b5a9-46a1fb323e19
beads	NA	NA	NA	1309.3076540785141	513.6589367311918	NA	5	2b30718f-6dae-420d-b5a9-46a1fb323e19
croco	NA	NA	NA	709.3444880560983	1234.1533761930814	NA	1	2b30718f-6dae-420d-b5a9-46a1fb323e19
croco	NA	NA	NA	166.62553306706866	555.1297184602922	NA	2	2b30718f-6dae-420d-b5a9-46a1fb323e19
croco	NA	NA	NA	83.2999357522881	1159.94958699748	NA	3	2b30718f-6dae-420d-b5a9-46a1fb323e19
croco	NA	NA	NA	219.78616422046335	3835.7767329844255	NA	4	2b30718f-6dae-420d-b5a9-46a1fb323e19
croco	NA	NA	NA	958.9417743618784	3291.539780593515	NA	5	2b30718f-6dae-420d-b5a9-46a1fb323e19
picoeuk	3413.7544903464673	NA	NA	NA	2.659296065931833	NA	1	2b30718f-6dae-420d-b5a9-46a1fb323e19
picoeuk	113.7609571260907	NA	NA	NA	4.573414016267832	NA	2	2b30718f-6dae-420d-b5a9-46a1fb323e19
picoeuk	35.957286355005486	NA	NA	NA	67.99681870461774	NA	3	2b30718f-6dae-420d-b5a9-46a1fb323e19
picoeuk	189.58061116173133	NA	NA	NA	3513.7345146018038	NA	4	2b30718f-6dae-420d-b5a9-46a1fb323e19
picoeuk	3706.555692834739	NA	NA	NA	3627.4341289304466	NA	5	2b30718f-6dae-420d-b5a9-46a1fb323e19
prochloro	28.095592797023443	NA	NA	NA	12.24293831830192	NA	1	2b30718f-6dae-420d-b5a9-46a1fb323e19
prochloro	64.57616838637982	NA	NA	NA	7.564321169327876	NA	2	2b30718f-6dae-420d-b5a9-46a1fb323e19
prochloro	62.17347754532835	NA	NA	NA	4.116499580018052	NA	3	2b30718f-6dae-420d-b5a9-46a1fb323e19
prochloro	15.017126097059185	NA	NA	NA	2.6284603697795936	NA	4	2b30718f-6dae-420d-b5a9-46a1fb323e19
prochloro	3.424342523949364	NA	NA	NA	2.8972291911126695	NA	5	2b30718f-6dae-420d-b5a9-46a1fb323e19
prochloro	2.5064263858583162	NA	NA	NA	6.709830677625243	NA	6	2b30718f-6dae-420d-b5a9-46a1fb323e19
prochloro	7.0503422304541665	NA	NA	NA	12.379608501603832	NA	7	2b30718f-6dae-420d-b5a9-46a1fb323e19
synecho	16.468609001470245	NA	NA	34.42818564476709	NA	NA	1	2b30718f-6dae-420d-b5a9-46a1fb323e19
synecho	5.815503860733862	NA	NA	9.57929680859152	NA	NA	2	2b30718f-6dae-420d-b5a9-46a1fb323e19
synecho	7.022076749412498	NA	NA	3.3429709348315644	NA	NA	3	2b30718f-6dae-420d-b5a9-46a1fb323e19
synecho	13.13277913034264	NA	NA	2.134072927063493	NA	NA	4	2b30718f-6dae-420d-b5a9-46a1fb323e19
synecho	38.37893720684881	NA	NA	1.951296032081408	NA	NA	5	2b30718f-6dae-420d-b5a9-46a1fb323e19
synecho	167.62215921822477	NA	NA	2.4022188783282843	NA	NA	6	2b30718f-6dae-420d-b5a9-46a1fb323e19
synecho	327.02139968395056	NA	NA	6.863600062116932	NA	NA	7	2b30718f-6dae-420d-b5a9-46a1fb323e19
synecho	249.88593590847438	NA	NA	38.481048651349205	NA	NA	8	2b30718f-6dae-420d-b5a9-46a1fb323e19
synecho	132.07021885399317	NA	NA	58.417344201300445	NA	NA	9	2b30718f-6dae-420d-b5a9-46a1fb323e19
beads	315.4165660038004	NA	NA	179.63074233728656	NA	NA	1	2d6a86a5-439e-494f-9c8f-8d0b7df742d2
beads	427.22143335167925	NA	NA	239.237207326664	NA	NA	2	2d6a86a5-439e-494f-9c8f-8d0b7df742d2
beads	629.5408799857996	NA	NA	231.30646741199712	NA	NA	3	2d6a86a5-439e-494f-9c8f-8d0b7df742d2
beads	514.2546741162593	NA	NA	141.87112984619822	NA	NA	4	2d6a86a5-439e-494f-9c8f-8d0b7df742d2
beads	367.0867982249	NA	NA	94.66787950151496	NA	NA	5	2d6a86a5-439e-494f-9c8f-8d0b7df742d2
beads	275.6263325600485	NA	NA	96.27712730185566	NA	NA	6	2d6a86a5-439e-494f-9c8f-8d0b7df742d2
beads	210.4714151187792	NA	NA	128.22454979271447	NA	NA	7	2d6a86a5-439e-494f-9c8f-8d0b7df742d2
picoeuk	367.0867982249	NA	NA	NA	3317.5897598143097	NA	1	2d6a86a5-439e-494f-9c8f-8d0b7df742d2
picoeuk	4.743363979800652	NA	NA	NA	18.45511104882108	NA	2	2d6a86a5-439e-494f-9c8f-8d0b7df742d2
picoeuk	8.556635742458583	NA	NA	NA	4.791579914606507	NA	3	2d6a86a5-439e-494f-9c8f-8d0b7df742d2
picoeuk	17.078215210042014	NA	NA	NA	2.6562083811166515	NA	4	2d6a86a5-439e-494f-9c8f-8d0b7df742d2
picoeuk	133.51815445431248	NA	NA	NA	3.980645664825837	NA	5	2d6a86a5-439e-494f-9c8f-8d0b7df742d2
picoeuk	1214.8493515663251	NA	NA	NA	13.173682159406376	NA	6	2d6a86a5-439e-494f-9c8f-8d0b7df742d2
picoeuk	3513.2762006875346	NA	NA	NA	71.08117362001414	NA	7	2d6a86a5-439e-494f-9c8f-8d0b7df742d2
picoeuk	3758.3237644847177	NA	NA	NA	1206.6858958396776	NA	8	2d6a86a5-439e-494f-9c8f-8d0b7df742d2
picoeuk	3633.7349155163433	NA	NA	NA	3993.446741189904	NA	9	2d6a86a5-439e-494f-9c8f-8d0b7df742d2
prochloro	4.509465088578457	NA	NA	NA	11.511804043498383	NA	1	2d6a86a5-439e-494f-9c8f-8d0b7df742d2
prochloro	9.958348282309348	NA	NA	NA	16.96345426986655	NA	2	2d6a86a5-439e-494f-9c8f-8d0b7df742d2
prochloro	27.378884927684084	NA	NA	NA	20.41923687909931	NA	3	2d6a86a5-439e-494f-9c8f-8d0b7df742d2
prochloro	58.45707627955535	NA	NA	NA	18.45511104882108	NA	4	2d6a86a5-439e-494f-9c8f-8d0b7df742d2
prochloro	51.082635738678135	NA	NA	NA	8.790545029210257	NA	5	2d6a86a5-439e-494f-9c8f-8d0b7df742d2
prochloro	11.018187425864122	NA	NA	NA	2.841476306423219	NA	6	2d6a86a5-439e-494f-9c8f-8d0b7df742d2
prochloro	3.502014320951109	NA	NA	NA	2.7472810522161253	NA	7	2d6a86a5-439e-494f-9c8f-8d0b7df742d2
prochloro	3.2736784639285297	NA	NA	NA	5.671311171344498	NA	8	2d6a86a5-439e-494f-9c8f-8d0b7df742d2
synecho	8.85001471009942	NA	NA	10.230575617216376	NA	NA	1	2d6a86a5-439e-494f-9c8f-8d0b7df742d2
synecho	22.74524093043352	NA	NA	30.08918408577343	NA	NA	2	2d6a86a5-439e-494f-9c8f-8d0b7df742d2
synecho	64.6784993411388	NA	NA	59.05128802270608	NA	NA	3	2d6a86a5-439e-494f-9c8f-8d0b7df742d2
synecho	177.82318317809168	NA	NA	51.601886853493575	NA	NA	4	2d6a86a5-439e-494f-9c8f-8d0b7df742d2
synecho	200.09290930731535	NA	NA	36.21893085995072	NA	NA	5	2d6a86a5-439e-494f-9c8f-8d0b7df742d2
synecho	160.71837610962146	NA	NA	11.319387154314825	NA	NA	6	2d6a86a5-439e-494f-9c8f-8d0b7df742d2
synecho	90.60859927909522	NA	NA	5.125787906731948	NA	NA	7	2d6a86a5-439e-494f-9c8f-8d0b7df742d2
synecho	43.15872009057541	NA	NA	2.79398174957489	NA	NA	8	2d6a86a5-439e-494f-9c8f-8d0b7df742d2
synecho	23.52510062105947	NA	NA	2.13351637046854	NA	NA	9	2d6a86a5-439e-494f-9c8f-8d0b7df742d2
synecho	14.42905009184407	NA	NA	2.1697837564525297	NA	NA	10	2d6a86a5-439e-494f-9c8f-8d0b7df742d2
synecho	11.395964925054995	NA	NA	2.441517110631904	NA	NA	11	2d6a86a5-439e-494f-9c8f-8d0b7df742d2
synecho	9.958348282309348	NA	NA	4.404294644817694	NA	NA	12	2d6a86a5-439e-494f-9c8f-8d0b7df742d2
synecho	7.998732040067757	NA	NA	7.060730573132425	NA	NA	13	2d6a86a5-439e-494f-9c8f-8d0b7df742d2
synecho	14.42905009184407	NA	NA	25.421763284787293	NA	NA	14	2d6a86a5-439e-494f-9c8f-8d0b7df742d2
synecho	48.56371205690613	NA	NA	67.57610680091831	NA	NA	15	2d6a86a5-439e-494f-9c8f-8d0b7df742d2
synecho	183.9201567403209	NA	NA	61.07596295797273	NA	NA	16	2d6a86a5-439e-494f-9c8f-8d0b7df742d2
synecho	187.04659317505627	NA	NA	16.12697341747643	NA	NA	17	2d6a86a5-439e-494f-9c8f-8d0b7df742d2
synecho	31.33138181934016	NA	NA	2.441517110631904	NA	NA	18	2d6a86a5-439e-494f-9c8f-8d0b7df742d2
synecho	18.2694039444791	NA	NA	1.9282934898403208	NA	NA	19	2d6a86a5-439e-494f-9c8f-8d0b7df742d2
synecho	9.628227934019112	NA	NA	2.1697837564525297	NA	NA	20	2d6a86a5-439e-494f-9c8f-8d0b7df742d2
beads	371.061896794752	NA	NA	425.88293427256593	NA	NA	1	3011eebb-f941-47b0-8efb-8e374f4e43fc
beads	590.0665514982995	NA	NA	431.7331275332241	NA	NA	2	3011eebb-f941-47b0-8efb-8e374f4e43fc
beads	775.1820797556969	NA	NA	306.96366020036487	NA	NA	3	3011eebb-f941-47b0-8efb-8e374f4e43fc
beads	724.065812832226	NA	NA	250.1554212333661	NA	NA	4	3011eebb-f941-47b0-8efb-8e374f4e43fc
beads	437.0669795481203	NA	NA	250.1554212333661	NA	NA	5	3011eebb-f941-47b0-8efb-8e374f4e43fc
beads	290.2644877588048	NA	NA	218.25216244577788	NA	NA	6	3011eebb-f941-47b0-8efb-8e374f4e43fc
beads	306.5451512207643	NA	NA	403.2642215006584	NA	NA	7	3011eebb-f941-47b0-8efb-8e374f4e43fc
picoeuk	20.29515221941513	NA	NA	NA	306.96366020036487	NA	1	3011eebb-f941-47b0-8efb-8e374f4e43fc
picoeuk	18.19664079105205	NA	NA	NA	63.928760178902216	NA	2	3011eebb-f941-47b0-8efb-8e374f4e43fc
picoeuk	22.32894827156985	NA	NA	NA	25.280578548169814	NA	3	3011eebb-f941-47b0-8efb-8e374f4e43fc
picoeuk	25.59290775393944	NA	NA	NA	15.682208930430225	NA	4	3011eebb-f941-47b0-8efb-8e374f4e43fc
picoeuk	50.6263304952254	NA	NA	NA	10.999012355096198	NA	5	3011eebb-f941-47b0-8efb-8e374f4e43fc
picoeuk	62.976516152881125	NA	NA	NA	7.108031208943236	NA	6	3011eebb-f941-47b0-8efb-8e374f4e43fc
picoeuk	86.18997772047264	NA	NA	NA	4.469867909254596	NA	7	3011eebb-f941-47b0-8efb-8e374f4e43fc
picoeuk	346.59371124579314	NA	NA	NA	3.3563467756281065	NA	8	3011eebb-f941-47b0-8efb-8e374f4e43fc
picoeuk	1664.2223923740114	NA	NA	NA	3.4491898406860404	NA	9	3011eebb-f941-47b0-8efb-8e374f4e43fc
picoeuk	2471.9536083830703	NA	NA	NA	10.849970403367047	NA	10	3011eebb-f941-47b0-8efb-8e374f4e43fc
picoeuk	2575.2282337081792	NA	NA	NA	76.33488483840837	NA	11	3011eebb-f941-47b0-8efb-8e374f4e43fc
picoeuk	3621.9640420138935	NA	NA	NA	437.6636826924996	NA	12	3011eebb-f941-47b0-8efb-8e374f4e43fc
picoeuk	3292.0633194136544	NA	NA	NA	2543.800816525156	NA	13	3011eebb-f941-47b0-8efb-8e374f4e43fc
picoeuk	1451.9778709391687	NA	NA	NA	2996.2961679831965	NA	14	3011eebb-f941-47b0-8efb-8e374f4e43fc
picoeuk	36.48994233091719	NA	NA	NA	1091.7536368390192	NA	15	3011eebb-f941-47b0-8efb-8e374f4e43fc
prochloro	3.0464801818025817	NA	NA	NA	3.178090645664789	NA	1	3011eebb-f941-47b0-8efb-8e374f4e43fc
prochloro	4.112930372691872	NA	NA	NA	6.201517338441826	NA	2	3011eebb-f941-47b0-8efb-8e374f4e43fc
prochloro	8.710314935748368	NA	NA	NA	10.702948042366428	NA	3	3011eebb-f941-47b0-8efb-8e374f4e43fc
prochloro	17.466899156787083	NA	NA	NA	10.557917905660489	NA	4	3011eebb-f941-47b0-8efb-8e374f4e43fc
prochloro	32.27356563874687	NA	NA	NA	9.997185147055331	NA	5	3011eebb-f941-47b0-8efb-8e374f4e43fc
prochloro	34.083759730827815	NA	NA	NA	6.117483770884711	NA	6	3011eebb-f941-47b0-8efb-8e374f4e43fc
prochloro	33.62190825648191	NA	NA	NA	3.593291974020582	NA	7	3011eebb-f941-47b0-8efb-8e374f4e43fc
prochloro	24.233664208590422	NA	NA	NA	2.198809466042144	NA	8	3011eebb-f941-47b0-8efb-8e374f4e43fc
prochloro	14.234386941290486	NA	NA	NA	1.8923919758338132	NA	9	3011eebb-f941-47b0-8efb-8e374f4e43fc
prochloro	8.951259149894247	NA	NA	NA	1.8414537905083848	NA	10	3011eebb-f941-47b0-8efb-8e374f4e43fc
prochloro	5.04694303695686	NA	NA	NA	1.8667491467861528	NA	11	3011eebb-f941-47b0-8efb-8e374f4e43fc
prochloro	2.845592289503567	NA	NA	NA	1.9447392102147336	NA	12	3011eebb-f941-47b0-8efb-8e374f4e43fc
synecho	29.73693006075572	NA	NA	28.58335715491641	NA	NA	1	3011eebb-f941-47b0-8efb-8e374f4e43fc
synecho	131.56367492553912	NA	NA	26.336764339323075	NA	NA	2	3011eebb-f941-47b0-8efb-8e374f4e43fc
synecho	249.81436363060752	NA	NA	6.201517338441826	NA	NA	3	3011eebb-f941-47b0-8efb-8e374f4e43fc
synecho	192.7701629187139	NA	NA	2.0820303332095333	NA	NA	4	3011eebb-f941-47b0-8efb-8e374f4e43fc
synecho	32.27356563874687	NA	NA	1.6066062843687168	NA	NA	5	3011eebb-f941-47b0-8efb-8e374f4e43fc
synecho	17.466899156787083	NA	NA	2.4523852136906528	NA	NA	6	3011eebb-f941-47b0-8efb-8e374f4e43fc
synecho	19.21727334291783	NA	NA	8.25896881129024	NA	NA	7	3011eebb-f941-47b0-8efb-8e374f4e43fc
synecho	20.29515221941513	NA	NA	13.870145222124828	NA	NA	8	3011eebb-f941-47b0-8efb-8e374f4e43fc
beads	379.6730002252259	NA	NA	223.6386324037076	NA	NA	1	42877c58-8fc6-404a-a9be-68ca08a34295
beads	559.4749139654745	NA	NA	264.69855390056875	NA	NA	2	42877c58-8fc6-404a-a9be-68ca08a34295
beads	568.9853601631236	NA	NA	188.94790759675985	NA	NA	3	42877c58-8fc6-404a-a9be-68ca08a34295
beads	550.1234324674657	NA	NA	132.6209489356315	NA	NA	4	42877c58-8fc6-404a-a9be-68ca08a34295
beads	434.4837186748504	NA	NA	126.08130891623244	NA	NA	5	42877c58-8fc6-404a-a9be-68ca08a34295
beads	337.4165616390372	NA	NA	128.22454979271447	NA	NA	6	42877c58-8fc6-404a-a9be-68ca08a34295
beads	315.4165660038004	NA	NA	182.68426353689475	NA	NA	7	42877c58-8fc6-404a-a9be-68ca08a34295
picoeuk	797.0958977073946	NA	NA	NA	2850.614008757952	NA	1	42877c58-8fc6-404a-a9be-68ca08a34295
picoeuk	45.39729530458972	NA	NA	NA	438.90021269534736	NA	2	42877c58-8fc6-404a-a9be-68ca08a34295
picoeuk	9.79189701275611	NA	NA	NA	67.57610680091831	NA	3	42877c58-8fc6-404a-a9be-68ca08a34295
picoeuk	7.865035259724109	NA	NA	NA	15.85741514101417	NA	4	42877c58-8fc6-404a-a9be-68ca08a34295
picoeuk	14.67432776409755	NA	NA	NA	4.117128945269304	NA	5	42877c58-8fc6-404a-a9be-68ca08a34295
picoeuk	37.71418821549047	NA	NA	NA	2.8897782174822746	NA	6	42877c58-8fc6-404a-a9be-68ca08a34295
picoeuk	912.16702154468	NA	NA	NA	7.302819860170429	NA	7	42877c58-8fc6-404a-a9be-68ca08a34295
picoeuk	2968.29836506547	NA	NA	NA	40.75481676936331	NA	8	42877c58-8fc6-404a-a9be-68ca08a34295
picoeuk	3758.3237644847177	NA	NA	NA	3049.441535621789	NA	9	42877c58-8fc6-404a-a9be-68ca08a34295
prochloro	3.165155660340489	NA	NA	NA	2.7013609451866	NA	1	42877c58-8fc6-404a-a9be-68ca08a34295
prochloro	3.329327327036478	NA	NA	NA	6.066879554439974	NA	2	42877c58-8fc6-404a-a9be-68ca08a34295
prochloro	6.317343774767931	NA	NA	NA	15.075473920621215	NA	3	42877c58-8fc6-404a-a9be-68ca08a34295
prochloro	15.17746232069575	NA	NA	NA	12.314741067128317	NA	4	42877c58-8fc6-404a-a9be-68ca08a34295
prochloro	45.39729530458972	NA	NA	NA	10.761219550904324	NA	5	42877c58-8fc6-404a-a9be-68ca08a34295
prochloro	49.38924070733612	NA	NA	NA	5.865761825398039	NA	6	42877c58-8fc6-404a-a9be-68ca08a34295
prochloro	24.745310744227528	NA	NA	NA	3.36316968660056	NA	7	42877c58-8fc6-404a-a9be-68ca08a34295
prochloro	16.79275716792223	NA	NA	NA	2.4830201638371427	NA	8	42877c58-8fc6-404a-a9be-68ca08a34295
prochloro	7.352224802097491	NA	NA	NA	2.5252287224094565	NA	9	42877c58-8fc6-404a-a9be-68ca08a34295
synecho	12.190822283965884	NA	NA	15.592362462876425	NA	NA	1	42877c58-8fc6-404a-a9be-68ca08a34295
synecho	24.331699141971853	NA	NA	29.09172430142239	NA	NA	2	42877c58-8fc6-404a-a9be-68ca08a34295
synecho	59.45078102833146	NA	NA	58.064260698346	NA	NA	3	42877c58-8fc6-404a-a9be-68ca08a34295
synecho	171.92832496459494	NA	NA	59.05128802270608	NA	NA	4	42877c58-8fc6-404a-a9be-68ca08a34295
synecho	275.6263325600485	NA	NA	36.21893085995072	NA	NA	5	42877c58-8fc6-404a-a9be-68ca08a34295
synecho	187.04659317505627	NA	NA	6.066879554439974	NA	NA	6	42877c58-8fc6-404a-a9be-68ca08a34295
synecho	140.44353200385723	NA	NA	2.400707770450202	NA	NA	7	42877c58-8fc6-404a-a9be-68ca08a34295
synecho	79.17819990912966	NA	NA	2.244178522997656	NA	NA	8	42877c58-8fc6-404a-a9be-68ca08a34295
synecho	11.205484257399563	NA	NA	2.3605805480545325	NA	NA	9	42877c58-8fc6-404a-a9be-68ca08a34295
synecho	5.806736786725952	NA	NA	3.2516802390711863	NA	NA	10	42877c58-8fc6-404a-a9be-68ca08a34295
beads	348.9854685667195	NA	NA	212.6108410774609	NA	NA	1	54c24054-0880-474c-89f6-3de13eb5ab09
beads	472.68941510885975	NA	NA	235.23841799383496	NA	NA	2	54c24054-0880-474c-89f6-3de13eb5ab09
beads	550.1234324674657	NA	NA	209.05710471326992	NA	NA	3	54c24054-0880-474c-89f6-3de13eb5ab09
beads	449.3807399666503	NA	NA	149.22976314652314	NA	NA	4	54c24054-0880-474c-89f6-3de13eb5ab09
beads	386.1270155013516	NA	NA	119.86414352792738	NA	NA	5	54c24054-0880-474c-89f6-3de13eb5ab09
beads	348.9854685667195	NA	NA	106.5236325706842	NA	NA	6	54c24054-0880-474c-89f6-3de13eb5ab09
beads	253.34849926314024	NA	NA	106.5236325706842	NA	NA	7	54c24054-0880-474c-89f6-3de13eb5ab09
beads	232.87129891662892	NA	NA	128.22454979271447	NA	NA	8	54c24054-0880-474c-89f6-3de13eb5ab09
picoeuk	1135.639604711867	NA	NA	NA	3431.3390285789583	NA	1	54c24054-0880-474c-89f6-3de13eb5ab09
picoeuk	61.48915326813435	NA	NA	NA	438.90021269534736	NA	2	54c24054-0880-474c-89f6-3de13eb5ab09
picoeuk	11.395964925054995	NA	NA	NA	76.03901565475684	NA	3	54c24054-0880-474c-89f6-3de13eb5ab09
picoeuk	4.905998368995627	NA	NA	NA	18.14663854145966	NA	4	54c24054-0880-474c-89f6-3de13eb5ab09
picoeuk	7.477204379676349	NA	NA	NA	4.791579914606507	NA	5	54c24054-0880-474c-89f6-3de13eb5ab09
picoeuk	17.964035484335806	NA	NA	NA	3.1438866790731272	NA	6	54c24054-0880-474c-89f6-3de13eb5ab09
picoeuk	89.09409948908096	NA	NA	NA	3.784356994735135	NA	7	54c24054-0880-474c-89f6-3de13eb5ab09
picoeuk	434.4837186748504	NA	NA	NA	9.403676909771182	NA	8	54c24054-0880-474c-89f6-3de13eb5ab09
picoeuk	1617.970078003779	NA	NA	NA	21.47835071451218	NA	9	54c24054-0880-474c-89f6-3de13eb5ab09
picoeuk	3070.071577833165	NA	NA	NA	58.064260698346	NA	10	54c24054-0880-474c-89f6-3de13eb5ab09
picoeuk	3822.211054268877	NA	NA	NA	537.2933685065899	NA	11	54c24054-0880-474c-89f6-3de13eb5ab09
picoeuk	3822.211054268877	NA	NA	NA	3049.441535621789	NA	12	54c24054-0880-474c-89f6-3de13eb5ab09
picoeuk	1851.5450289557143	NA	NA	NA	3262.1370871699	NA	13	54c24054-0880-474c-89f6-3de13eb5ab09
prochloro	3.2736784639285297	NA	NA	NA	2.6562083811166515	NA	1	54c24054-0880-474c-89f6-3de13eb5ab09
prochloro	3.2736784639285297	NA	NA	NA	4.711489869817763	NA	2	54c24054-0880-474c-89f6-3de13eb5ab09
prochloro	5.806736786725952	NA	NA	NA	8.499137488076233	NA	3	54c24054-0880-474c-89f6-3de13eb5ab09
prochloro	13.262804582595365	NA	NA	NA	8.499137488076233	NA	4	54c24054-0880-474c-89f6-3de13eb5ab09
prochloro	37.08380511071493	NA	NA	NA	7.94498274613744	NA	5	54c24054-0880-474c-89f6-3de13eb5ab09
prochloro	28.31761706926441	NA	NA	NA	3.658905141301177	NA	6	54c24054-0880-474c-89f6-3de13eb5ab09
prochloro	17.964035484335806	NA	NA	NA	2.13351637046854	NA	7	54c24054-0880-474c-89f6-3de13eb5ab09
prochloro	10.127629036803024	NA	NA	NA	2.1697837564525297	NA	8	54c24054-0880-474c-89f6-3de13eb5ab09
prochloro	5.806736786725952	NA	NA	NA	2.321124042018852	NA	9	54c24054-0880-474c-89f6-3de13eb5ab09
synecho	5.42813004809288	NA	NA	2.7472810522161253	NA	NA	1	54c24054-0880-474c-89f6-3de13eb5ab09
synecho	10.652933292604388	NA	NA	10.581348491426404	NA	NA	2	54c24054-0880-474c-89f6-3de13eb5ab09
synecho	27.378884927684084	NA	NA	29.58625099396789	NA	NA	3	54c24054-0880-474c-89f6-3de13eb5ab09
synecho	93.71527088648624	NA	NA	31.120843493738715	NA	NA	4	54c24054-0880-474c-89f6-3de13eb5ab09
synecho	200.09290930731535	NA	NA	32.7350329029264	NA	NA	5	54c24054-0880-474c-89f6-3de13eb5ab09
synecho	193.45980720661015	NA	NA	11.319387154314825	NA	NA	6	54c24054-0880-474c-89f6-3de13eb5ab09
synecho	183.9201567403209	NA	NA	3.658905141301177	NA	NA	7	54c24054-0880-474c-89f6-3de13eb5ab09
synecho	158.0320091554243	NA	NA	2.6118105307200903	NA	NA	8	54c24054-0880-474c-89f6-3de13eb5ab09
synecho	135.78781336599977	NA	NA	2.4830201638371427	NA	NA	9	54c24054-0880-474c-89f6-3de13eb5ab09
synecho	86.14062022523656	NA	NA	2.13351637046854	NA	NA	10	54c24054-0880-474c-89f6-3de13eb5ab09
synecho	35.85447286484198	NA	NA	2.06279006653386	NA	NA	11	54c24054-0880-474c-89f6-3de13eb5ab09
synecho	14.42905009184407	NA	NA	2.06279006653386	NA	NA	12	54c24054-0880-474c-89f6-3de13eb5ab09
synecho	10.127629036803024	NA	NA	2.06279006653386	NA	NA	13	54c24054-0880-474c-89f6-3de13eb5ab09
beads	324.5402779896585	NA	NA	228.8028210894982	NA	NA	1	62786b0b-63ea-4d0c-96f0-2cf42bdcbd25
beads	441.79028223202806	NA	NA	228.8028210894982	NA	NA	2	62786b0b-63ea-4d0c-96f0-2cf42bdcbd25
beads	533.4245479864933	NA	NA	210.01664712184595	NA	NA	3	62786b0b-63ea-4d0c-96f0-2cf42bdcbd25
beads	533.4245479864933	NA	NA	146.54856606564005	NA	NA	4	62786b0b-63ea-4d0c-96f0-2cf42bdcbd25
beads	372.22098192187127	NA	NA	104.02816953443902	NA	NA	5	62786b0b-63ea-4d0c-96f0-2cf42bdcbd25
beads	287.85772451803103	NA	NA	93.86458660618764	NA	NA	6	62786b0b-63ea-4d0c-96f0-2cf42bdcbd25
beads	211.4610250469193	NA	NA	105.8260259701606	NA	NA	7	62786b0b-63ea-4d0c-96f0-2cf42bdcbd25
beads	204.33712162387775	NA	NA	151.65775926137485	NA	NA	8	62786b0b-63ea-4d0c-96f0-2cf42bdcbd25
picoeuk	465.0940153781591	NA	NA	NA	3371.1782405463714	NA	1	62786b0b-63ea-4d0c-96f0-2cf42bdcbd25
picoeuk	61.58006080486002	NA	NA	NA	520.7806684594606	NA	2	62786b0b-63ea-4d0c-96f0-2cf42bdcbd25
picoeuk	9.677312908159976	NA	NA	NA	121.37373993608836	NA	3	62786b0b-63ea-4d0c-96f0-2cf42bdcbd25
picoeuk	5.31252766702461	NA	NA	NA	16.630570898356172	NA	4	62786b0b-63ea-4d0c-96f0-2cf42bdcbd25
picoeuk	33.23112190070761	NA	NA	NA	3.3794403947331566	NA	5	62786b0b-63ea-4d0c-96f0-2cf42bdcbd25
picoeuk	116.08517330383005	NA	NA	NA	3.681734313043045	NA	6	62786b0b-63ea-4d0c-96f0-2cf42bdcbd25
picoeuk	419.65419253128624	NA	NA	NA	6.155996580931675	NA	7	62786b0b-63ea-4d0c-96f0-2cf42bdcbd25
picoeuk	1831.73742000448	NA	NA	NA	18.118190105497536	NA	8	62786b0b-63ea-4d0c-96f0-2cf42bdcbd25
picoeuk	4098.407773007787	NA	NA	NA	53.32504792412792	NA	9	62786b0b-63ea-4d0c-96f0-2cf42bdcbd25
picoeuk	3826.9170008004617	NA	NA	NA	1559.2394986010752	NA	10	62786b0b-63ea-4d0c-96f0-2cf42bdcbd25
picoeuk	3573.4105882459603	NA	NA	NA	3672.7331018908817	NA	11	62786b0b-63ea-4d0c-96f0-2cf42bdcbd25
picoeuk	515.4540261728773	NA	NA	NA	3094.3829606573386	NA	12	62786b0b-63ea-4d0c-96f0-2cf42bdcbd25
picoeuk	135.44111847849385	NA	NA	NA	827.1345978171172	NA	13	62786b0b-63ea-4d0c-96f0-2cf42bdcbd25
picoeuk	26.143490547614096	NA	NA	NA	144.0588828309963	NA	14	62786b0b-63ea-4d0c-96f0-2cf42bdcbd25
picoeuk	7.878733559420125	NA	NA	NA	20.427044170354836	NA	15	62786b0b-63ea-4d0c-96f0-2cf42bdcbd25
picoeuk	5.887763945739287	NA	NA	NA	5.0984895186677255	NA	16	62786b0b-63ea-4d0c-96f0-2cf42bdcbd25
picoeuk	13.632810578194904	NA	NA	NA	3.322027781842245	NA	17	62786b0b-63ea-4d0c-96f0-2cf42bdcbd25
picoeuk	37.46586115630996	NA	NA	NA	2.44037015563465	NA	18	62786b0b-63ea-4d0c-96f0-2cf42bdcbd25
picoeuk	88.24950149292766	NA	NA	NA	2.997464685117457	NA	19	62786b0b-63ea-4d0c-96f0-2cf42bdcbd25
picoeuk	278.1600952334486	NA	NA	NA	3.4378452353643003	NA	20	62786b0b-63ea-4d0c-96f0-2cf42bdcbd25
picoeuk	938.95226786453	NA	NA	NA	6.370616052746746	NA	21	62786b0b-63ea-4d0c-96f0-2cf42bdcbd25
picoeuk	1928.3586490045968	NA	NA	NA	9.611212324681444	NA	22	62786b0b-63ea-4d0c-96f0-2cf42bdcbd25
picoeuk	2811.2630748877336	NA	NA	NA	18.74985328782155	NA	23	62786b0b-63ea-4d0c-96f0-2cf42bdcbd25
picoeuk	2811.2630748877336	NA	NA	NA	87.64671603008979	NA	24	62786b0b-63ea-4d0c-96f0-2cf42bdcbd25
picoeuk	3512.7026559140327	NA	NA	NA	486.2826014877241	NA	25	62786b0b-63ea-4d0c-96f0-2cf42bdcbd25
picoeuk	3280.010740075471	NA	NA	NA	2840.3143423394367	NA	26	62786b0b-63ea-4d0c-96f0-2cf42bdcbd25
picoeuk	2909.273492589152	NA	NA	NA	3933.285694417768	NA	27	62786b0b-63ea-4d0c-96f0-2cf42bdcbd25
picoeuk	818.6745101213465	NA	NA	NA	2939.337588361029	NA	28	62786b0b-63ea-4d0c-96f0-2cf42bdcbd25
prochloro	5.404340895103635	NA	NA	NA	15.797289081199278	NA	1	62786b0b-63ea-4d0c-96f0-2cf42bdcbd25
prochloro	11.886476984675742	NA	NA	NA	25.52380563407218	NA	2	62786b0b-63ea-4d0c-96f0-2cf42bdcbd25
prochloro	18.55807627412097	NA	NA	NA	25.52380563407218	NA	3	62786b0b-63ea-4d0c-96f0-2cf42bdcbd25
prochloro	47.62304394406688	NA	NA	NA	23.42813806024163	NA	4	62786b0b-63ea-4d0c-96f0-2cf42bdcbd25
prochloro	71.84786888808246	NA	NA	NA	21.876188218831132	NA	5	62786b0b-63ea-4d0c-96f0-2cf42bdcbd25
prochloro	75.6377294418887	NA	NA	NA	10.470943728100876	NA	6	62786b0b-63ea-4d0c-96f0-2cf42bdcbd25
prochloro	41.5226348620113	NA	NA	NA	4.843027536223653	NA	7	62786b0b-63ea-4d0c-96f0-2cf42bdcbd25
prochloro	28.974286951474426	NA	NA	NA	3.557700488513934	NA	8	62786b0b-63ea-4d0c-96f0-2cf42bdcbd25
prochloro	19.536985214835354	NA	NA	NA	2.8964831972711007	NA	9	62786b0b-63ea-4d0c-96f0-2cf42bdcbd25
prochloro	5.989518637273605	NA	NA	NA	2.2787127475093647	NA	10	62786b0b-63ea-4d0c-96f0-2cf42bdcbd25
prochloro	3.123300344604177	NA	NA	NA	2.6586634143715195	NA	11	62786b0b-63ea-4d0c-96f0-2cf42bdcbd25
prochloro	2.542818597963494	NA	NA	NA	5.186603653854553	NA	12	62786b0b-63ea-4d0c-96f0-2cf42bdcbd25
synecho	22.407313710043773	NA	NA	55.18414473640351	NA	NA	1	62786b0b-63ea-4d0c-96f0-2cf42bdcbd25
synecho	41.5226348620113	NA	NA	71.35711426432871	NA	NA	2	62786b0b-63ea-4d0c-96f0-2cf42bdcbd25
synecho	76.9449309361479	NA	NA	80.45036046421762	NA	NA	3	62786b0b-63ea-4d0c-96f0-2cf42bdcbd25
synecho	142.58542157653875	NA	NA	70.1448430301163	NA	NA	4	62786b0b-63ea-4d0c-96f0-2cf42bdcbd25
synecho	282.9673692594597	NA	NA	52.41911973003146	NA	NA	5	62786b0b-63ea-4d0c-96f0-2cf42bdcbd25
synecho	303.0417606229665	NA	NA	19.738878160303965	NA	NA	6	62786b0b-63ea-4d0c-96f0-2cf42bdcbd25
synecho	142.58542157653875	NA	NA	8.822070364316893	NA	NA	7	62786b0b-63ea-4d0c-96f0-2cf42bdcbd25
synecho	68.24790090671699	NA	NA	2.84727544417413	NA	NA	8	62786b0b-63ea-4d0c-96f0-2cf42bdcbd25
synecho	29.98443146341348	NA	NA	2.569095791240245	NA	NA	9	62786b0b-63ea-4d0c-96f0-2cf42bdcbd25
synecho	19.205075419668397	NA	NA	2.0211514897056264	NA	NA	10	62786b0b-63ea-4d0c-96f0-2cf42bdcbd25
synecho	9.51290704360136	NA	NA	2.091615866915079	NA	NA	11	62786b0b-63ea-4d0c-96f0-2cf42bdcbd25
synecho	6.414429613822999	NA	NA	4.222646167881812	NA	NA	12	62786b0b-63ea-4d0c-96f0-2cf42bdcbd25
synecho	6.414429613822999	NA	NA	12.642782446311786	NA	NA	13	62786b0b-63ea-4d0c-96f0-2cf42bdcbd25
beads	NA	NA	NA	204.11214932136977	58.160008477321526	NA	1	668eeda2-effa-40bb-a210-5e86ef53780e
beads	NA	NA	NA	118.26826940306417	37.85357791333431	NA	2	668eeda2-effa-40bb-a210-5e86ef53780e
beads	NA	NA	NA	88.9647438713686	51.1070309293318	NA	3	668eeda2-effa-40bb-a210-5e86ef53780e
beads	NA	NA	NA	125.95132736093825	106.4764594396383	NA	4	668eeda2-effa-40bb-a210-5e86ef53780e
beads	NA	NA	NA	240.16210858932965	160.4307707636696	NA	5	668eeda2-effa-40bb-a210-5e86ef53780e
beads	NA	NA	NA	290.62404119490503	97.67234072449271	NA	6	668eeda2-effa-40bb-a210-5e86ef53780e
croco	NA	NA	NA	686.3390002494341	1274.211669368332	NA	1	668eeda2-effa-40bb-a210-5e86ef53780e
croco	NA	NA	NA	334.5087707927202	622.7821717137969	NA	2	668eeda2-effa-40bb-a210-5e86ef53780e
croco	NA	NA	NA	174.4855394687471	620.9176194286208	NA	3	668eeda2-effa-40bb-a210-5e86ef53780e
croco	NA	NA	NA	138.66909679694285	829.0238807046255	NA	4	668eeda2-effa-40bb-a210-5e86ef53780e
croco	NA	NA	NA	192.66909229220903	2188.112684969325	NA	5	668eeda2-effa-40bb-a210-5e86ef53780e
croco	NA	NA	NA	550.9749346793996	3402.5698737802845	NA	6	668eeda2-effa-40bb-a210-5e86ef53780e
croco	NA	NA	NA	1038.9848448172115	2227.8516942755828	NA	7	668eeda2-effa-40bb-a210-5e86ef53780e
picoeuk	28.259304586656583	NA	NA	NA	1882.93817510207	NA	1	668eeda2-effa-40bb-a210-5e86ef53780e
picoeuk	4.293744831065126	NA	NA	NA	260.9673750526576	NA	2	668eeda2-effa-40bb-a210-5e86ef53780e
picoeuk	6.3287572593196915	NA	NA	NA	33.86693118305085	NA	3	668eeda2-effa-40bb-a210-5e86ef53780e
picoeuk	10.313734951083777	NA	NA	NA	13.426956706233677	NA	4	668eeda2-effa-40bb-a210-5e86ef53780e
picoeuk	91.71621011748098	NA	NA	NA	8.77682848677273	NA	5	668eeda2-effa-40bb-a210-5e86ef53780e
picoeuk	938.98716006577	NA	NA	NA	15.838158097500925	NA	6	668eeda2-effa-40bb-a210-5e86ef53780e
picoeuk	3559.759261887083	NA	NA	NA	94.69214984324141	NA	7	668eeda2-effa-40bb-a210-5e86ef53780e
picoeuk	3588.053676760434	NA	NA	NA	3473.194961033091	NA	8	668eeda2-effa-40bb-a210-5e86ef53780e
picoeuk	141.41876821175504	NA	NA	NA	3814.9870330894532	NA	9	668eeda2-effa-40bb-a210-5e86ef53780e
prochloro	7.771052320741345	NA	NA	NA	2.5649940786370773	NA	1	668eeda2-effa-40bb-a210-5e86ef53780e
prochloro	21.36806984148504	NA	NA	NA	2.6066094473367842	NA	2	668eeda2-effa-40bb-a210-5e86ef53780e
prochloro	57.78861394477806	NA	NA	NA	5.030631458341749	NA	3	668eeda2-effa-40bb-a210-5e86ef53780e
prochloro	72.4513897870832	NA	NA	NA	13.920443128550868	NA	4	668eeda2-effa-40bb-a210-5e86ef53780e
prochloro	64.84919508690935	NA	NA	NA	22.777449537178825	NA	5	668eeda2-effa-40bb-a210-5e86ef53780e
prochloro	16.494521704887326	NA	NA	NA	18.269173504971956	NA	6	668eeda2-effa-40bb-a210-5e86ef53780e
prochloro	4.463039303768556	NA	NA	NA	12.550284762546102	NA	7	668eeda2-effa-40bb-a210-5e86ef53780e
prochloro	3.123970503068757	NA	NA	NA	4.717184104558307	NA	8	668eeda2-effa-40bb-a210-5e86ef53780e
prochloro	3.7468508308302453	NA	NA	NA	2.7961652042189127	NA	9	668eeda2-effa-40bb-a210-5e86ef53780e
synecho	20.682321234005087	NA	NA	66.19537593227692	NA	NA	1	668eeda2-effa-40bb-a210-5e86ef53780e
synecho	3.938242083154446	NA	NA	8.512949225016417	NA	NA	2	668eeda2-effa-40bb-a210-5e86ef53780e
synecho	5.31581964105259	NA	NA	3.4106775058372545	NA	NA	3	668eeda2-effa-40bb-a210-5e86ef53780e
synecho	22.31039009289931	NA	NA	2.0826819727914048	NA	NA	4	668eeda2-effa-40bb-a210-5e86ef53780e
synecho	202.248545499756	NA	NA	2.5345579438664814	NA	NA	5	668eeda2-effa-40bb-a210-5e86ef53780e
synecho	349.16543719022894	NA	NA	4.107406047965584	NA	NA	6	668eeda2-effa-40bb-a210-5e86ef53780e
synecho	448.39148043511386	NA	NA	32.657677897255546	NA	NA	7	668eeda2-effa-40bb-a210-5e86ef53780e
synecho	422.0184717638535	NA	NA	81.07206821350748	NA	NA	8	668eeda2-effa-40bb-a210-5e86ef53780e
synecho	146.1158495933734	NA	NA	135.84112240199545	NA	NA	9	668eeda2-effa-40bb-a210-5e86ef53780e
synecho	46.42132980879509	NA	NA	136.3497680977976	NA	NA	10	668eeda2-effa-40bb-a210-5e86ef53780e
beads	344.62940840141675	NA	NA	235.80752490948737	NA	NA	1	6b22564d-2f51-48f9-b35b-2945ece328fa
beads	547.2394353167771	NA	NA	248.99127925855004	NA	NA	2	6b22564d-2f51-48f9-b35b-2945ece328fa
beads	570.0293842897797	NA	NA	182.1092038623823	NA	NA	3	6b22564d-2f51-48f9-b35b-2945ece328fa
beads	532.5546091414908	NA	NA	133.1924645318753	NA	NA	4	6b22564d-2f51-48f9-b35b-2945ece328fa
beads	373.9314981303592	NA	NA	102.86174576353604	NA	NA	5	6b22564d-2f51-48f9-b35b-2945ece328fa
beads	259.00809166949824	NA	NA	119.4611528814981	NA	NA	6	6b22564d-2f51-48f9-b35b-2945ece328fa
beads	241.98042561506247	NA	NA	192.2907407295649	NA	NA	7	6b22564d-2f51-48f9-b35b-2945ece328fa
picoeuk	144.32072704305253	NA	NA	NA	1604.6893190951205	NA	1	6b22564d-2f51-48f9-b35b-2945ece328fa
picoeuk	88.44848901300784	NA	NA	NA	214.39335756148776	NA	2	6b22564d-2f51-48f9-b35b-2945ece328fa
picoeuk	41.29711803408085	NA	NA	NA	5.677328304196972	NA	3	6b22564d-2f51-48f9-b35b-2945ece328fa
picoeuk	89.65964961103447	NA	NA	NA	3.5270558630796005	NA	4	6b22564d-2f51-48f9-b35b-2945ece328fa
picoeuk	1051.2236089447956	NA	NA	NA	2.3774992166931948	NA	5	6b22564d-2f51-48f9-b35b-2945ece328fa
picoeuk	3294.9673514385954	NA	NA	NA	2.687076030988303	NA	6	6b22564d-2f51-48f9-b35b-2945ece328fa
picoeuk	464.8340742509078	NA	NA	NA	2764.749119889304	NA	7	6b22564d-2f51-48f9-b35b-2945ece328fa
prochloro	3.0743654066424098	NA	NA	NA	4.505380585039701	NA	1	6b22564d-2f51-48f9-b35b-2945ece328fa
prochloro	9.9020412866915	NA	NA	NA	11.206628290614873	NA	2	6b22564d-2f51-48f9-b35b-2945ece328fa
prochloro	27.837343549184883	NA	NA	NA	10.905905466494067	NA	3	6b22564d-2f51-48f9-b35b-2945ece328fa
prochloro	33.22108698643876	NA	NA	NA	9.1385160669083	NA	4	6b22564d-2f51-48f9-b35b-2945ece328fa
prochloro	32.77232244457245	NA	NA	NA	5.60063654403579	NA	5	6b22564d-2f51-48f9-b35b-2945ece328fa
prochloro	26.724398047576592	NA	NA	NA	3.2067566507168004	NA	6	6b22564d-2f51-48f9-b35b-2945ece328fa
prochloro	18.76444974285704	NA	NA	NA	2.1911931800892708	NA	7	6b22564d-2f51-48f9-b35b-2945ece328fa
prochloro	11.344645367564928	NA	NA	NA	2.1911931800892708	NA	8	6b22564d-2f51-48f9-b35b-2945ece328fa
prochloro	5.016418659423223	NA	NA	NA	2.075172439508869	NA	9	6b22564d-2f51-48f9-b35b-2945ece328fa
prochloro	3.0743654066424098	NA	NA	NA	2.3774992166931948	NA	10	6b22564d-2f51-48f9-b35b-2945ece328fa
prochloro	2.158655737031691	NA	NA	NA	3.879347395600932	NA	11	6b22564d-2f51-48f9-b35b-2945ece328fa
synecho	28.996637997076064	NA	NA	17.554699497660287	NA	NA	1	6b22564d-2f51-48f9-b35b-2945ece328fa
synecho	88.44848901300784	NA	NA	25.343822426847392	NA	NA	2	6b22564d-2f51-48f9-b35b-2945ece328fa
synecho	238.7116513306425	NA	NA	16.179074864760974	NA	NA	3	6b22564d-2f51-48f9-b35b-2945ece328fa
synecho	214.10197021604188	NA	NA	6.775323841912391	NA	NA	4	6b22564d-2f51-48f9-b35b-2945ece328fa
synecho	174.59080858553844	NA	NA	3.775247547341686	NA	NA	5	6b22564d-2f51-48f9-b35b-2945ece328fa
synecho	117.6872515683716	NA	NA	2.2516138213038066	NA	NA	6	6b22564d-2f51-48f9-b35b-2945ece328fa
synecho	59.62089105175504	NA	NA	2.3453829482760176	NA	NA	7	6b22564d-2f51-48f9-b35b-2945ece328fa
synecho	28.996637997076064	NA	NA	2.4765108783809637	NA	NA	8	6b22564d-2f51-48f9-b35b-2945ece328fa
synecho	15.511120266821782	NA	NA	3.673941153058716	NA	NA	9	6b22564d-2f51-48f9-b35b-2945ece328fa
beads	NA	NA	NA	219.28874568699007	70.2689563721964	NA	1	6b4b23bd-c4a7-430f-8ec8-b32a724828ab
beads	NA	NA	NA	149.85410410232433	63.759920351299186	NA	2	6b4b23bd-c4a7-430f-8ec8-b32a724828ab
beads	NA	NA	NA	130.78081668946896	104.26601911324377	NA	3	6b4b23bd-c4a7-430f-8ec8-b32a724828ab
beads	NA	NA	NA	539.9563145630267	361.12672678432324	NA	4	6b4b23bd-c4a7-430f-8ec8-b32a724828ab
beads	NA	NA	NA	653.0923439059361	261.88291848119786	NA	5	6b4b23bd-c4a7-430f-8ec8-b32a724828ab
croco	NA	NA	NA	401.10283225811224	879.7392424448873	NA	1	6b4b23bd-c4a7-430f-8ec8-b32a724828ab
croco	NA	NA	NA	128.08810351255525	559.2952214978859	NA	2	6b4b23bd-c4a7-430f-8ec8-b32a724828ab
croco	NA	NA	NA	111.20341077073869	1392.6502840170922	NA	3	6b4b23bd-c4a7-430f-8ec8-b32a724828ab
croco	NA	NA	NA	250.7711384933617	2850.0797018734993	NA	4	6b4b23bd-c4a7-430f-8ec8-b32a724828ab
croco	NA	NA	NA	501.8732058631066	1518.6409059966008	NA	5	6b4b23bd-c4a7-430f-8ec8-b32a724828ab
picoeuk	95.70934839529151	NA	NA	NA	641.0595787228142	NA	1	6b4b23bd-c4a7-430f-8ec8-b32a724828ab
picoeuk	14.200454826739186	NA	NA	NA	53.70156798627118	NA	2	6b4b23bd-c4a7-430f-8ec8-b32a724828ab
picoeuk	104.78346881075103	NA	NA	NA	5.224055921074722	NA	3	6b4b23bd-c4a7-430f-8ec8-b32a724828ab
picoeuk	3863.6493426622137	NA	NA	NA	4.773445430022228	NA	4	6b4b23bd-c4a7-430f-8ec8-b32a724828ab
picoeuk	3786.9446221816274	NA	NA	NA	3597.1249443356724	NA	5	6b4b23bd-c4a7-430f-8ec8-b32a724828ab
picoeuk	562.4563444144197	NA	NA	NA	3830.6665214083396	NA	6	6b4b23bd-c4a7-430f-8ec8-b32a724828ab
prochloro	29.499449817287857	NA	NA	NA	11.906554216229628	NA	1	6b4b23bd-c4a7-430f-8ec8-b32a724828ab
prochloro	44.963133808534	NA	NA	NA	6.552024457075592	NA	2	6b4b23bd-c4a7-430f-8ec8-b32a724828ab
prochloro	24.9013446654026	NA	NA	NA	2.761464905548628	NA	3	6b4b23bd-c4a7-430f-8ec8-b32a724828ab
prochloro	8.97119646298408	NA	NA	NA	2.371495004991502	NA	4	6b4b23bd-c4a7-430f-8ec8-b32a724828ab
prochloro	5.4457028683201685	NA	NA	NA	2.9715401899907388	NA	5	6b4b23bd-c4a7-430f-8ec8-b32a724828ab
prochloro	6.933120694976994	NA	NA	NA	8.342603943180517	NA	6	6b4b23bd-c4a7-430f-8ec8-b32a724828ab
synecho	38.984541457706136	NA	NA	15.112990410759844	NA	NA	1	6b4b23bd-c4a7-430f-8ec8-b32a724828ab
synecho	20.829666365830082	NA	NA	9.142580361578387	NA	NA	2	6b4b23bd-c4a7-430f-8ec8-b32a724828ab
synecho	24.060874854587244	NA	NA	3.6426960511090223	NA	NA	3	6b4b23bd-c4a7-430f-8ec8-b32a724828ab
synecho	31.95017096011432	NA	NA	2.4250799513187586	NA	NA	4	6b4b23bd-c4a7-430f-8ec8-b32a724828ab
synecho	63.15888487908788	NA	NA	1.9208434053954258	NA	NA	5	6b4b23bd-c4a7-430f-8ec8-b32a724828ab
synecho	143.8413677136816	NA	NA	2.3217663659724836	NA	NA	6	6b4b23bd-c4a7-430f-8ec8-b32a724828ab
synecho	216.5931657935636	NA	NA	4.913321486489556	NA	NA	7	6b4b23bd-c4a7-430f-8ec8-b32a724828ab
synecho	108.92640646273875	NA	NA	13.047300746260627	NA	NA	8	6b4b23bd-c4a7-430f-8ec8-b32a724828ab
beads	NA	NA	NA	2541.653637769856	1138.8718766089098	NA	1	6e5be62a-6d88-4253-badd-0d95ab39253c
beads	NA	NA	NA	143.25707104127056	48.528382380462844	NA	2	6e5be62a-6d88-4253-badd-0d95ab39253c
beads	NA	NA	NA	98.34634272103453	73.19060528743714	NA	3	6e5be62a-6d88-4253-badd-0d95ab39253c
beads	NA	NA	NA	2317.798356236615	1440.1028504171802	NA	4	6e5be62a-6d88-4253-badd-0d95ab39253c
croco	NA	NA	NA	765.2861124519286	1142.5005782141375	NA	1	6e5be62a-6d88-4253-badd-0d95ab39253c
croco	NA	NA	NA	214.90169110252003	1169.54356893519	NA	2	6e5be62a-6d88-4253-badd-0d95ab39253c
croco	NA	NA	NA	207.3844244767033	3779.9635150406734	NA	3	6e5be62a-6d88-4253-badd-0d95ab39253c
croco	NA	NA	NA	1157.511288189675	3586.5649318418855	NA	4	6e5be62a-6d88-4253-badd-0d95ab39253c
picoeuk	1064.42183145909	NA	NA	NA	3675.473423927344	NA	1	6e5be62a-6d88-4253-badd-0d95ab39253c
picoeuk	31.909513368209502	NA	NA	NA	131.53993131748902	NA	2	6e5be62a-6d88-4253-badd-0d95ab39253c
picoeuk	63.90957249582721	NA	NA	NA	3.4256158194290744	NA	3	6e5be62a-6d88-4253-badd-0d95ab39253c
picoeuk	4011.6501921844597	NA	NA	NA	5.117944967982941	NA	4	6e5be62a-6d88-4253-badd-0d95ab39253c
picoeuk	3707.6474070788536	NA	NA	NA	2905.071834161942	NA	5	6e5be62a-6d88-4253-badd-0d95ab39253c
prochloro	6.769881992093316	NA	NA	NA	10.899069011679014	NA	1	6e5be62a-6d88-4253-badd-0d95ab39253c
prochloro	2.548734556299742	NA	NA	NA	5.3133948840626495	NA	2	6e5be62a-6d88-4253-badd-0d95ab39253c
prochloro	2.4382817570832604	NA	NA	NA	2.8207597815083374	NA	3	6e5be62a-6d88-4253-badd-0d95ab39253c
prochloro	8.455021976926888	NA	NA	NA	2.136105773608555	NA	4	6e5be62a-6d88-4253-badd-0d95ab39253c
prochloro	53.074265125656204	NA	NA	NA	3.004134177525968	NA	5	6e5be62a-6d88-4253-badd-0d95ab39253c
prochloro	42.87718216954972	NA	NA	NA	11.009704551625783	NA	6	6e5be62a-6d88-4253-badd-0d95ab39253c
prochloro	24.844978199439094	NA	NA	NA	15.331014437103104	NA	7	6e5be62a-6d88-4253-badd-0d95ab39253c
synecho	59.06172163644134	NA	NA	23.547412504460652	NA	NA	1	6e5be62a-6d88-4253-badd-0d95ab39253c
synecho	24.338637369927106	NA	NA	9.815309184767962	NA	NA	2	6e5be62a-6d88-4253-badd-0d95ab39253c
synecho	11.830254651711833	NA	NA	2.527948015836745	NA	NA	3	6e5be62a-6d88-4253-badd-0d95ab39253c
synecho	31.73193521323068	NA	NA	1.7126179308781408	NA	NA	4	6e5be62a-6d88-4253-badd-0d95ab39253c
synecho	68.18425331711323	NA	NA	1.536464269483089	NA	NA	5	6e5be62a-6d88-4253-badd-0d95ab39253c
synecho	216.75329271486572	NA	NA	1.7728367568650156	NA	NA	6	6e5be62a-6d88-4253-badd-0d95ab39253c
synecho	368.1127658772349	NA	NA	9.703470963743328	NA	NA	7	6e5be62a-6d88-4253-badd-0d95ab39253c
synecho	219.19184176723593	NA	NA	34.64199619518971	NA	NA	8	6e5be62a-6d88-4253-badd-0d95ab39253c
beads	413.05899552796353	NA	NA	231.30646741199712	NA	NA	1	6efea086-f00c-4847-9727-986696c2299e
beads	598.4977396249132	NA	NA	255.9237675275301	NA	NA	2	6efea086-f00c-4847-9727-986696c2299e
beads	598.4977396249132	NA	NA	149.22976314652314	NA	NA	3	6efea086-f00c-4847-9727-986696c2299e
beads	480.72460513861046	NA	NA	87.01623309125367	NA	NA	4	6efea086-f00c-4847-9727-986696c2299e
beads	354.9178302146095	NA	NA	99.57815413826606	NA	NA	5	6efea086-f00c-4847-9727-986696c2299e
beads	304.9604719133114	NA	NA	141.87112984619822	NA	NA	6	6efea086-f00c-4847-9727-986696c2299e
picoeuk	1043.8501535220878	NA	NA	NA	3262.1370871699	NA	1	6efea086-f00c-4847-9727-986696c2299e
picoeuk	133.51815445431248	NA	NA	NA	657.7444154522245	NA	2	6efea086-f00c-4847-9727-986696c2299e
picoeuk	18.579963326034896	NA	NA	NA	108.33441487933338	NA	3	6efea086-f00c-4847-9727-986696c2299e
picoeuk	9.467294542483442	NA	NA	NA	31.120843493738715	NA	4	6efea086-f00c-4847-9727-986696c2299e
picoeuk	6.424731535295286	NA	NA	NA	13.856980419814928	NA	5	6efea086-f00c-4847-9727-986696c2299e
picoeuk	22.74524093043352	NA	NA	NA	4.711489869817763	NA	6	6efea086-f00c-4847-9727-986696c2299e
picoeuk	50.228802419157326	NA	NA	NA	3.2516802390711863	NA	7	6efea086-f00c-4847-9727-986696c2299e
picoeuk	824.4257009874095	NA	NA	NA	5.767717102010638	NA	8	6efea086-f00c-4847-9727-986696c2299e
picoeuk	3018.756108915749	NA	NA	NA	14.332090817469464	NA	9	6efea086-f00c-4847-9727-986696c2299e
picoeuk	3175.3342601767467	NA	NA	NA	403.4255696103132	NA	10	6efea086-f00c-4847-9727-986696c2299e
picoeuk	3284.206054559989	NA	NA	NA	3373.985065714536	NA	11	6efea086-f00c-4847-9727-986696c2299e
prochloro	3.0602303997086	NA	NA	NA	2.988859231992346	NA	1	6efea086-f00c-4847-9727-986696c2299e
prochloro	2.958783423085493	NA	NA	NA	7.812184371629652	NA	2	6efea086-f00c-4847-9727-986696c2299e
prochloro	8.134701515762917	NA	NA	NA	9.891430902629034	NA	3	6efea086-f00c-4847-9727-986696c2299e
prochloro	18.2694039444791	NA	NA	NA	9.403676909771182	NA	4	6efea086-f00c-4847-9727-986696c2299e
prochloro	29.28853525625764	NA	NA	NA	7.302819860170429	NA	5	6efea086-f00c-4847-9727-986696c2299e
prochloro	29.28853525625764	NA	NA	NA	3.721102425969416	NA	6	6efea086-f00c-4847-9727-986696c2299e
prochloro	19.87589751634849	NA	NA	NA	2.282327041489063	NA	7	6efea086-f00c-4847-9727-986696c2299e
prochloro	8.702088955516425	NA	NA	NA	2.1697837564525297	NA	8	6efea086-f00c-4847-9727-986696c2299e
prochloro	4.007575477099522	NA	NA	NA	2.206667647331592	NA	9	6efea086-f00c-4847-9727-986696c2299e
prochloro	2.5423123669155503	NA	NA	NA	3.42033980014734	NA	10	6efea086-f00c-4847-9727-986696c2299e
synecho	21.62365577338773	NA	NA	36.21893085995072	NA	NA	1	6efea086-f00c-4847-9727-986696c2299e
synecho	87.60491417950462	NA	NA	43.59742520429907	NA	NA	2	6efea086-f00c-4847-9727-986696c2299e
synecho	200.09290930731535	NA	NA	25.421763284787293	NA	NA	3	6efea086-f00c-4847-9727-986696c2299e
synecho	236.8298498793984	NA	NA	5.212920553595443	NA	NA	4	6efea086-f00c-4847-9727-986696c2299e
synecho	193.45980720661015	NA	NA	2.938901206868356	NA	NA	5	6efea086-f00c-4847-9727-986696c2299e
synecho	72.77852567647771	NA	NA	2.7472810522161253	NA	NA	6	6efea086-f00c-4847-9727-986696c2299e
synecho	20.557376834831874	NA	NA	2.4830201638371427	NA	NA	7	6efea086-f00c-4847-9727-986696c2299e
synecho	10.299787374308416	NA	NA	2.8897782174822746	NA	NA	8	6efea086-f00c-4847-9727-986696c2299e
synecho	8.85001471009942	NA	NA	4.117128945269304	NA	NA	9	6efea086-f00c-4847-9727-986696c2299e
beads	280.029784819573	NA	NA	237.94323570469533	NA	NA	1	71c0f2b0-a156-420d-be12-1cfd8656f043
beads	602.6363851913137	NA	NA	254.7957697518949	NA	NA	2	71c0f2b0-a156-420d-be12-1cfd8656f043
beads	594.4448643287867	NA	NA	139.52959421939053	NA	NA	3	71c0f2b0-a156-420d-be12-1cfd8656f043
beads	477.5416531986091	NA	NA	128.52976424065568	NA	NA	4	71c0f2b0-a156-420d-be12-1cfd8656f043
beads	373.2702672607914	NA	NA	88.82228053781341	NA	NA	5	71c0f2b0-a156-420d-be12-1cfd8656f043
beads	254.44729385334	NA	NA	103.25316910596086	NA	NA	6	71c0f2b0-a156-420d-be12-1cfd8656f043
beads	261.5082391616639	NA	NA	180.9664063182099	NA	NA	7	71c0f2b0-a156-420d-be12-1cfd8656f043
picoeuk	363.1916519529103	NA	NA	NA	1984.9872457499048	NA	1	71c0f2b0-a156-420d-be12-1cfd8656f043
picoeuk	63.86708011213834	NA	NA	NA	265.4749352160832	NA	2	71c0f2b0-a156-420d-be12-1cfd8656f043
picoeuk	14.767047310444912	NA	NA	NA	39.61315987821365	NA	3	71c0f2b0-a156-420d-be12-1cfd8656f043
picoeuk	21.3685698886562	NA	NA	NA	13.8092214133621	NA	4	71c0f2b0-a156-420d-be12-1cfd8656f043
picoeuk	44.13623366047507	NA	NA	NA	3.920508037750348	NA	5	71c0f2b0-a156-420d-be12-1cfd8656f043
picoeuk	234.3879151488121	NA	NA	NA	2.5301234220317554	NA	6	71c0f2b0-a156-420d-be12-1cfd8656f043
picoeuk	1194.6587045613717	NA	NA	NA	1.8981150645558955	NA	7	71c0f2b0-a156-420d-be12-1cfd8656f043
picoeuk	3200.33392528238	NA	NA	NA	2.6724942976475585	NA	8	71c0f2b0-a156-420d-be12-1cfd8656f043
picoeuk	3380.41776595112	NA	NA	NA	300.2738095940824	NA	9	71c0f2b0-a156-420d-be12-1cfd8656f043
picoeuk	2868.435805050217	NA	NA	NA	3478.982887994513	NA	10	71c0f2b0-a156-420d-be12-1cfd8656f043
picoeuk	325.52601162240944	NA	NA	NA	2756.8186730961397	NA	11	71c0f2b0-a156-420d-be12-1cfd8656f043
prochloro	5.512419023129292	NA	NA	NA	10.35976781458429	NA	1	71c0f2b0-a156-420d-be12-1cfd8656f043
prochloro	15.812936120180751	NA	NA	NA	15.834592578144283	NA	2	71c0f2b0-a156-420d-be12-1cfd8656f043
prochloro	32.66121444229011	NA	NA	NA	12.720570016248114	NA	3	71c0f2b0-a156-420d-be12-1cfd8656f043
prochloro	42.94451773981781	NA	NA	NA	8.322421381361321	NA	4	71c0f2b0-a156-420d-be12-1cfd8656f043
prochloro	34.49907170187403	NA	NA	NA	4.256032825337844	NA	5	71c0f2b0-a156-420d-be12-1cfd8656f043
prochloro	20.791600291887143	NA	NA	NA	2.8617760017845386	NA	6	71c0f2b0-a156-420d-be12-1cfd8656f043
prochloro	12.192166519493645	NA	NA	NA	2.4618079335272784	NA	7	71c0f2b0-a156-420d-be12-1cfd8656f043
prochloro	6.76859881395208	NA	NA	NA	2.495731939363874	NA	8	71c0f2b0-a156-420d-be12-1cfd8656f043
prochloro	3.3221767229195733	NA	NA	NA	2.428345050199016	NA	9	71c0f2b0-a156-420d-be12-1cfd8656f043
prochloro	2.1439867123983087	NA	NA	NA	3.867217323528468	NA	10	71c0f2b0-a156-420d-be12-1cfd8656f043
prochloro	2.264629548591524	NA	NA	NA	5.830578944774663	NA	11	71c0f2b0-a156-420d-be12-1cfd8656f043
synecho	19.955224007995795	NA	NA	10.647252711114074	NA	NA	1	71c0f2b0-a156-420d-be12-1cfd8656f043
synecho	52.73079035172201	NA	NA	18.660880600331108	NA	NA	2	71c0f2b0-a156-420d-be12-1cfd8656f043
synecho	113.47897476805008	NA	NA	14.991041737884558	NA	NA	3	71c0f2b0-a156-420d-be12-1cfd8656f043
synecho	212.97509748817623	NA	NA	9.674558872589824	NA	NA	4	71c0f2b0-a156-420d-be12-1cfd8656f043
synecho	210.0801678139266	NA	NA	4.748485642963756	NA	NA	5	71c0f2b0-a156-420d-be12-1cfd8656f043
synecho	130.12271132816176	NA	NA	2.1469229892389	NA	NA	6	71c0f2b0-a156-420d-be12-1cfd8656f043
synecho	72.23887798414053	NA	NA	2.267731050693936	NA	NA	7	71c0f2b0-a156-420d-be12-1cfd8656f043
synecho	30.50095790056046	NA	NA	2.495731939363874	NA	NA	8	71c0f2b0-a156-420d-be12-1cfd8656f043
synecho	24.169595825766205	NA	NA	4.141116312166103	NA	NA	9	71c0f2b0-a156-420d-be12-1cfd8656f043
beads	320.77829394896344	NA	NA	227.4402383883553	NA	NA	1	72017505-9518-4d3c-b5d2-c485117a5a91
beads	568.9853601631236	NA	NA	269.19813251013306	NA	NA	2	72017505-9518-4d3c-b5d2-c485117a5a91
beads	568.9853601631236	NA	NA	179.63074233728656	NA	NA	3	72017505-9518-4d3c-b5d2-c485117a5a91
beads	420.08053528848677	NA	NA	121.9016995641218	NA	NA	4	72017505-9518-4d3c-b5d2-c485117a5a91
beads	315.4165660038004	NA	NA	89.9997342476289	NA	NA	5	72017505-9518-4d3c-b5d2-c485117a5a91
beads	249.1138432593256	NA	NA	96.27712730185566	NA	NA	6	72017505-9518-4d3c-b5d2-c485117a5a91
beads	236.8298498793984	NA	NA	132.6209489356315	NA	NA	7	72017505-9518-4d3c-b5d2-c485117a5a91
beads	280.31167115349547	NA	NA	179.63074233728656	NA	NA	8	72017505-9518-4d3c-b5d2-c485117a5a91
picoeuk	1026.4024625645666	NA	NA	NA	2850.614008757952	NA	1	72017505-9518-4d3c-b5d2-c485117a5a91
picoeuk	53.73221204657465	NA	NA	NA	185.78969117298016	NA	2	72017505-9518-4d3c-b5d2-c485117a5a91
picoeuk	7.733573187204745	NA	NA	NA	22.976444577995764	NA	3	72017505-9518-4d3c-b5d2-c485117a5a91
picoeuk	4.434090521660234	NA	NA	NA	7.060730573132425	NA	4	72017505-9518-4d3c-b5d2-c485117a5a91
picoeuk	19.21700931273602	NA	NA	NA	3.721102425969416	NA	5	72017505-9518-4d3c-b5d2-c485117a5a91
picoeuk	51.95098326722669	NA	NA	NA	3.2516802390711863	NA	6	72017505-9518-4d3c-b5d2-c485117a5a91
picoeuk	289.9226387318652	NA	NA	NA	6.490038443677197	NA	7	72017505-9518-4d3c-b5d2-c485117a5a91
picoeuk	608.6715301024404	NA	NA	NA	10.761219550904324	NA	8	72017505-9518-4d3c-b5d2-c485117a5a91
picoeuk	1617.970078003779	NA	NA	NA	20.077934505906327	NA	9	72017505-9518-4d3c-b5d2-c485117a5a91
picoeuk	3513.2762006875346	NA	NA	NA	54.27839590344176	NA	10	72017505-9518-4d3c-b5d2-c485117a5a91
picoeuk	3513.2762006875346	NA	NA	NA	493.8659790262452	NA	11	72017505-9518-4d3c-b5d2-c485117a5a91
picoeuk	3454.552678742185	NA	NA	NA	2850.614008757952	NA	12	72017505-9518-4d3c-b5d2-c485117a5a91
picoeuk	2344.341716195476	NA	NA	NA	3861.0635395075446	NA	13	72017505-9518-4d3c-b5d2-c485117a5a91
prochloro	3.009079423591225	NA	NA	NA	3.42033980014734	NA	1	72017505-9518-4d3c-b5d2-c485117a5a91
prochloro	9.958348282309348	NA	NA	NA	8.643613295282423	NA	2	72017505-9518-4d3c-b5d2-c485117a5a91
prochloro	28.31761706926441	NA	NA	NA	8.643613295282423	NA	3	72017505-9518-4d3c-b5d2-c485117a5a91
prochloro	48.56371205690613	NA	NA	NA	4.791579914606507	NA	4	72017505-9518-4d3c-b5d2-c485117a5a91
prochloro	30.80768570700885	NA	NA	NA	2.5252287224094565	NA	5	72017505-9518-4d3c-b5d2-c485117a5a91
prochloro	16.79275716792223	NA	NA	NA	2.321124042018852	NA	6	72017505-9518-4d3c-b5d2-c485117a5a91
prochloro	8.556635742458583	NA	NA	NA	1.833207868929655	NA	7	72017505-9518-4d3c-b5d2-c485117a5a91
prochloro	4.21544214025587	NA	NA	NA	1.961072316970246	NA	8	72017505-9518-4d3c-b5d2-c485117a5a91
prochloro	2.909328107490581	NA	NA	NA	2.244178522997656	NA	9	72017505-9518-4d3c-b5d2-c485117a5a91
synecho	46.95381962454633	NA	NA	40.75481676936331	NA	NA	1	72017505-9518-4d3c-b5d2-c485117a5a91
synecho	12.823141142033668	NA	NA	8.35707655739851	NA	NA	2	72017505-9518-4d3c-b5d2-c485117a5a91
synecho	11.205484257399563	NA	NA	3.2516802390711863	NA	NA	3	72017505-9518-4d3c-b5d2-c485117a5a91
synecho	15.697847710593626	NA	NA	2.5252287224094565	NA	NA	4	72017505-9518-4d3c-b5d2-c485117a5a91
synecho	41.03053072565576	NA	NA	2.400707770450202	NA	NA	5	72017505-9518-4d3c-b5d2-c485117a5a91
synecho	107.24428486415206	NA	NA	2.400707770450202	NA	NA	6	72017505-9518-4d3c-b5d2-c485117a5a91
synecho	169.05458655424474	NA	NA	7.4269596091343315	NA	NA	7	72017505-9518-4d3c-b5d2-c485117a5a91
synecho	163.45040828981394	NA	NA	21.119345521784453	NA	NA	8	72017505-9518-4d3c-b5d2-c485117a5a91
synecho	105.45172380262764	NA	NA	33.291491756452004	NA	NA	9	72017505-9518-4d3c-b5d2-c485117a5a91
beads	321.9728402572638	NA	NA	400.7890127372431	NA	NA	1	72563977-7424-47b4-8c92-03b3cb38a176
beads	618.4960901465753	NA	NA	459.17897987675246	NA	NA	2	72563977-7424-47b4-8c92-03b3cb38a176
beads	699.0311531645441	NA	NA	340.4367040869578	NA	NA	3	72563977-7424-47b4-8c92-03b3cb38a176
beads	635.5506934078988	NA	NA	255.8570421161252	NA	NA	4	72563977-7424-47b4-8c92-03b3cb38a176
beads	497.5434943081244	NA	NA	226.3798680057422	NA	NA	5	72563977-7424-47b4-8c92-03b3cb38a176
beads	349.348556970655	NA	NA	203.04151677180917	NA	NA	6	72563977-7424-47b4-8c92-03b3cb38a176
beads	321.9728402572638	NA	NA	331.3012991790299	NA	NA	7	72563977-7424-47b4-8c92-03b3cb38a176
picoeuk	136.67913807463717	NA	NA	NA	1838.4725657244733	NA	1	72563977-7424-47b4-8c92-03b3cb38a176
picoeuk	150.33100662598085	NA	NA	NA	144.5171438882758	NA	2	72563977-7424-47b4-8c92-03b3cb38a176
picoeuk	211.2097899386204	NA	NA	NA	16.62520169943241	NA	3	72563977-7424-47b4-8c92-03b3cb38a176
picoeuk	202.76555799556547	NA	NA	NA	5.161758419638471	NA	4	72563977-7424-47b4-8c92-03b3cb38a176
picoeuk	446.2498659187531	NA	NA	NA	3.036963186198015	NA	5	72563977-7424-47b4-8c92-03b3cb38a176
picoeuk	1398.730704176338	NA	NA	NA	2.723871239690581	NA	6	72563977-7424-47b4-8c92-03b3cb38a176
picoeuk	2579.4788467232147	NA	NA	NA	4.266826724603001	NA	7	72563977-7424-47b4-8c92-03b3cb38a176
picoeuk	3120.5032486037344	NA	NA	NA	19.308108638048104	NA	8	72563977-7424-47b4-8c92-03b3cb38a176
picoeuk	3340.0866595509133	NA	NA	NA	114.68505948445782	NA	9	72563977-7424-47b4-8c92-03b3cb38a176
picoeuk	3575.1217045846083	NA	NA	NA	540.5818109656303	NA	10	72563977-7424-47b4-8c92-03b3cb38a176
picoeuk	3575.1217045846083	NA	NA	NA	2802.607937318582	NA	11	72563977-7424-47b4-8c92-03b3cb38a176
picoeuk	1938.6212473586224	NA	NA	NA	3299.4517183451608	NA	12	72563977-7424-47b4-8c92-03b3cb38a176
prochloro	5.7472483762392725	NA	NA	NA	11.673331657404718	NA	1	72563977-7424-47b4-8c92-03b3cb38a176
prochloro	9.251062967055963	NA	NA	NA	11.673331657404718	NA	2	72563977-7424-47b4-8c92-03b3cb38a176
prochloro	15.93882871397886	NA	NA	NA	12.325975533232818	NA	3	72563977-7424-47b4-8c92-03b3cb38a176
prochloro	35.558786714557684	NA	NA	NA	10.613252350282016	NA	4	72563977-7424-47b4-8c92-03b3cb38a176
prochloro	48.61823348385178	NA	NA	NA	6.416579529930412	NA	5	72563977-7424-47b4-8c92-03b3cb38a176
prochloro	28.996637997076064	NA	NA	NA	2.075172439508869	NA	6	72563977-7424-47b4-8c92-03b3cb38a176
prochloro	13.355813759608877	NA	NA	NA	2.0194864918390087	NA	7	72563977-7424-47b4-8c92-03b3cb38a176
prochloro	5.669612106071236	NA	NA	NA	2.103588607166345	NA	8	72563977-7424-47b4-8c92-03b3cb38a176
prochloro	2.4067796999777014	NA	NA	NA	2.8761600579390305	NA	9	72563977-7424-47b4-8c92-03b3cb38a176
prochloro	2.374267898365836	NA	NA	NA	5.524980768718447	NA	10	72563977-7424-47b4-8c92-03b3cb38a176
synecho	36.53929574207165	NA	NA	18.789987682530413	NA	NA	1	72563977-7424-47b4-8c92-03b3cb38a176
synecho	84.91229139425334	NA	NA	46.10662788094043	NA	NA	2	72563977-7424-47b4-8c92-03b3cb38a176
synecho	158.73585741759587	NA	NA	31.504894063928376	NA	NA	3	72563977-7424-47b4-8c92-03b3cb38a176
synecho	208.35667845981249	NA	NA	7.762404135822941	NA	NA	4	72563977-7424-47b4-8c92-03b3cb38a176
synecho	150.33100662598085	NA	NA	2.103588607166345	NA	NA	5	72563977-7424-47b4-8c92-03b3cb38a176
synecho	78.25837859481028	NA	NA	1.580963369687905	NA	NA	6	72563977-7424-47b4-8c92-03b3cb38a176
synecho	32.32962000459096	NA	NA	1.8867217532440568	NA	NA	7	72563977-7424-47b4-8c92-03b3cb38a176
synecho	15.93882871397886	NA	NA	6.504444324315011	NA	NA	8	72563977-7424-47b4-8c92-03b3cb38a176
beads	427.68923712089537	NA	NA	232.04642104760333	NA	NA	1	7c863f21-3898-4b07-8616-0dfc9c1f90c6
beads	709.5393581137329	NA	NA	232.04642104760333	NA	NA	2	7c863f21-3898-4b07-8616-0dfc9c1f90c6
beads	369.3924900164412	NA	NA	93.79125794213496	NA	NA	3	7c863f21-3898-4b07-8616-0dfc9c1f90c6
beads	251.02050303098736	NA	NA	187.50256975921403	NA	NA	4	7c863f21-3898-4b07-8616-0dfc9c1f90c6
picoeuk	17.717361436891483	NA	NA	NA	915.12226795271	NA	1	7c863f21-3898-4b07-8616-0dfc9c1f90c6
picoeuk	20.788577968260583	NA	NA	NA	15.947542477525364	NA	2	7c863f21-3898-4b07-8616-0dfc9c1f90c6
picoeuk	91.2037838429368	NA	NA	NA	8.526607951730469	NA	3	7c863f21-3898-4b07-8616-0dfc9c1f90c6
picoeuk	1177.1306290088835	NA	NA	NA	13.591520042202198	NA	4	7c863f21-3898-4b07-8616-0dfc9c1f90c6
picoeuk	3417.1410979239863	NA	NA	NA	37.909656294864696	NA	5	7c863f21-3898-4b07-8616-0dfc9c1f90c6
picoeuk	3196.947622314046	NA	NA	NA	3287.645823865369	NA	6	7c863f21-3898-4b07-8616-0dfc9c1f90c6
picoeuk	384.4540994308211	NA	NA	NA	3376.416247010179	NA	7	7c863f21-3898-4b07-8616-0dfc9c1f90c6
prochloro	8.073388179501475	NA	NA	NA	10.693735137495317	NA	1	7c863f21-3898-4b07-8616-0dfc9c1f90c6
prochloro	19.974151897367104	NA	NA	NA	14.335404188809871	NA	2	7c863f21-3898-4b07-8616-0dfc9c1f90c6
prochloro	31.839048702123048	NA	NA	NA	10.274790816026922	NA	3	7c863f21-3898-4b07-8616-0dfc9c1f90c6
prochloro	44.421890460308944	NA	NA	NA	5.641914136318825	NA	4	7c863f21-3898-4b07-8616-0dfc9c1f90c6
prochloro	19.974151897367104	NA	NA	NA	2.3733970216892564	NA	5	7c863f21-3898-4b07-8616-0dfc9c1f90c6
prochloro	9.599907542294012	NA	NA	NA	1.9435164500915276	NA	6	7c863f21-3898-4b07-8616-0dfc9c1f90c6
prochloro	2.0471590500933514	NA	NA	NA	2.74796155586732	NA	7	7c863f21-3898-4b07-8616-0dfc9c1f90c6
prochloro	2.856199502971116	NA	NA	NA	6.030507516484895	NA	8	7c863f21-3898-4b07-8616-0dfc9c1f90c6
synecho	29.00425643904638	NA	NA	23.467813801205114	NA	NA	1	7c863f21-3898-4b07-8616-0dfc9c1f90c6
synecho	68.03499190591788	NA	NA	56.534582753126095	NA	NA	2	7c863f21-3898-4b07-8616-0dfc9c1f90c6
synecho	177.53613616220835	NA	NA	7.463138708434826	NA	NA	3	7c863f21-3898-4b07-8616-0dfc9c1f90c6
synecho	108.44863060376548	NA	NA	2.049888001721162	NA	NA	4	7c863f21-3898-4b07-8616-0dfc9c1f90c6
synecho	30.186875993168854	NA	NA	1.701114080918214	NA	NA	5	7c863f21-3898-4b07-8616-0dfc9c1f90c6
synecho	16.797982804867285	NA	NA	10.004653054052003	NA	NA	6	7c863f21-3898-4b07-8616-0dfc9c1f90c6
beads	NA	NA	NA	204.11214932136977	58.160008477321526	NA	1	7d384c69-9590-48ad-872b-8f9e7ac864f8
beads	NA	NA	NA	118.26826940306417	37.85357791333431	NA	2	7d384c69-9590-48ad-872b-8f9e7ac864f8
beads	NA	NA	NA	88.9647438713686	51.1070309293318	NA	3	7d384c69-9590-48ad-872b-8f9e7ac864f8
beads	NA	NA	NA	125.95132736093825	106.4764594396383	NA	4	7d384c69-9590-48ad-872b-8f9e7ac864f8
beads	NA	NA	NA	240.16210858932965	160.4307707636696	NA	5	7d384c69-9590-48ad-872b-8f9e7ac864f8
beads	NA	NA	NA	290.62404119490503	97.67234072449271	NA	6	7d384c69-9590-48ad-872b-8f9e7ac864f8
croco	NA	NA	NA	686.3390002494341	1274.211669368332	NA	1	7d384c69-9590-48ad-872b-8f9e7ac864f8
croco	NA	NA	NA	334.5087707927202	622.7821717137969	NA	2	7d384c69-9590-48ad-872b-8f9e7ac864f8
croco	NA	NA	NA	174.4855394687471	620.9176194286208	NA	3	7d384c69-9590-48ad-872b-8f9e7ac864f8
croco	NA	NA	NA	138.66909679694285	829.0238807046255	NA	4	7d384c69-9590-48ad-872b-8f9e7ac864f8
croco	NA	NA	NA	192.66909229220903	2188.112684969325	NA	5	7d384c69-9590-48ad-872b-8f9e7ac864f8
croco	NA	NA	NA	550.9749346793996	3402.5698737802845	NA	6	7d384c69-9590-48ad-872b-8f9e7ac864f8
croco	NA	NA	NA	1038.9848448172115	2227.8516942755828	NA	7	7d384c69-9590-48ad-872b-8f9e7ac864f8
picoeuk	28.259304586656583	NA	NA	NA	1882.93817510207	NA	1	7d384c69-9590-48ad-872b-8f9e7ac864f8
picoeuk	4.293744831065126	NA	NA	NA	260.9673750526576	NA	2	7d384c69-9590-48ad-872b-8f9e7ac864f8
picoeuk	6.3287572593196915	NA	NA	NA	33.86693118305085	NA	3	7d384c69-9590-48ad-872b-8f9e7ac864f8
picoeuk	10.313734951083777	NA	NA	NA	13.426956706233677	NA	4	7d384c69-9590-48ad-872b-8f9e7ac864f8
picoeuk	91.71621011748098	NA	NA	NA	8.77682848677273	NA	5	7d384c69-9590-48ad-872b-8f9e7ac864f8
picoeuk	938.98716006577	NA	NA	NA	15.838158097500925	NA	6	7d384c69-9590-48ad-872b-8f9e7ac864f8
picoeuk	3559.759261887083	NA	NA	NA	94.69214984324141	NA	7	7d384c69-9590-48ad-872b-8f9e7ac864f8
picoeuk	3588.053676760434	NA	NA	NA	3473.194961033091	NA	8	7d384c69-9590-48ad-872b-8f9e7ac864f8
picoeuk	141.41876821175504	NA	NA	NA	3814.9870330894532	NA	9	7d384c69-9590-48ad-872b-8f9e7ac864f8
prochloro	7.771052320741345	NA	NA	NA	2.5649940786370773	NA	1	7d384c69-9590-48ad-872b-8f9e7ac864f8
prochloro	21.36806984148504	NA	NA	NA	2.6066094473367842	NA	2	7d384c69-9590-48ad-872b-8f9e7ac864f8
prochloro	57.78861394477806	NA	NA	NA	5.030631458341749	NA	3	7d384c69-9590-48ad-872b-8f9e7ac864f8
prochloro	72.4513897870832	NA	NA	NA	13.920443128550868	NA	4	7d384c69-9590-48ad-872b-8f9e7ac864f8
prochloro	64.84919508690935	NA	NA	NA	22.777449537178825	NA	5	7d384c69-9590-48ad-872b-8f9e7ac864f8
prochloro	16.494521704887326	NA	NA	NA	18.269173504971956	NA	6	7d384c69-9590-48ad-872b-8f9e7ac864f8
prochloro	4.463039303768556	NA	NA	NA	12.550284762546102	NA	7	7d384c69-9590-48ad-872b-8f9e7ac864f8
prochloro	3.123970503068757	NA	NA	NA	4.717184104558307	NA	8	7d384c69-9590-48ad-872b-8f9e7ac864f8
prochloro	3.7468508308302453	NA	NA	NA	2.7961652042189127	NA	9	7d384c69-9590-48ad-872b-8f9e7ac864f8
synecho	20.682321234005087	NA	NA	66.19537593227692	NA	NA	1	7d384c69-9590-48ad-872b-8f9e7ac864f8
synecho	3.938242083154446	NA	NA	8.512949225016417	NA	NA	2	7d384c69-9590-48ad-872b-8f9e7ac864f8
synecho	5.31581964105259	NA	NA	3.4106775058372545	NA	NA	3	7d384c69-9590-48ad-872b-8f9e7ac864f8
synecho	22.31039009289931	NA	NA	2.0826819727914048	NA	NA	4	7d384c69-9590-48ad-872b-8f9e7ac864f8
synecho	202.248545499756	NA	NA	2.5345579438664814	NA	NA	5	7d384c69-9590-48ad-872b-8f9e7ac864f8
synecho	349.16543719022894	NA	NA	4.107406047965584	NA	NA	6	7d384c69-9590-48ad-872b-8f9e7ac864f8
synecho	448.39148043511386	NA	NA	32.657677897255546	NA	NA	7	7d384c69-9590-48ad-872b-8f9e7ac864f8
synecho	422.0184717638535	NA	NA	81.07206821350748	NA	NA	8	7d384c69-9590-48ad-872b-8f9e7ac864f8
synecho	146.1158495933734	NA	NA	135.84112240199545	NA	NA	9	7d384c69-9590-48ad-872b-8f9e7ac864f8
synecho	46.42132980879509	NA	NA	136.3497680977976	NA	NA	10	7d384c69-9590-48ad-872b-8f9e7ac864f8
beads	255.32137359954768	NA	NA	186.2786170206193	NA	NA	1	87b8821e-68ca-423c-aad0-ee5ec18fc2ec
beads	449.4254785995577	NA	NA	262.41800019392707	NA	NA	2	87b8821e-68ca-423c-aad0-ee5ec18fc2ec
beads	678.0386171725929	NA	NA	228.8028210894982	NA	NA	3	87b8821e-68ca-423c-aad0-ee5ec18fc2ec
beads	561.5618425803657	NA	NA	144.0588828309963	NA	NA	4	87b8821e-68ca-423c-aad0-ee5ec18fc2ec
beads	419.65419253128624	NA	NA	98.81579392358545	NA	NA	5	87b8821e-68ca-423c-aad0-ee5ec18fc2ec
beads	242.52838775123544	NA	NA	113.33358087774336	NA	NA	6	87b8821e-68ca-423c-aad0-ee5ec18fc2ec
picoeuk	633.1233139724234	NA	NA	NA	3549.002518864188	NA	1	87b8821e-68ca-423c-aad0-ee5ec18fc2ec
picoeuk	19.205075419668397	NA	NA	NA	446.3556919090288	NA	2	87b8821e-68ca-423c-aad0-ee5ec18fc2ec
picoeuk	5.592755032955576	NA	NA	NA	119.31174660815952	NA	3	87b8821e-68ca-423c-aad0-ee5ec18fc2ec
picoeuk	2.676948225592647	NA	NA	NA	28.77637898967316	NA	4	87b8821e-68ca-423c-aad0-ee5ec18fc2ec
picoeuk	2.070222427798076	NA	NA	NA	6.370616052746746	NA	5	87b8821e-68ca-423c-aad0-ee5ec18fc2ec
picoeuk	1.9664930539180103	NA	NA	NA	3.049268068750025	NA	6	87b8821e-68ca-423c-aad0-ee5ec18fc2ec
picoeuk	6.638058960853157	NA	NA	NA	2.4825456087786004	NA	7	87b8821e-68ca-423c-aad0-ee5ec18fc2ec
picoeuk	22.02664049859585	NA	NA	NA	2.398911212528465	NA	8	87b8821e-68ca-423c-aad0-ee5ec18fc2ec
picoeuk	53.69178800464345	NA	NA	NA	4.222646167881812	NA	9	87b8821e-68ca-423c-aad0-ee5ec18fc2ec
picoeuk	230.37639989148903	NA	NA	NA	6.262386976156727	NA	10	87b8821e-68ca-423c-aad0-ee5ec18fc2ec
picoeuk	533.4245479864933	NA	NA	NA	13.309669066961137	NA	11	87b8821e-68ca-423c-aad0-ee5ec18fc2ec
picoeuk	1153.2989196071087	NA	NA	NA	24.663934996987823	NA	12	87b8821e-68ca-423c-aad0-ee5ec18fc2ec
picoeuk	2211.668623309976	NA	NA	NA	42.676751458973634	NA	13	87b8821e-68ca-423c-aad0-ee5ec18fc2ec
picoeuk	2763.5031087984985	NA	NA	NA	90.7023856773034	NA	14	87b8821e-68ca-423c-aad0-ee5ec18fc2ec
picoeuk	3336.697197644336	NA	NA	NA	180.00308290203577	NA	15	87b8821e-68ca-423c-aad0-ee5ec18fc2ec
picoeuk	3115.664409063202	NA	NA	NA	618.1162526404327	NA	16	87b8821e-68ca-423c-aad0-ee5ec18fc2ec
picoeuk	3394.3633332467	NA	NA	NA	1948.2860842401917	NA	17	87b8821e-68ca-423c-aad0-ee5ec18fc2ec
picoeuk	3010.7008946574247	NA	NA	NA	3736.2067444001473	NA	18	87b8821e-68ca-423c-aad0-ee5ec18fc2ec
picoeuk	666.5195595459252	NA	NA	NA	2519.275661456764	NA	19	87b8821e-68ca-423c-aad0-ee5ec18fc2ec
prochloro	5.133554099561193	NA	NA	NA	11.213777867928568	NA	1	87b8821e-68ca-423c-aad0-ee5ec18fc2ec
prochloro	13.401205583012608	NA	NA	NA	12.21686016996766	NA	2	87b8821e-68ca-423c-aad0-ee5ec18fc2ec
prochloro	31.566062426031326	NA	NA	NA	10.29305503392509	NA	3	87b8821e-68ca-423c-aad0-ee5ec18fc2ec
prochloro	70.62726032521594	NA	NA	NA	5.0984895186677255	NA	4	87b8821e-68ca-423c-aad0-ee5ec18fc2ec
prochloro	38.11336115463903	NA	NA	NA	3.049268068750025	NA	5	87b8821e-68ca-423c-aad0-ee5ec18fc2ec
prochloro	20.218112533952915	NA	NA	NA	2.318094372665368	NA	6	87b8821e-68ca-423c-aad0-ee5ec18fc2ec
prochloro	10.18777573781753	NA	NA	NA	2.16453687762321	NA	7	87b8821e-68ca-423c-aad0-ee5ec18fc2ec
prochloro	6.638058960853157	NA	NA	NA	1.855202034538127	NA	8	87b8821e-68ca-423c-aad0-ee5ec18fc2ec
prochloro	2.7232123155695627	NA	NA	NA	2.318094372665368	NA	9	87b8821e-68ca-423c-aad0-ee5ec18fc2ec
prochloro	2.2554056464301966	NA	NA	NA	4.295623627955144	NA	10	87b8821e-68ca-423c-aad0-ee5ec18fc2ec
prochloro	3.2321894678299943	NA	NA	NA	7.060421301959588	NA	11	87b8821e-68ca-423c-aad0-ee5ec18fc2ec
synecho	7.7448833868819165	NA	NA	7.432847270880543	NA	NA	1	87b8821e-68ca-423c-aad0-ee5ec18fc2ec
synecho	13.401205583012608	NA	NA	24.244924513904436	NA	NA	2	87b8821e-68ca-423c-aad0-ee5ec18fc2ec
synecho	33.8054354413843	NA	NA	28.287503047398488	NA	NA	3	87b8821e-68ca-423c-aad0-ee5ec18fc2ec
synecho	73.08957249635904	NA	NA	31.350451422823927	NA	NA	4	87b8821e-68ca-423c-aad0-ee5ec18fc2ec
synecho	218.8332925438864	NA	NA	22.638868298185923	NA	NA	5	87b8821e-68ca-423c-aad0-ee5ec18fc2ec
synecho	218.8332925438864	NA	NA	8.672194038191332	NA	NA	6	87b8821e-68ca-423c-aad0-ee5ec18fc2ec
synecho	268.78916905853134	NA	NA	4.222646167881812	NA	NA	7	87b8821e-68ca-423c-aad0-ee5ec18fc2ec
synecho	215.11557906326203	NA	NA	2.16453687762321	NA	NA	8	87b8821e-68ca-423c-aad0-ee5ec18fc2ec
synecho	82.40359092614109	NA	NA	1.953060984550816	NA	NA	9	87b8821e-68ca-423c-aad0-ee5ec18fc2ec
synecho	16.46047030215076	NA	NA	1.7028780902789664	NA	NA	10	87b8821e-68ca-423c-aad0-ee5ec18fc2ec
synecho	10.01469772597678	NA	NA	2.2787127475093647	NA	NA	11	87b8821e-68ca-423c-aad0-ee5ec18fc2ec
beads	326.2311652570839	NA	NA	292.86968034776567	NA	NA	1	8935f8ac-8671-4abc-88d6-ad6b8fe91967
beads	331.77672926313244	NA	NA	223.6386324037076	NA	NA	2	8935f8ac-8671-4abc-88d6-ad6b8fe91967
beads	354.9178302146095	NA	NA	212.6108410774609	NA	NA	3	8935f8ac-8671-4abc-88d6-ad6b8fe91967
beads	434.4837186748504	NA	NA	212.6108410774609	NA	NA	4	8935f8ac-8671-4abc-88d6-ad6b8fe91967
beads	522.9964269419701	NA	NA	219.90056930032364	NA	NA	5	8935f8ac-8671-4abc-88d6-ad6b8fe91967
beads	852.6925535603305	NA	NA	308.0603719620422	NA	NA	6	8935f8ac-8671-4abc-88d6-ad6b8fe91967
beads	1617.970078003779	NA	NA	614.8586300042342	NA	NA	7	8935f8ac-8671-4abc-88d6-ad6b8fe91967
beads	1730.8219015620843	NA	NA	1335.1100993452185	NA	NA	8	8935f8ac-8671-4abc-88d6-ad6b8fe91967
beads	797.0958977073946	NA	NA	1452.511071968857	NA	NA	9	8935f8ac-8671-4abc-88d6-ad6b8fe91967
beads	343.1522648413832	NA	NA	752.6983467188101	NA	NA	10	8935f8ac-8671-4abc-88d6-ad6b8fe91967
beads	262.0349881361395	NA	NA	410.28335193220624	NA	NA	11	8935f8ac-8671-4abc-88d6-ad6b8fe91967
picoeuk	413.05899552796353	NA	NA	NA	2756.1158387066016	NA	1	8935f8ac-8671-4abc-88d6-ad6b8fe91967
picoeuk	31.33138181934016	NA	NA	NA	313.29705285700294	NA	2	8935f8ac-8671-4abc-88d6-ad6b8fe91967
picoeuk	17.078215210042014	NA	NA	NA	71.08117362001414	NA	3	8935f8ac-8671-4abc-88d6-ad6b8fe91967
picoeuk	18.579963326034896	NA	NA	NA	15.85741514101417	NA	4	8935f8ac-8671-4abc-88d6-ad6b8fe91967
picoeuk	32.40563211228038	NA	NA	NA	3.597747468494497	NA	5	8935f8ac-8671-4abc-88d6-ad6b8fe91967
picoeuk	45.39729530458972	NA	NA	NA	2.5681547791490016	NA	6	8935f8ac-8671-4abc-88d6-ad6b8fe91967
picoeuk	420.08053528848677	NA	NA	NA	1.961072316970246	NA	7	8935f8ac-8671-4abc-88d6-ad6b8fe91967
picoeuk	2424.721502503542	NA	NA	NA	1.7428109924199862	NA	8	8935f8ac-8671-4abc-88d6-ad6b8fe91967
picoeuk	3513.2762006875346	NA	NA	NA	11.906506037087595	NA	9	8935f8ac-8671-4abc-88d6-ad6b8fe91967
picoeuk	3340.0338749040725	NA	NA	NA	1404.3601690901528	NA	10	8935f8ac-8671-4abc-88d6-ad6b8fe91967
picoeuk	1366.991281904801	NA	NA	NA	3373.985065714536	NA	11	8935f8ac-8671-4abc-88d6-ad6b8fe91967
prochloro	3.683658318770133	NA	NA	NA	8.499137488076233	NA	1	8935f8ac-8671-4abc-88d6-ad6b8fe91967
prochloro	10.299787374308416	NA	NA	NA	13.856980419814928	NA	2	8935f8ac-8671-4abc-88d6-ad6b8fe91967
prochloro	16.23607540826977	NA	NA	NA	13.625364501425132	NA	3	8935f8ac-8671-4abc-88d6-ad6b8fe91967
prochloro	21.26222184339989	NA	NA	NA	12.953487398391694	NA	4	8935f8ac-8671-4abc-88d6-ad6b8fe91967
prochloro	31.86398017836012	NA	NA	NA	11.319387154314825	NA	5	8935f8ac-8671-4abc-88d6-ad6b8fe91967
prochloro	48.56371205690613	NA	NA	NA	7.302819860170429	NA	6	8935f8ac-8671-4abc-88d6-ad6b8fe91967
prochloro	48.56371205690613	NA	NA	NA	4.117128945269304	NA	7	8935f8ac-8671-4abc-88d6-ad6b8fe91967
prochloro	41.03053072565576	NA	NA	NA	3.1973292273741896	NA	8	8935f8ac-8671-4abc-88d6-ad6b8fe91967
prochloro	29.28853525625764	NA	NA	NA	2.5681547791490016	NA	9	8935f8ac-8671-4abc-88d6-ad6b8fe91967
prochloro	21.991233674909125	NA	NA	NA	2.282327041489063	NA	10	8935f8ac-8671-4abc-88d6-ad6b8fe91967
prochloro	12.823141142033668	NA	NA	NA	1.994408347406449	NA	11	8935f8ac-8671-4abc-88d6-ad6b8fe91967
prochloro	8.134701515762917	NA	NA	NA	1.961072316970246	NA	12	8935f8ac-8671-4abc-88d6-ad6b8fe91967
prochloro	4.66407985215134	NA	NA	NA	2.13351637046854	NA	13	8935f8ac-8671-4abc-88d6-ad6b8fe91967
prochloro	2.112047567263954	NA	NA	NA	4.187115520798201	NA	14	8935f8ac-8671-4abc-88d6-ad6b8fe91967
synecho	29.28853525625764	NA	NA	10.230575617216376	NA	NA	1	8935f8ac-8671-4abc-88d6-ad6b8fe91967
synecho	66.8961128911822	NA	NA	30.08918408577343	NA	NA	2	8935f8ac-8671-4abc-88d6-ad6b8fe91967
synecho	160.71837610962146	NA	NA	23.76423148318103	NA	NA	3	8935f8ac-8671-4abc-88d6-ad6b8fe91967
synecho	225.15158957068024	NA	NA	9.246496831737508	NA	NA	4	8935f8ac-8671-4abc-88d6-ad6b8fe91967
synecho	271.01930821461343	NA	NA	2.938901206868356	NA	NA	5	8935f8ac-8671-4abc-88d6-ad6b8fe91967
synecho	217.68778944438657	NA	NA	1.961072316970246	NA	NA	6	8935f8ac-8671-4abc-88d6-ad6b8fe91967
synecho	103.68912494527429	NA	NA	1.6568716547531304	NA	NA	7	8935f8ac-8671-4abc-88d6-ad6b8fe91967
synecho	39.6703640886092	NA	NA	1.7724368250754698	NA	NA	8	8935f8ac-8671-4abc-88d6-ad6b8fe91967
synecho	17.663771180668203	NA	NA	1.961072316970246	NA	NA	9	8935f8ac-8671-4abc-88d6-ad6b8fe91967
beads	NA	NA	NA	273.20524564178953	76.40083053442447	NA	1	902364ac-c040-479a-a650-5942c5f65db3
beads	NA	NA	NA	136.91122711549065	53.58589705660099	NA	2	902364ac-c040-479a-a650-5942c5f65db3
beads	NA	NA	NA	98.23993060467562	63.30283189756473	NA	3	902364ac-c040-479a-a650-5942c5f65db3
beads	NA	NA	NA	124.5765395276465	117.77209410449099	NA	4	902364ac-c040-479a-a650-5942c5f65db3
beads	NA	NA	NA	330.52763010242626	256.98734752022074	NA	5	902364ac-c040-479a-a650-5942c5f65db3
beads	NA	NA	NA	454.5660839721714	236.9609399944032	NA	6	902364ac-c040-479a-a650-5942c5f65db3
beads	NA	NA	NA	470.2281210009256	143.3545342019204	NA	7	902364ac-c040-479a-a650-5942c5f65db3
croco	NA	NA	NA	684.401043420688	1603.0580093702372	NA	1	902364ac-c040-479a-a650-5942c5f65db3
croco	NA	NA	NA	162.74139852843177	724.3581274847666	NA	2	902364ac-c040-479a-a650-5942c5f65db3
croco	NA	NA	NA	93.46848698957879	1411.2490266279917	NA	3	902364ac-c040-479a-a650-5942c5f65db3
croco	NA	NA	NA	196.53765106082847	3313.5213869467498	NA	4	902364ac-c040-479a-a650-5942c5f65db3
croco	NA	NA	NA	512.414763999665	2281.242097298126	NA	5	902364ac-c040-479a-a650-5942c5f65db3
picoeuk	230.27725447535565	NA	NA	NA	576.7073145869159	NA	1	902364ac-c040-479a-a650-5942c5f65db3
picoeuk	38.07727897644059	NA	NA	NA	32.491944782604115	NA	2	902364ac-c040-479a-a650-5942c5f65db3
picoeuk	53.92853853891315	NA	NA	NA	5.19351421006307	NA	3	902364ac-c040-479a-a650-5942c5f65db3
picoeuk	3900.8728396324786	NA	NA	NA	5.014389513131742	NA	4	902364ac-c040-479a-a650-5942c5f65db3
picoeuk	3518.813667261437	NA	NA	NA	3382.553247231636	NA	5	902364ac-c040-479a-a650-5942c5f65db3
picoeuk	502.43013010872556	NA	NA	NA	3766.1430555399184	NA	6	902364ac-c040-479a-a650-5942c5f65db3
prochloro	23.209146233459176	NA	NA	NA	13.243787465524164	NA	1	902364ac-c040-479a-a650-5942c5f65db3
prochloro	46.40177254333716	NA	NA	NA	8.294505260490226	NA	2	902364ac-c040-479a-a650-5942c5f65db3
prochloro	20.898252489965817	NA	NA	NA	2.892398350677741	NA	3	902364ac-c040-479a-a650-5942c5f65db3
prochloro	7.977333948202306	NA	NA	NA	2.4836131363266194	NA	4	902364ac-c040-479a-a650-5942c5f65db3
prochloro	2.9016140069611946	NA	NA	NA	3.3338163519998987	NA	5	902364ac-c040-479a-a650-5942c5f65db3
prochloro	5.8909781872005045	NA	NA	NA	9.306207537324063	NA	6	902364ac-c040-479a-a650-5942c5f65db3
synecho	33.813056689782194	NA	NA	28.828334678334297	NA	NA	1	902364ac-c040-479a-a650-5942c5f65db3
synecho	8.216317915736061	NA	NA	9.500329374800653	NA	NA	2	902364ac-c040-479a-a650-5942c5f65db3
synecho	7.58126275787381	NA	NA	3.5187268866765753	NA	NA	3	902364ac-c040-479a-a650-5942c5f65db3
synecho	33.578264127970044	NA	NA	2.2632837270206463	NA	NA	4	902364ac-c040-479a-a650-5942c5f65db3
synecho	210.71389792827597	NA	NA	2.564946996263626	NA	NA	5	902364ac-c040-479a-a650-5942c5f65db3
synecho	340.4206170492862	NA	NA	19.073418399709272	NA	NA	6	902364ac-c040-479a-a650-5942c5f65db3
synecho	228.18310062868318	NA	NA	50.13151381075895	NA	NA	7	902364ac-c040-479a-a650-5942c5f65db3
beads	NA	NA	NA	174.2117027941521	64.66192634483045	NA	1	90542214-6800-48f9-9291-71ea1be3d505
beads	NA	NA	NA	104.0698831614096	79.24500525838009	NA	2	90542214-6800-48f9-9291-71ea1be3d505
beads	NA	NA	NA	179.00030062309642	158.22349835124442	NA	3	90542214-6800-48f9-9291-71ea1be3d505
beads	NA	NA	NA	343.1533100246498	247.50396155335707	NA	4	90542214-6800-48f9-9291-71ea1be3d505
beads	NA	NA	NA	529.5550904248014	160.3833202379701	NA	5	90542214-6800-48f9-9291-71ea1be3d505
beads	NA	NA	NA	299.6442988587706	85.96094922861876	NA	6	90542214-6800-48f9-9291-71ea1be3d505
beads	NA	NA	NA	225.3997629891635	68.26553652813396	NA	7	90542214-6800-48f9-9291-71ea1be3d505
picoeuk	12.707571396018452	NA	NA	NA	46.13515955423034	NA	1	90542214-6800-48f9-9291-71ea1be3d505
picoeuk	30.675855628062013	NA	NA	NA	8.70525094113541	NA	2	90542214-6800-48f9-9291-71ea1be3d505
picoeuk	66.43930384096855	NA	NA	NA	4.99303239832286	NA	3	90542214-6800-48f9-9291-71ea1be3d505
picoeuk	254.3071608444512	NA	NA	NA	3.415814664759292	NA	4	90542214-6800-48f9-9291-71ea1be3d505
picoeuk	4755.689958407414	NA	NA	NA	25.40682897747585	NA	5	90542214-6800-48f9-9291-71ea1be3d505
picoeuk	3725.852187672527	NA	NA	NA	1483.9376868145348	NA	6	90542214-6800-48f9-9291-71ea1be3d505
picoeuk	3529.171408939512	NA	NA	NA	3085.8826066763068	NA	7	90542214-6800-48f9-9291-71ea1be3d505
picoeuk	816.1035745521235	NA	NA	NA	2844.7892396166467	NA	8	90542214-6800-48f9-9291-71ea1be3d505
picoeuk	26.069822674954228	NA	NA	NA	574.4344150567036	NA	9	90542214-6800-48f9-9291-71ea1be3d505
prochloro	25.030724784722505	NA	NA	NA	11.416832816639628	NA	1	90542214-6800-48f9-9291-71ea1be3d505
prochloro	33.72983420664582	NA	NA	NA	7.2985144035789	NA	2	90542214-6800-48f9-9291-71ea1be3d505
prochloro	25.718750172446637	NA	NA	NA	4.540951492937075	NA	3	90542214-6800-48f9-9291-71ea1be3d505
prochloro	17.123925896801353	NA	NA	NA	2.4670450647441022	NA	4	90542214-6800-48f9-9291-71ea1be3d505
prochloro	10.946925632603604	NA	NA	NA	2.068379655114757	NA	5	90542214-6800-48f9-9291-71ea1be3d505
prochloro	6.539430206407116	NA	NA	NA	2.213458297044431	NA	6	90542214-6800-48f9-9291-71ea1be3d505
prochloro	3.231116429842156	NA	NA	NA	2.6045335254276027	NA	7	90542214-6800-48f9-9291-71ea1be3d505
prochloro	2.210459296900772	NA	NA	NA	2.676124947732983	NA	8	90542214-6800-48f9-9291-71ea1be3d505
prochloro	2.03776086907168	NA	NA	NA	3.148944416034704	NA	9	90542214-6800-48f9-9291-71ea1be3d505
prochloro	2.7089798975706048	NA	NA	NA	4.4798002060922055	NA	10	90542214-6800-48f9-9291-71ea1be3d505
prochloro	5.947334803739047	NA	NA	NA	8.94453421021862	NA	11	90542214-6800-48f9-9291-71ea1be3d505
synecho	99.78645477765848	NA	NA	49.371135249884325	NA	NA	1	90542214-6800-48f9-9291-71ea1be3d505
synecho	19.87804779322118	NA	NA	19.905016970292703	NA	NA	2	90542214-6800-48f9-9291-71ea1be3d505
synecho	12.367619739030692	NA	NA	9.190394714495888	NA	NA	3	90542214-6800-48f9-9291-71ea1be3d505
synecho	10.65407459193258	NA	NA	3.6061780703368034	NA	NA	4	90542214-6800-48f9-9291-71ea1be3d505
synecho	22.15539356241565	NA	NA	2.068379655114757	NA	NA	5	90542214-6800-48f9-9291-71ea1be3d505
synecho	65.54459071019144	NA	NA	1.906781603934703	NA	NA	6	90542214-6800-48f9-9291-71ea1be3d505
synecho	272.1445716104441	NA	NA	6.373122937423926	NA	NA	7	90542214-6800-48f9-9291-71ea1be3d505
synecho	333.520809344608	NA	NA	15.177428845363314	NA	NA	8	90542214-6800-48f9-9291-71ea1be3d505
beads	378.653853814684	NA	NA	285.8915213240225	NA	NA	1	9429926e-d849-4697-a532-b100b81de3d9
beads	581.1398433900839	NA	NA	240.8718051758238	NA	NA	2	9429926e-d849-4697-a532-b100b81de3d9
beads	473.1319561830904	NA	NA	170.98395199359095	NA	NA	3	9429926e-d849-4697-a532-b100b81de3d9
beads	391.8550453744999	NA	NA	105.8260259701606	NA	NA	4	9429926e-d849-4697-a532-b100b81de3d9
beads	264.22276553903794	NA	NA	97.13703286809108	NA	NA	5	9429926e-d849-4697-a532-b100b81de3d9
beads	255.32137359954768	NA	NA	165.22367933520383	NA	NA	6	9429926e-d849-4697-a532-b100b81de3d9
beads	324.5402779896585	NA	NA	210.01664712184595	NA	NA	7	9429926e-d849-4697-a532-b100b81de3d9
beads	297.8934469200402	NA	NA	199.49367383268583	NA	NA	8	9429926e-d849-4697-a532-b100b81de3d9
beads	473.1319561830904	NA	NA	271.5668052421362	NA	NA	9	9429926e-d849-4697-a532-b100b81de3d9
beads	489.6269833001269	NA	NA	224.91573735337667	NA	NA	10	9429926e-d849-4697-a532-b100b81de3d9
beads	489.6269833001269	NA	NA	151.65775926137485	NA	NA	11	9429926e-d849-4697-a532-b100b81de3d9
beads	419.65419253128624	NA	NA	102.2608565093183	NA	NA	12	9429926e-d849-4697-a532-b100b81de3d9
beads	335.85488190945426	NA	NA	97.13703286809108	NA	NA	13	9429926e-d849-4697-a532-b100b81de3d9
beads	259.7339397031095	NA	NA	98.81579392358545	NA	NA	14	9429926e-d849-4697-a532-b100b81de3d9
beads	234.35785698178367	NA	NA	123.47136945747926	NA	NA	15	9429926e-d849-4697-a532-b100b81de3d9
picoeuk	611.7940437553016	NA	NA	NA	2273.141684295273	NA	1	9429926e-d849-4697-a532-b100b81de3d9
picoeuk	24.833559851699544	NA	NA	NA	402.74660880666187	NA	2	9429926e-d849-4697-a532-b100b81de3d9
picoeuk	9.03625879645548	NA	NA	NA	42.676751458973634	NA	3	9429926e-d849-4697-a532-b100b81de3d9
picoeuk	4.399915801099747	NA	NA	NA	6.480715587528526	NA	4	9429926e-d849-4697-a532-b100b81de3d9
picoeuk	9.51290704360136	NA	NA	NA	4.150908506762022	NA	5	9429926e-d849-4697-a532-b100b81de3d9
picoeuk	26.595312808292167	NA	NA	NA	3.210112098650731	NA	6	9429926e-d849-4697-a532-b100b81de3d9
picoeuk	61.58006080486002	NA	NA	NA	3.497259451812356	NA	7	9429926e-d849-4697-a532-b100b81de3d9
picoeuk	273.4344909901465	NA	NA	NA	6.155996580931675	NA	8	9429926e-d849-4697-a532-b100b81de3d9
picoeuk	1465.9640385669877	NA	NA	NA	13.773690465873656	NA	9	9429926e-d849-4697-a532-b100b81de3d9
picoeuk	3573.4105882459603	NA	NA	NA	27.806932517247475	NA	10	9429926e-d849-4697-a532-b100b81de3d9
picoeuk	3394.3633332467	NA	NA	NA	1481.1131413811	NA	11	9429926e-d849-4697-a532-b100b81de3d9
picoeuk	3761.9023005338	NA	NA	NA	3429.440291324112	NA	12	9429926e-d849-4697-a532-b100b81de3d9
prochloro	5.887763945739287	NA	NA	NA	8.237670073196508	NA	1	9429926e-d849-4697-a532-b100b81de3d9
prochloro	17.932873861217995	NA	NA	NA	13.5396920914597	NA	2	9429926e-d849-4697-a532-b100b81de3d9
prochloro	28.48204879182892	NA	NA	NA	9.4479294292443	NA	3	9429926e-d849-4697-a532-b100b81de3d9
prochloro	27.998173164321518	NA	NA	NA	5.011872336272722	NA	4	9429926e-d849-4697-a532-b100b81de3d9
prochloro	21.65243446548928	NA	NA	NA	2.946541378439513	NA	5	9429926e-d849-4697-a532-b100b81de3d9
prochloro	13.868418263542727	NA	NA	NA	1.792702195045971	NA	6	9429926e-d849-4697-a532-b100b81de3d9
prochloro	5.689411262459687	NA	NA	NA	1.8872643781541405	NA	7	9429926e-d849-4697-a532-b100b81de3d9
prochloro	2.8668574242434586	NA	NA	NA	2.4825456087786004	NA	8	9429926e-d849-4697-a532-b100b81de3d9
synecho	6.305456197718852	NA	NA	11.80528677499174	NA	NA	1	9429926e-d849-4697-a532-b100b81de3d9
synecho	17.034339601074347	NA	NA	37.20995176219812	NA	NA	2	9429926e-d849-4697-a532-b100b81de3d9
synecho	70.62726032521594	NA	NA	73.84487168464553	NA	NA	3	9429926e-d849-4697-a532-b100b81de3d9
synecho	207.86855749180097	NA	NA	66.63020588256667	NA	NA	4	9429926e-d849-4697-a532-b100b81de3d9
synecho	457.1926294846834	NA	NA	19.07389575202337	NA	NA	5	9429926e-d849-4697-a532-b100b81de3d9
synecho	234.35785698178367	NA	NA	6.940473266868363	NA	NA	6	9429926e-d849-4697-a532-b100b81de3d9
synecho	166.3599960910496	NA	NA	3.049268068750025	NA	NA	7	9429926e-d849-4697-a532-b100b81de3d9
synecho	97.80508746235547	NA	NA	1.9868145656831744	NA	NA	8	9429926e-d849-4697-a532-b100b81de3d9
synecho	42.97025846694621	NA	NA	1.792702195045971	NA	NA	9	9429926e-d849-4697-a532-b100b81de3d9
synecho	14.108097815148549	NA	NA	1.5900743593399422	NA	NA	10	9429926e-d849-4697-a532-b100b81de3d9
synecho	6.752780550946292	NA	NA	2.091615866915079	NA	NA	11	9429926e-d849-4697-a532-b100b81de3d9
synecho	5.046341212264233	NA	NA	4.369862313683434	NA	NA	12	9429926e-d849-4697-a532-b100b81de3d9
beads	NA	NA	NA	132.8351403635575	41.33685833632187	NA	1	94de7959-b51c-44d8-8916-07242c1e2442
beads	NA	NA	NA	79.35251946707282	56.463327079847744	NA	2	94de7959-b51c-44d8-8916-07242c1e2442
beads	NA	NA	NA	191.55559744937548	160.3833202379701	NA	3	94de7959-b51c-44d8-8916-07242c1e2442
beads	NA	NA	NA	357.3985979074153	342.68837385330465	NA	4	94de7959-b51c-44d8-8916-07242c1e2442
beads	NA	NA	NA	851.1355959132023	639.3775278047483	NA	5	94de7959-b51c-44d8-8916-07242c1e2442
beads	NA	NA	NA	1101.222010424641	307.46354626681267	NA	6	94de7959-b51c-44d8-8916-07242c1e2442
beads	NA	NA	NA	598.2808515420838	160.3833202379701	NA	7	94de7959-b51c-44d8-8916-07242c1e2442
beads	NA	NA	NA	299.6442988587706	94.51891418718306	NA	8	94de7959-b51c-44d8-8916-07242c1e2442
beads	NA	NA	NA	156.3045379683619	53.48273349197952	NA	9	94de7959-b51c-44d8-8916-07242c1e2442
beads	313.6068513841064	NA	NA	236.77968396887852	NA	NA	1	96e79e35-1fd2-42d1-aaab-175954b4270d
beads	571.2669789608011	NA	NA	327.894039684517	NA	NA	2	96e79e35-1fd2-42d1-aaab-175954b4270d
beads	689.7567517606276	NA	NA	202.9414032985694	NA	NA	3	96e79e35-1fd2-42d1-aaab-175954b4270d
beads	689.7567517606276	NA	NA	111.4081801467184	NA	NA	4	96e79e35-1fd2-42d1-aaab-175954b4270d
beads	303.0417606229665	NA	NA	109.51548964990918	NA	NA	5	96e79e35-1fd2-42d1-aaab-175954b4270d
beads	308.2790495425608	NA	NA	262.41800019392707	NA	NA	6	96e79e35-1fd2-42d1-aaab-175954b4270d
picoeuk	738.6897683720529	NA	NA	NA	2990.136396257421	NA	1	96e79e35-1fd2-42d1-aaab-175954b4270d
picoeuk	12.949732814900754	NA	NA	NA	102.2608565093183	NA	2	96e79e35-1fd2-42d1-aaab-175954b4270d
picoeuk	13.632810578194904	NA	NA	NA	37.20995176219812	NA	3	96e79e35-1fd2-42d1-aaab-175954b4270d
picoeuk	23.589263789575547	NA	NA	NA	9.946292646040796	NA	4	96e79e35-1fd2-42d1-aaab-175954b4270d
picoeuk	32.1115997428659	NA	NA	NA	5.748204980381329	NA	5	96e79e35-1fd2-42d1-aaab-175954b4270d
picoeuk	59.50549218938355	NA	NA	NA	3.94292547331676	NA	6	96e79e35-1fd2-42d1-aaab-175954b4270d
picoeuk	287.85772451803103	NA	NA	NA	3.101966739179169	NA	7	96e79e35-1fd2-42d1-aaab-175954b4270d
picoeuk	1300.2671809525068	NA	NA	NA	3.619186091387365	NA	8	96e79e35-1fd2-42d1-aaab-175954b4270d
picoeuk	3453.026078070204	NA	NA	NA	5.0984895186677255	NA	9	96e79e35-1fd2-42d1-aaab-175954b4270d
picoeuk	3115.664409063202	NA	NA	NA	3094.3829606573386	NA	10	96e79e35-1fd2-42d1-aaab-175954b4270d
prochloro	6.198334108409497	NA	NA	NA	11.604729203171535	NA	1	96e79e35-1fd2-42d1-aaab-175954b4270d
prochloro	14.108097815148549	NA	NA	NA	11.80528677499174	NA	2	96e79e35-1fd2-42d1-aaab-175954b4270d
prochloro	41.5226348620113	NA	NA	NA	11.604729203171535	NA	3	96e79e35-1fd2-42d1-aaab-175954b4270d
prochloro	42.240245646175616	NA	NA	NA	5.554553894433011	NA	4	96e79e35-1fd2-42d1-aaab-175954b4270d
prochloro	33.8054354413843	NA	NA	NA	3.101966739179169	NA	5	96e79e35-1fd2-42d1-aaab-175954b4270d
prochloro	5.497740876114343	NA	NA	NA	2.358156606819422	NA	6	96e79e35-1fd2-42d1-aaab-175954b4270d
prochloro	2.8668574242434586	NA	NA	NA	3.155576169109408	NA	7	96e79e35-1fd2-42d1-aaab-175954b4270d
prochloro	3.0702392419712456	NA	NA	NA	13.083553855981677	NA	8	96e79e35-1fd2-42d1-aaab-175954b4270d
synecho	32.1115997428659	NA	NA	52.41911973003146	NA	NA	1	96e79e35-1fd2-42d1-aaab-175954b4270d
synecho	92.90452202140142	NA	NA	65.49823911577904	NA	NA	2	96e79e35-1fd2-42d1-aaab-175954b4270d
synecho	215.11557906326203	NA	NA	62.21642203057203	NA	NA	3	96e79e35-1fd2-42d1-aaab-175954b4270d
synecho	287.85772451803103	NA	NA	33.00413776077855	NA	NA	4	96e79e35-1fd2-42d1-aaab-175954b4270d
synecho	330.1491128854933	NA	NA	13.773690465873656	NA	NA	5	96e79e35-1fd2-42d1-aaab-175954b4270d
synecho	287.85772451803103	NA	NA	3.322027781842245	NA	NA	6	96e79e35-1fd2-42d1-aaab-175954b4270d
synecho	184.3733244116532	NA	NA	3.101966739179169	NA	NA	7	96e79e35-1fd2-42d1-aaab-175954b4270d
synecho	81.00365338795076	NA	NA	2.6586634143715195	NA	NA	8	96e79e35-1fd2-42d1-aaab-175954b4270d
synecho	7.7448833868819165	NA	NA	2.398911212528465	NA	NA	9	96e79e35-1fd2-42d1-aaab-175954b4270d
synecho	7.7448833868819165	NA	NA	6.82256300410076	NA	NA	10	96e79e35-1fd2-42d1-aaab-175954b4270d
synecho	9.192427035354228	NA	NA	17.50780700306424	NA	NA	11	96e79e35-1fd2-42d1-aaab-175954b4270d
synecho	16.74494673387272	NA	NA	35.3455313276724	NA	NA	12	96e79e35-1fd2-42d1-aaab-175954b4270d
beads	326.2311652570839	NA	NA	231.30646741199712	NA	NA	1	9c5320f6-a925-48e0-b4d3-ed8064286349
beads	619.0182636102052	NA	NA	243.3039715943048	NA	NA	2	9c5320f6-a925-48e0-b4d3-ed8064286349
beads	588.4940014786702	NA	NA	149.22976314652314	NA	NA	3	9c5320f6-a925-48e0-b4d3-ed8064286349
beads	406.1548190263086	NA	NA	108.33441487933338	NA	NA	4	9c5320f6-a925-48e0-b4d3-ed8064286349
beads	315.4165660038004	NA	NA	102.99236235513578	NA	NA	5	9c5320f6-a925-48e0-b4d3-ed8064286349
beads	253.34849926314024	NA	NA	132.6209489356315	NA	NA	6	9c5320f6-a925-48e0-b4d3-ed8064286349
beads	253.34849926314024	NA	NA	198.7483396252885	NA	NA	7	9c5320f6-a925-48e0-b4d3-ed8064286349
picoeuk	619.0182636102052	NA	NA	NA	3262.1370871699	NA	1	9c5320f6-a925-48e0-b4d3-ed8064286349
picoeuk	31.33138181934016	NA	NA	NA	555.7153954009406	NA	2	9c5320f6-a925-48e0-b4d3-ed8064286349
picoeuk	14.42905009184407	NA	NA	NA	66.44658928961977	NA	3	9c5320f6-a925-48e0-b4d3-ed8064286349
picoeuk	8.556635742458583	NA	NA	NA	30.60066647620029	NA	4	9c5320f6-a925-48e0-b4d3-ed8064286349
picoeuk	19.21700931273602	NA	NA	NA	10.404483931154695	NA	5	9c5320f6-a925-48e0-b4d3-ed8064286349
picoeuk	35.2551744311733	NA	NA	NA	3.980645664825837	NA	6	9c5320f6-a925-48e0-b4d3-ed8064286349
picoeuk	214.04919317399663	NA	NA	NA	4.955867470022754	NA	7	9c5320f6-a925-48e0-b4d3-ed8064286349
picoeuk	1538.186740927528	NA	NA	NA	12.5240778567384	NA	8	9c5320f6-a925-48e0-b4d3-ed8064286349
picoeuk	3633.7349155163433	NA	NA	NA	31.120843493738715	NA	9	9c5320f6-a925-48e0-b4d3-ed8064286349
picoeuk	3513.2762006875346	NA	NA	NA	2251.395417709323	NA	10	9c5320f6-a925-48e0-b4d3-ed8064286349
picoeuk	3572.997956659209	NA	NA	NA	3926.697290264884	NA	11	9c5320f6-a925-48e0-b4d3-ed8064286349
prochloro	6.211750973461475	NA	NA	NA	16.12697341747643	NA	1	9c5320f6-a925-48e0-b4d3-ed8064286349
prochloro	13.04112016284764	NA	NA	NA	16.96345426986655	NA	2	9c5320f6-a925-48e0-b4d3-ed8064286349
prochloro	46.95381962454633	NA	NA	NA	17.251813971316555	NA	3	9c5320f6-a925-48e0-b4d3-ed8064286349
prochloro	57.47998105399589	NA	NA	NA	12.5240778567384	NA	4	9c5320f6-a925-48e0-b4d3-ed8064286349
prochloro	43.15872009057541	NA	NA	NA	4.555303458909317	NA	5	9c5320f6-a925-48e0-b4d3-ed8064286349
prochloro	25.16595327993847	NA	NA	NA	2.79398174957489	NA	6	9c5320f6-a925-48e0-b4d3-ed8064286349
prochloro	11.589683550474405	NA	NA	NA	2.6562083811166515	NA	7	9c5320f6-a925-48e0-b4d3-ed8064286349
prochloro	5.905444801000703	NA	NA	NA	2.441517110631904	NA	8	9c5320f6-a925-48e0-b4d3-ed8064286349
prochloro	3.3859221584181363	NA	NA	NA	2.8897782174822746	NA	9	9c5320f6-a925-48e0-b4d3-ed8064286349
prochloro	2.812883558564577	NA	NA	NA	6.274892950598807	NA	10	9c5320f6-a925-48e0-b4d3-ed8064286349
prochloro	3.218959757474166	NA	NA	NA	10.404483931154695	NA	11	9c5320f6-a925-48e0-b4d3-ed8064286349
synecho	46.168998420736514	NA	NA	65.33595137746845	NA	NA	1	9c5320f6-a925-48e0-b4d3-ed8064286349
synecho	193.45980720661015	NA	NA	87.01623309125367	NA	NA	2	9c5320f6-a925-48e0-b4d3-ed8064286349
synecho	337.4165616390372	NA	NA	36.21893085995072	NA	NA	3	9c5320f6-a925-48e0-b4d3-ed8064286349
synecho	171.92832496459494	NA	NA	7.4269596091343315	NA	NA	4	9c5320f6-a925-48e0-b4d3-ed8064286349
synecho	92.1488438673296	NA	NA	3.42033980014734	NA	NA	5	9c5320f6-a925-48e0-b4d3-ed8064286349
synecho	22.36505998859092	NA	NA	1.896062552504523	NA	NA	6	9c5320f6-a925-48e0-b4d3-ed8064286349
synecho	10.299787374308416	NA	NA	2.1697837564525297	NA	NA	7	9c5320f6-a925-48e0-b4d3-ed8064286349
synecho	7.229334226506361	NA	NA	4.63273850984459	NA	NA	8	9c5320f6-a925-48e0-b4d3-ed8064286349
synecho	9.958348282309348	NA	NA	21.84345859296338	NA	NA	9	9c5320f6-a925-48e0-b4d3-ed8064286349
beads	358.98160256943714	NA	NA	369.38230944447366	NA	NA	1	9c99ca45-0f20-449b-bfba-a219cb03343f
beads	477.65155336676577	NA	NA	511.9587289743056	NA	NA	2	9c99ca45-0f20-449b-bfba-a219cb03343f
beads	779.3804080134937	NA	NA	428.9917132235752	NA	NA	3	9c99ca45-0f20-449b-bfba-a219cb03343f
beads	738.1132605281688	NA	NA	293.1322263322331	NA	NA	4	9c99ca45-0f20-449b-bfba-a219cb03343f
beads	610.1411824744081	NA	NA	259.3605951060823	NA	NA	5	9c99ca45-0f20-449b-bfba-a219cb03343f
beads	471.19923347109625	NA	NA	229.47977824021456	NA	NA	6	9c99ca45-0f20-449b-bfba-a219cb03343f
beads	349.348556970655	NA	NA	208.64024660905025	NA	NA	7	9c99ca45-0f20-449b-bfba-a219cb03343f
beads	335.3814949093319	NA	NA	248.99127925855004	NA	NA	8	9c99ca45-0f20-449b-bfba-a219cb03343f
picoeuk	104.1285565394544	NA	NA	NA	1024.4069813565138	NA	1	9c99ca45-0f20-449b-bfba-a219cb03343f
picoeuk	98.61508910305824	NA	NA	NA	4.693008498911757	NA	2	9c99ca45-0f20-449b-bfba-a219cb03343f
picoeuk	3624.077278501824	NA	NA	NA	2690.558815566024	NA	3	9c99ca45-0f20-449b-bfba-a219cb03343f
prochloro	6.495603972231246	NA	NA	NA	11.995215729634992	NA	1	9c99ca45-0f20-449b-bfba-a219cb03343f
prochloro	13.912020594187988	NA	NA	NA	13.015108051820064	NA	2	9c99ca45-0f20-449b-bfba-a219cb03343f
prochloro	22.393495128538063	NA	NA	NA	12.494760054762605	NA	3	9c99ca45-0f20-449b-bfba-a219cb03343f
prochloro	35.07844353265657	NA	NA	NA	10.613252350282016	NA	4	9c99ca45-0f20-449b-bfba-a219cb03343f
prochloro	48.61823348385178	NA	NA	NA	6.59351228653322	NA	5	9c99ca45-0f20-449b-bfba-a219cb03343f
prochloro	44.80840241284141	NA	NA	NA	3.624311996762017	NA	6	9c99ca45-0f20-449b-bfba-a219cb03343f
prochloro	34.60458903031165	NA	NA	NA	2.614970035169485	NA	7	9c99ca45-0f20-449b-bfba-a219cb03343f
prochloro	17.770897291374276	NA	NA	NA	2.0471401295037834	NA	8	9c99ca45-0f20-449b-bfba-a219cb03343f
prochloro	11.499992141954252	NA	NA	NA	1.836092761253588	NA	9	9c99ca45-0f20-449b-bfba-a219cb03343f
prochloro	7.965606090405909	NA	NA	NA	1.938746804782313	NA	10	9c99ca45-0f20-449b-bfba-a219cb03343f
prochloro	3.4277444634109417	NA	NA	NA	2.0471401295037834	NA	11	9c99ca45-0f20-449b-bfba-a219cb03343f
prochloro	1.9626237604556256	NA	NA	NA	2.614970035169485	NA	12	9c99ca45-0f20-449b-bfba-a219cb03343f
prochloro	1.9894987539568167	NA	NA	NA	4.5670745665266175	NA	13	9c99ca45-0f20-449b-bfba-a219cb03343f
synecho	32.32962000459096	NA	NA	29.83675217008807	NA	NA	1	9c99ca45-0f20-449b-bfba-a219cb03343f
synecho	109.95027622658309	NA	NA	52.82378928338307	NA	NA	2	9c99ca45-0f20-449b-bfba-a219cb03343f
synecho	205.5421080217057	NA	NA	26.39927344629802	NA	NA	3	9c99ca45-0f20-449b-bfba-a219cb03343f
synecho	245.293960535434	NA	NA	7.762404135822941	NA	NA	4	9c99ca45-0f20-449b-bfba-a219cb03343f
synecho	266.1500612231761	NA	NA	2.687076030988303	NA	NA	5	9c99ca45-0f20-449b-bfba-a219cb03343f
synecho	226.07218949577876	NA	NA	2.1323938887928398	NA	NA	6	9c99ca45-0f20-449b-bfba-a219cb03343f
synecho	95.96881519024966	NA	NA	1.6026121345413988	NA	NA	7	9c99ca45-0f20-449b-bfba-a219cb03343f
synecho	38.58216990113901	NA	NA	1.4972534792736767	NA	NA	8	9c99ca45-0f20-449b-bfba-a219cb03343f
synecho	16.378330926681095	NA	NA	2.075172439508869	NA	NA	9	9c99ca45-0f20-449b-bfba-a219cb03343f
beads	394.8348262227678	NA	NA	1580.096922416857	NA	NA	1	a3da8094-256e-4d5a-8f73-81c6bbe8c55a
beads	1952.8677329957804	NA	NA	1559.1871577307863	NA	NA	2	a3da8094-256e-4d5a-8f73-81c6bbe8c55a
beads	1399.7029440971894	NA	NA	350.69106176898464	NA	NA	3	a3da8094-256e-4d5a-8f73-81c6bbe8c55a
beads	843.6993346616324	NA	NA	151.50939845392634	NA	NA	4	a3da8094-256e-4d5a-8f73-81c6bbe8c55a
beads	222.6588144078625	NA	NA	122.4255104841974	NA	NA	5	a3da8094-256e-4d5a-8f73-81c6bbe8c55a
beads	234.8452631366418	NA	NA	551.6085051201648	NA	NA	6	a3da8094-256e-4d5a-8f73-81c6bbe8c55a
beads	298.48355693289807	NA	NA	891.0625001360687	NA	NA	7	a3da8094-256e-4d5a-8f73-81c6bbe8c55a
picoeuk	61.97749092723696	NA	NA	NA	457.7562259139459	NA	1	a3da8094-256e-4d5a-8f73-81c6bbe8c55a
picoeuk	177.53613616220835	NA	NA	NA	64.59054851891726	NA	2	a3da8094-256e-4d5a-8f73-81c6bbe8c55a
picoeuk	319.0419581261898	NA	NA	NA	22.85081411603264	NA	3	a3da8094-256e-4d5a-8f73-81c6bbe8c55a
picoeuk	1275.080279844417	NA	NA	NA	39.984508278567255	NA	4	a3da8094-256e-4d5a-8f73-81c6bbe8c55a
picoeuk	3604.166322591597	NA	NA	NA	3376.416247010179	NA	5	a3da8094-256e-4d5a-8f73-81c6bbe8c55a
picoeuk	251.02050303098736	NA	NA	NA	2264.0793156906275	NA	6	a3da8094-256e-4d5a-8f73-81c6bbe8c55a
prochloro	10.125324788300215	NA	NA	NA	12.381397961622664	NA	1	a3da8094-256e-4d5a-8f73-81c6bbe8c55a
prochloro	19.44900517783629	NA	NA	NA	14.335404188809871	NA	2	a3da8094-256e-4d5a-8f73-81c6bbe8c55a
prochloro	38.88143234366722	NA	NA	NA	9.23611142662237	NA	3	a3da8094-256e-4d5a-8f73-81c6bbe8c55a
prochloro	74.68453553682238	NA	NA	NA	4.872885568276908	NA	4	a3da8094-256e-4d5a-8f73-81c6bbe8c55a
prochloro	29.00425643904638	NA	NA	NA	2.503296577629908	NA	5	a3da8094-256e-4d5a-8f73-81c6bbe8c55a
prochloro	13.3938059915855	NA	NA	NA	2.1620814268911848	NA	6	a3da8094-256e-4d5a-8f73-81c6bbe8c55a
prochloro	5.786538951284971	NA	NA	NA	2.191076415494229	NA	7	a3da8094-256e-4d5a-8f73-81c6bbe8c55a
prochloro	2.130629913348442	NA	NA	NA	2.503296577629908	NA	8	a3da8094-256e-4d5a-8f73-81c6bbe8c55a
prochloro	2.130629913348442	NA	NA	NA	5.641914136318825	NA	9	a3da8094-256e-4d5a-8f73-81c6bbe8c55a
synecho	41.55943609471018	NA	NA	57.29275012009788	NA	NA	1	a3da8094-256e-4d5a-8f73-81c6bbe8c55a
synecho	184.7749945907983	NA	NA	42.17292000337606	NA	NA	2	a3da8094-256e-4d5a-8f73-81c6bbe8c55a
synecho	254.3868594197842	NA	NA	14.527651749842878	NA	NA	3	a3da8094-256e-4d5a-8f73-81c6bbe8c55a
synecho	241.1863699647741	NA	NA	3.9374818282893065	NA	NA	4	a3da8094-256e-4d5a-8f73-81c6bbe8c55a
synecho	202.83436895113823	NA	NA	2.191076415494229	NA	NA	5	a3da8094-256e-4d5a-8f73-81c6bbe8c55a
synecho	114.38418577176434	NA	NA	1.892418846880936	NA	NA	6	a3da8094-256e-4d5a-8f73-81c6bbe8c55a
synecho	30.59170261741028	NA	NA	1.892418846880936	NA	NA	7	a3da8094-256e-4d5a-8f73-81c6bbe8c55a
synecho	7.25724875098578	NA	NA	2.470169912021558	NA	NA	8	a3da8094-256e-4d5a-8f73-81c6bbe8c55a
synecho	7.553155812078122	NA	NA	24.101473225919893	NA	NA	9	a3da8094-256e-4d5a-8f73-81c6bbe8c55a
synecho	17.023255227045023	NA	NA	38.93326297601647	NA	NA	10	a3da8094-256e-4d5a-8f73-81c6bbe8c55a
beads	NA	NA	NA	187.88111794581076	57.23324637241644	NA	1	a4ec6d58-1009-4664-af4e-378d7840b5b3
beads	NA	NA	NA	116.37636278681794	36.795809854875166	NA	2	a4ec6d58-1009-4664-af4e-378d7840b5b3
beads	NA	NA	NA	86.6497284775492	52.1984357159205	NA	3	a4ec6d58-1009-4664-af4e-378d7840b5b3
beads	NA	NA	NA	769.6366740312985	465.989838010591	NA	4	a4ec6d58-1009-4664-af4e-378d7840b5b3
beads	NA	NA	NA	891.1858208339922	386.41255413453996	NA	5	a4ec6d58-1009-4664-af4e-378d7840b5b3
croco	NA	NA	NA	495.96648091092896	1281.3521235678595	NA	1	a4ec6d58-1009-4664-af4e-378d7840b5b3
croco	NA	NA	NA	245.29876537859164	628.39895834053425	NA	2	a4ec6d58-1009-4664-af4e-378d7840b5b3
croco	NA	NA	NA	126.87232203128086	937.0288013457531	NA	3	a4ec6d58-1009-4664-af4e-378d7840b5b3
croco	NA	NA	NA	173.35160480756534	3958.3765749979216	NA	4	a4ec6d58-1009-4664-af4e-378d7840b5b3
croco	NA	NA	NA	793.139486062385	4020.1755749656645	NA	5	a4ec6d58-1009-4664-af4e-378d7840b5b3
picoeuk	321.4684950734215	NA	NA	NA	3885.836474875731	NA	1	a4ec6d58-1009-4664-af4e-378d7840b5b3
picoeuk	31.315604357015633	NA	NA	NA	101.72162429145588	NA	2	a4ec6d58-1009-4664-af4e-378d7840b5b3
picoeuk	42.85390208408502	NA	NA	NA	6.213834437415109	NA	3	a4ec6d58-1009-4664-af4e-378d7840b5b3
picoeuk	3648.610847715032	NA	NA	NA	1.7102454241869895	NA	4	a4ec6d58-1009-4664-af4e-378d7840b5b3
picoeuk	3850.5266610418867	NA	NA	NA	3516.152611699294	NA	5	a4ec6d58-1009-4664-af4e-378d7840b5b3
prochloro	20.35069193400812	NA	NA	NA	11.3883431537134	NA	1	a4ec6d58-1009-4664-af4e-378d7840b5b3
prochloro	4.241598578401573	NA	NA	NA	8.561829473469619	NA	2	a4ec6d58-1009-4664-af4e-378d7840b5b3
prochloro	2.2499510619375505	NA	NA	NA	3.0900253399700652	NA	3	a4ec6d58-1009-4664-af4e-378d7840b5b3
prochloro	4.007208063232455	NA	NA	NA	2.1114125241341726	NA	4	a4ec6d58-1009-4664-af4e-378d7840b5b3
prochloro	9.528798384652978	NA	NA	NA	1.9908641021945015	NA	5	a4ec6d58-1009-4664-af4e-378d7840b5b3
prochloro	34.193356044103595	NA	NA	NA	2.663661051694018	NA	6	a4ec6d58-1009-4664-af4e-378d7840b5b3
prochloro	48.88786001687338	NA	NA	NA	7.946207051312656	NA	7	a4ec6d58-1009-4664-af4e-378d7840b5b3
synecho	98.15785080065648	NA	NA	44.53540644793634	NA	NA	1	a4ec6d58-1009-4664-af4e-378d7840b5b3
synecho	14.31165241457592	NA	NA	21.34463968809293	NA	NA	2	a4ec6d58-1009-4664-af4e-378d7840b5b3
synecho	5.875469614513967	NA	NA	5.73406076811416	NA	NA	3	a4ec6d58-1009-4664-af4e-378d7840b5b3
synecho	6.264677648719896	NA	NA	1.8618155803419099	NA	NA	4	a4ec6d58-1009-4664-af4e-378d7840b5b3
synecho	19.172798248245876	NA	NA	1.6234131793095863	NA	NA	5	a4ec6d58-1009-4664-af4e-378d7840b5b3
synecho	99.88997111242968	NA	NA	1.8022628457081047	NA	NA	6	a4ec6d58-1009-4664-af4e-378d7840b5b3
synecho	215.46148382152995	NA	NA	4.262794406751867	NA	NA	7	a4ec6d58-1009-4664-af4e-378d7840b5b3
synecho	323.143037741493	NA	NA	30.516528605728773	NA	NA	8	a4ec6d58-1009-4664-af4e-378d7840b5b3
beads	319.0267304281251	NA	NA	357.22445018714603	NA	NA	1	ad624b44-1baa-4e47-b8f6-e869b61e48fc
beads	622.3673131286272	NA	NA	511.9332335510266	NA	NA	2	ad624b44-1baa-4e47-b8f6-e869b61e48fc
beads	791.094211843137	NA	NA	240.8718051758238	NA	NA	3	ad624b44-1baa-4e47-b8f6-e869b61e48fc
beads	622.3673131286272	NA	NA	127.77601124031108	NA	NA	4	ad624b44-1baa-4e47-b8f6-e869b61e48fc
beads	385.19790117260754	NA	NA	97.13703286809108	NA	NA	5	ad624b44-1baa-4e47-b8f6-e869b61e48fc
beads	278.1600952334486	NA	NA	97.13703286809108	NA	NA	6	ad624b44-1baa-4e47-b8f6-e869b61e48fc
beads	211.4610250469193	NA	NA	180.00308290203577	NA	NA	7	ad624b44-1baa-4e47-b8f6-e869b61e48fc
beads	230.37639989148903	NA	NA	327.894039684517	NA	NA	8	ad624b44-1baa-4e47-b8f6-e869b61e48fc
picoeuk	713.8040733920742	NA	NA	NA	2744.6270871517954	NA	1	ad624b44-1baa-4e47-b8f6-e869b61e48fc
picoeuk	145.04963986441888	NA	NA	NA	998.6953464333094	NA	2	ad624b44-1baa-4e47-b8f6-e869b61e48fc
picoeuk	83.82772274482205	NA	NA	NA	478.02124709357287	NA	3	ad624b44-1baa-4e47-b8f6-e869b61e48fc
picoeuk	120.13230657502142	NA	NA	NA	159.65746431036726	NA	4	ad624b44-1baa-4e47-b8f6-e869b61e48fc
picoeuk	94.5101351314977	NA	NA	NA	36.57779959891632	NA	5	ad624b44-1baa-4e47-b8f6-e869b61e48fc
picoeuk	56.52394423378775	NA	NA	NA	8.672194038191332	NA	6	ad624b44-1baa-4e47-b8f6-e869b61e48fc
picoeuk	62.64431204686129	NA	NA	NA	5.186603653854553	NA	7	ad624b44-1baa-4e47-b8f6-e869b61e48fc
picoeuk	204.33712162387775	NA	NA	NA	4.011068688462213	NA	8	ad624b44-1baa-4e47-b8f6-e869b61e48fc
picoeuk	804.7662184389412	NA	NA	NA	3.049268068750025	NA	9	ad624b44-1baa-4e47-b8f6-e869b61e48fc
picoeuk	1710.3976621811375	NA	NA	NA	3.049268068750025	NA	10	ad624b44-1baa-4e47-b8f6-e869b61e48fc
picoeuk	2670.4035446968574	NA	NA	NA	4.5222109268344495	NA	11	ad624b44-1baa-4e47-b8f6-e869b61e48fc
picoeuk	3573.4105882459603	NA	NA	NA	18.74985328782155	NA	12	ad624b44-1baa-4e47-b8f6-e869b61e48fc
picoeuk	4389.158758953302	NA	NA	NA	186.2786170206193	NA	13	ad624b44-1baa-4e47-b8f6-e869b61e48fc
picoeuk	3761.9023005338	NA	NA	NA	538.9368955669415	NA	14	ad624b44-1baa-4e47-b8f6-e869b61e48fc
picoeuk	3635.167699346784	NA	NA	NA	2352.3913169470243	NA	15	ad624b44-1baa-4e47-b8f6-e869b61e48fc
prochloro	7.7448833868819165	NA	NA	NA	12.642782446311786	NA	1	ad624b44-1baa-4e47-b8f6-e869b61e48fc
prochloro	15.108960485912007	NA	NA	NA	12.861280069486863	NA	2	ad624b44-1baa-4e47-b8f6-e869b61e48fc
prochloro	26.595312808292167	NA	NA	NA	12.861280069486863	NA	3	ad624b44-1baa-4e47-b8f6-e869b61e48fc
prochloro	35.58861827291842	NA	NA	NA	9.287420513097343	NA	4	ad624b44-1baa-4e47-b8f6-e869b61e48fc
prochloro	43.71288766128035	NA	NA	NA	6.940473266868363	NA	5	ad624b44-1baa-4e47-b8f6-e869b61e48fc
prochloro	43.71288766128035	NA	NA	NA	4.080389581908151	NA	6	ad624b44-1baa-4e47-b8f6-e869b61e48fc
prochloro	35.58861827291842	NA	NA	NA	2.8964831972711007	NA	7	ad624b44-1baa-4e47-b8f6-e869b61e48fc
prochloro	28.48204879182892	NA	NA	NA	2.4825456087786004	NA	8	ad624b44-1baa-4e47-b8f6-e869b61e48fc
prochloro	18.87880437126386	NA	NA	NA	2.4825456087786004	NA	9	ad624b44-1baa-4e47-b8f6-e869b61e48fc
prochloro	8.43767002384184	NA	NA	NA	2.2019452697270747	NA	10	ad624b44-1baa-4e47-b8f6-e869b61e48fc
prochloro	4.108452236552791	NA	NA	NA	2.398911212528465	NA	11	ad624b44-1baa-4e47-b8f6-e869b61e48fc
prochloro	1.9664930539180103	NA	NA	NA	3.155576169109408	NA	12	ad624b44-1baa-4e47-b8f6-e869b61e48fc
prochloro	2.542818597963494	NA	NA	NA	6.940473266868363	NA	13	ad624b44-1baa-4e47-b8f6-e869b61e48fc
prochloro	4.399915801099747	NA	NA	NA	9.4479294292443	NA	14	ad624b44-1baa-4e47-b8f6-e869b61e48fc
synecho	35.58861827291842	NA	NA	22.254261253801364	NA	NA	1	ad624b44-1baa-4e47-b8f6-e869b61e48fc
synecho	130.87824715345712	NA	NA	40.53841470412406	NA	NA	2	ad624b44-1baa-4e47-b8f6-e869b61e48fc
synecho	194.0987233716458	NA	NA	17.210370496238358	NA	NA	3	ad624b44-1baa-4e47-b8f6-e869b61e48fc
synecho	264.22276553903794	NA	NA	14.253889266159982	NA	NA	4	ad624b44-1baa-4e47-b8f6-e869b61e48fc
synecho	268.78916905853134	NA	NA	7.182442326970809	NA	NA	5	ad624b44-1baa-4e47-b8f6-e869b61e48fc
synecho	242.52838775123544	NA	NA	3.681734313043045	NA	NA	6	ad624b44-1baa-4e47-b8f6-e869b61e48fc
synecho	218.8332925438864	NA	NA	2.1277640089444905	NA	NA	7	ad624b44-1baa-4e47-b8f6-e869b61e48fc
synecho	99.49539410456066	NA	NA	2.056081838183329	NA	NA	8	ad624b44-1baa-4e47-b8f6-e869b61e48fc
synecho	20.218112533952915	NA	NA	1.91988083601702	NA	NA	9	ad624b44-1baa-4e47-b8f6-e869b61e48fc
synecho	11.290900007678328	NA	NA	3.7453635180838	NA	NA	10	ad624b44-1baa-4e47-b8f6-e869b61e48fc
synecho	23.589263789575547	NA	NA	15.005759203350314	NA	NA	11	ad624b44-1baa-4e47-b8f6-e869b61e48fc
synecho	42.240245646175616	NA	NA	34.74505341697987	NA	NA	12	ad624b44-1baa-4e47-b8f6-e869b61e48fc
beads	NA	NA	NA	204.11214932136977	58.160008477321526	NA	1	ad835b69-dc04-45d2-83d4-1494e351abfc
beads	NA	NA	NA	118.26826940306417	37.85357791333431	NA	2	ad835b69-dc04-45d2-83d4-1494e351abfc
beads	NA	NA	NA	88.9647438713686	51.1070309293318	NA	3	ad835b69-dc04-45d2-83d4-1494e351abfc
beads	NA	NA	NA	125.95132736093825	106.4764594396383	NA	4	ad835b69-dc04-45d2-83d4-1494e351abfc
beads	NA	NA	NA	240.16210858932965	160.4307707636696	NA	5	ad835b69-dc04-45d2-83d4-1494e351abfc
beads	NA	NA	NA	290.62404119490503	97.67234072449271	NA	6	ad835b69-dc04-45d2-83d4-1494e351abfc
croco	NA	NA	NA	686.3390002494341	1274.211669368332	NA	1	ad835b69-dc04-45d2-83d4-1494e351abfc
croco	NA	NA	NA	334.5087707927202	622.7821717137969	NA	2	ad835b69-dc04-45d2-83d4-1494e351abfc
croco	NA	NA	NA	174.4855394687471	620.9176194286208	NA	3	ad835b69-dc04-45d2-83d4-1494e351abfc
croco	NA	NA	NA	138.66909679694285	829.0238807046255	NA	4	ad835b69-dc04-45d2-83d4-1494e351abfc
croco	NA	NA	NA	192.66909229220903	2188.112684969325	NA	5	ad835b69-dc04-45d2-83d4-1494e351abfc
croco	NA	NA	NA	550.9749346793996	3402.5698737802845	NA	6	ad835b69-dc04-45d2-83d4-1494e351abfc
croco	NA	NA	NA	1038.9848448172115	2227.8516942755828	NA	7	ad835b69-dc04-45d2-83d4-1494e351abfc
picoeuk	28.259304586656583	NA	NA	NA	1882.93817510207	NA	1	ad835b69-dc04-45d2-83d4-1494e351abfc
picoeuk	4.293744831065126	NA	NA	NA	260.9673750526576	NA	2	ad835b69-dc04-45d2-83d4-1494e351abfc
picoeuk	6.3287572593196915	NA	NA	NA	33.86693118305085	NA	3	ad835b69-dc04-45d2-83d4-1494e351abfc
picoeuk	10.313734951083777	NA	NA	NA	13.426956706233677	NA	4	ad835b69-dc04-45d2-83d4-1494e351abfc
picoeuk	91.71621011748098	NA	NA	NA	8.77682848677273	NA	5	ad835b69-dc04-45d2-83d4-1494e351abfc
picoeuk	938.98716006577	NA	NA	NA	15.838158097500925	NA	6	ad835b69-dc04-45d2-83d4-1494e351abfc
picoeuk	3559.759261887083	NA	NA	NA	94.69214984324141	NA	7	ad835b69-dc04-45d2-83d4-1494e351abfc
picoeuk	3588.053676760434	NA	NA	NA	3473.194961033091	NA	8	ad835b69-dc04-45d2-83d4-1494e351abfc
picoeuk	141.41876821175504	NA	NA	NA	3814.9870330894532	NA	9	ad835b69-dc04-45d2-83d4-1494e351abfc
prochloro	7.771052320741345	NA	NA	NA	2.5649940786370773	NA	1	ad835b69-dc04-45d2-83d4-1494e351abfc
prochloro	21.36806984148504	NA	NA	NA	2.6066094473367842	NA	2	ad835b69-dc04-45d2-83d4-1494e351abfc
prochloro	57.78861394477806	NA	NA	NA	5.030631458341749	NA	3	ad835b69-dc04-45d2-83d4-1494e351abfc
prochloro	72.4513897870832	NA	NA	NA	13.920443128550868	NA	4	ad835b69-dc04-45d2-83d4-1494e351abfc
prochloro	64.84919508690935	NA	NA	NA	22.777449537178825	NA	5	ad835b69-dc04-45d2-83d4-1494e351abfc
prochloro	16.494521704887326	NA	NA	NA	18.269173504971956	NA	6	ad835b69-dc04-45d2-83d4-1494e351abfc
prochloro	4.463039303768556	NA	NA	NA	12.550284762546102	NA	7	ad835b69-dc04-45d2-83d4-1494e351abfc
prochloro	3.123970503068757	NA	NA	NA	4.717184104558307	NA	8	ad835b69-dc04-45d2-83d4-1494e351abfc
prochloro	3.7468508308302453	NA	NA	NA	2.7961652042189127	NA	9	ad835b69-dc04-45d2-83d4-1494e351abfc
synecho	20.682321234005087	NA	NA	66.19537593227692	NA	NA	1	ad835b69-dc04-45d2-83d4-1494e351abfc
synecho	3.938242083154446	NA	NA	8.512949225016417	NA	NA	2	ad835b69-dc04-45d2-83d4-1494e351abfc
synecho	5.31581964105259	NA	NA	3.4106775058372545	NA	NA	3	ad835b69-dc04-45d2-83d4-1494e351abfc
synecho	22.31039009289931	NA	NA	2.0826819727914048	NA	NA	4	ad835b69-dc04-45d2-83d4-1494e351abfc
synecho	202.248545499756	NA	NA	2.5345579438664814	NA	NA	5	ad835b69-dc04-45d2-83d4-1494e351abfc
synecho	349.16543719022894	NA	NA	4.107406047965584	NA	NA	6	ad835b69-dc04-45d2-83d4-1494e351abfc
synecho	448.39148043511386	NA	NA	32.657677897255546	NA	NA	7	ad835b69-dc04-45d2-83d4-1494e351abfc
synecho	422.0184717638535	NA	NA	81.07206821350748	NA	NA	8	ad835b69-dc04-45d2-83d4-1494e351abfc
synecho	146.1158495933734	NA	NA	135.84112240199545	NA	NA	9	ad835b69-dc04-45d2-83d4-1494e351abfc
synecho	46.42132980879509	NA	NA	136.3497680977976	NA	NA	10	ad835b69-dc04-45d2-83d4-1494e351abfc
beads	359.6812416711438	NA	NA	240.8718051758238	NA	NA	1	af1fabc2-e1e4-403b-99cb-a0f9cec152f8
beads	601.4004014653447	NA	NA	262.41800019392707	NA	NA	2	af1fabc2-e1e4-403b-99cb-a0f9cec152f8
beads	611.7940437553016	NA	NA	183.11396817948955	NA	NA	3	af1fabc2-e1e4-403b-99cb-a0f9cec152f8
beads	601.4004014653447	NA	NA	141.61149630914394	NA	NA	4	af1fabc2-e1e4-403b-99cb-a0f9cec152f8
beads	434.2847986341268	NA	NA	119.31174660815952	NA	NA	5	af1fabc2-e1e4-403b-99cb-a0f9cec152f8
beads	324.5402779896585	NA	NA	113.33358087774336	NA	NA	6	af1fabc2-e1e4-403b-99cb-a0f9cec152f8
beads	287.85772451803103	NA	NA	149.08127700178372	NA	NA	7	af1fabc2-e1e4-403b-99cb-a0f9cec152f8
beads	287.85772451803103	NA	NA	213.6462388211566	NA	NA	8	af1fabc2-e1e4-403b-99cb-a0f9cec152f8
picoeuk	713.8040733920742	NA	NA	NA	3610.337799947066	NA	1	af1fabc2-e1e4-403b-99cb-a0f9cec152f8
picoeuk	184.3733244116532	NA	NA	NA	1431.2159701390003	NA	2	af1fabc2-e1e4-403b-99cb-a0f9cec152f8
picoeuk	31.566062426031326	NA	NA	NA	327.894039684517	NA	3	af1fabc2-e1e4-403b-99cb-a0f9cec152f8
picoeuk	16.180826781604395	NA	NA	NA	24.663934996987823	NA	4	af1fabc2-e1e4-403b-99cb-a0f9cec152f8
picoeuk	24.833559851699544	NA	NA	NA	4.679870943014424	NA	5	af1fabc2-e1e4-403b-99cb-a0f9cec152f8
picoeuk	45.23687110377207	NA	NA	NA	2.997464685117457	NA	6	af1fabc2-e1e4-403b-99cb-a0f9cec152f8
picoeuk	313.6068513841064	NA	NA	NA	2.704611498927241	NA	7	af1fabc2-e1e4-403b-99cb-a0f9cec152f8
picoeuk	1095.51238748329	NA	NA	NA	6.592717906508696	NA	8	af1fabc2-e1e4-403b-99cb-a0f9cec152f8
picoeuk	2859.848447814248	NA	NA	NA	32.443437300426865	NA	9	af1fabc2-e1e4-403b-99cb-a0f9cec152f8
picoeuk	3453.026078070204	NA	NA	NA	127.77601124031108	NA	10	af1fabc2-e1e4-403b-99cb-a0f9cec152f8
picoeuk	4241.292535850294	NA	NA	NA	746.3233029980039	NA	11	af1fabc2-e1e4-403b-99cb-a0f9cec152f8
picoeuk	4241.292535850294	NA	NA	NA	2889.401790890156	NA	12	af1fabc2-e1e4-403b-99cb-a0f9cec152f8
picoeuk	955.1796165256712	NA	NA	NA	2939.337588361029	NA	13	af1fabc2-e1e4-403b-99cb-a0f9cec152f8
prochloro	5.133554099561193	NA	NA	NA	12.009310462988394	NA	1	af1fabc2-e1e4-403b-99cb-a0f9cec152f8
prochloro	19.87463120784169	NA	NA	NA	21.50453818834269	NA	2	af1fabc2-e1e4-403b-99cb-a0f9cec152f8
prochloro	51.00153816605646	NA	NA	NA	23.42813806024163	NA	3	af1fabc2-e1e4-403b-99cb-a0f9cec152f8
prochloro	73.08957249635904	NA	NA	NA	22.638868298185923	NA	4	af1fabc2-e1e4-403b-99cb-a0f9cec152f8
prochloro	69.4273884284022	NA	NA	NA	9.287420513097343	NA	5	af1fabc2-e1e4-403b-99cb-a0f9cec152f8
prochloro	34.984010608463144	NA	NA	NA	3.3794403947331566	NA	6	af1fabc2-e1e4-403b-99cb-a0f9cec152f8
prochloro	20.218112533952915	NA	NA	NA	2.398911212528465	NA	7	af1fabc2-e1e4-403b-99cb-a0f9cec152f8
prochloro	5.989518637273605	NA	NA	NA	2.5254499549733813	NA	8	af1fabc2-e1e4-403b-99cb-a0f9cec152f8
prochloro	1.9664930539180103	NA	NA	NA	2.704611498927241	NA	9	af1fabc2-e1e4-403b-99cb-a0f9cec152f8
prochloro	1.7743661009900398	NA	NA	NA	6.155996580931675	NA	10	af1fabc2-e1e4-403b-99cb-a0f9cec152f8
prochloro	2.499619179490478	NA	NA	NA	10.118188453929015	NA	11	af1fabc2-e1e4-403b-99cb-a0f9cec152f8
synecho	15.370079584404516	NA	NA	35.956386937800346	NA	NA	1	af1fabc2-e1e4-403b-99cb-a0f9cec152f8
synecho	43.71288766128035	NA	NA	56.13785919863184	NA	NA	2	af1fabc2-e1e4-403b-99cb-a0f9cec152f8
synecho	133.14013737024987	NA	NA	58.0950204042373	NA	NA	3	af1fabc2-e1e4-403b-99cb-a0f9cec152f8
synecho	287.85772451803103	NA	NA	46.49422444632869	NA	NA	4	af1fabc2-e1e4-403b-99cb-a0f9cec152f8
synecho	273.4344909901465	NA	NA	23.833032513129545	NA	NA	5	af1fabc2-e1e4-403b-99cb-a0f9cec152f8
synecho	96.1434970895856	NA	NA	6.051413630094717	NA	NA	6	af1fabc2-e1e4-403b-99cb-a0f9cec152f8
synecho	45.23687110377207	NA	NA	3.322027781842245	NA	NA	7	af1fabc2-e1e4-403b-99cb-a0f9cec152f8
synecho	31.566062426031326	NA	NA	2.704611498927241	NA	NA	8	af1fabc2-e1e4-403b-99cb-a0f9cec152f8
synecho	17.932873861217995	NA	NA	2.2019452697270747	NA	NA	9	af1fabc2-e1e4-403b-99cb-a0f9cec152f8
synecho	8.014896984178353	NA	NA	1.6455098870667266	NA	NA	10	af1fabc2-e1e4-403b-99cb-a0f9cec152f8
synecho	4.63200434586412	NA	NA	2.358156606819422	NA	NA	11	af1fabc2-e1e4-403b-99cb-a0f9cec152f8
synecho	5.046341212264233	NA	NA	8.524863929926804	NA	NA	12	af1fabc2-e1e4-403b-99cb-a0f9cec152f8
synecho	12.949732814900754	NA	NA	26.413654355051523	NA	NA	13	af1fabc2-e1e4-403b-99cb-a0f9cec152f8
beads	297.8934469200402	NA	NA	217.3385585760012	NA	NA	1	b0e0d523-7f58-4209-b695-5b2d1fdcd68f
beads	515.4540261728773	NA	NA	253.57740893398028	NA	NA	2	b0e0d523-7f58-4209-b695-5b2d1fdcd68f
beads	644.065204325054	NA	NA	173.93896504315714	NA	NA	3	b0e0d523-7f58-4209-b695-5b2d1fdcd68f
beads	561.5618425803657	NA	NA	121.37373993608836	NA	NA	4	b0e0d523-7f58-4209-b695-5b2d1fdcd68f
beads	441.79028223202806	NA	NA	86.15770412550414	NA	NA	5	b0e0d523-7f58-4209-b695-5b2d1fdcd68f
beads	292.83259685225573	NA	NA	98.81579392358545	NA	NA	6	b0e0d523-7f58-4209-b695-5b2d1fdcd68f
beads	287.85772451803103	NA	NA	156.94507671865782	NA	NA	7	b0e0d523-7f58-4209-b695-5b2d1fdcd68f
picoeuk	726.1403209001811	NA	NA	NA	3202.263923208059	NA	1	b0e0d523-7f58-4209-b695-5b2d1fdcd68f
picoeuk	255.32137359954768	NA	NA	NA	1850.6663826352624	NA	2	b0e0d523-7f58-4209-b695-5b2d1fdcd68f
picoeuk	86.75024899096746	NA	NA	NA	409.7070367931256	NA	3	b0e0d523-7f58-4209-b695-5b2d1fdcd68f
picoeuk	29.4750321678834	NA	NA	NA	156.94507671865782	NA	4	b0e0d523-7f58-4209-b695-5b2d1fdcd68f
picoeuk	16.74494673387272	NA	NA	NA	70.1448430301163	NA	5	b0e0d523-7f58-4209-b695-5b2d1fdcd68f
picoeuk	49.283349047088016	NA	NA	NA	15.528912209052573	NA	6	b0e0d523-7f58-4209-b695-5b2d1fdcd68f
picoeuk	38.11336115463903	NA	NA	NA	5.186603653854553	NA	7	b0e0d523-7f58-4209-b695-5b2d1fdcd68f
picoeuk	46.01867280430954	NA	NA	NA	3.619186091387365	NA	8	b0e0d523-7f58-4209-b695-5b2d1fdcd68f
picoeuk	152.70077714898116	NA	NA	NA	3.619186091387365	NA	9	b0e0d523-7f58-4209-b695-5b2d1fdcd68f
picoeuk	412.5247743763173	NA	NA	NA	2.946541378439513	NA	10	b0e0d523-7f58-4209-b695-5b2d1fdcd68f
picoeuk	1214.1335991850765	NA	NA	NA	5.011872336272722	NA	11	b0e0d523-7f58-4209-b695-5b2d1fdcd68f
picoeuk	2536.601841083232	NA	NA	NA	11.80528677499174	NA	12	b0e0d523-7f58-4209-b695-5b2d1fdcd68f
picoeuk	3635.167699346784	NA	NA	NA	40.53841470412406	NA	13	b0e0d523-7f58-4209-b695-5b2d1fdcd68f
picoeuk	3960.336650177136	NA	NA	NA	2159.2449548972545	NA	14	b0e0d523-7f58-4209-b695-5b2d1fdcd68f
picoeuk	3394.3633332467	NA	NA	NA	3488.7092501674074	NA	15	b0e0d523-7f58-4209-b695-5b2d1fdcd68f
picoeuk	1005.563818680772	NA	NA	NA	3488.7092501674074	NA	16	b0e0d523-7f58-4209-b695-5b2d1fdcd68f
prochloro	6.638058960853157	NA	NA	NA	15.005759203350314	NA	1	b0e0d523-7f58-4209-b695-5b2d1fdcd68f
prochloro	16.46047030215076	NA	NA	NA	22.254261253801364	NA	2	b0e0d523-7f58-4209-b695-5b2d1fdcd68f
prochloro	41.5226348620113	NA	NA	NA	22.254261253801364	NA	3	b0e0d523-7f58-4209-b695-5b2d1fdcd68f
prochloro	63.72695610451251	NA	NA	NA	20.427044170354836	NA	4	b0e0d523-7f58-4209-b695-5b2d1fdcd68f
prochloro	45.23687110377207	NA	NA	NA	6.370616052746746	NA	5	b0e0d523-7f58-4209-b695-5b2d1fdcd68f
prochloro	22.79456586819599	NA	NA	NA	2.751353676658852	NA	6	b0e0d523-7f58-4209-b695-5b2d1fdcd68f
prochloro	5.989518637273605	NA	NA	NA	2.2019452697270747	NA	7	b0e0d523-7f58-4209-b695-5b2d1fdcd68f
prochloro	2.5867646060657283	NA	NA	NA	2.358156606819422	NA	8	b0e0d523-7f58-4209-b695-5b2d1fdcd68f
prochloro	2.8668574242434586	NA	NA	NA	8.974536913059001	NA	9	b0e0d523-7f58-4209-b695-5b2d1fdcd68f
synecho	17.932873861217995	NA	NA	35.956386937800346	NA	NA	1	b0e0d523-7f58-4209-b695-5b2d1fdcd68f
synecho	56.52394423378775	NA	NA	123.47136945747926	NA	NA	2	b0e0d523-7f58-4209-b695-5b2d1fdcd68f
synecho	145.04963986441888	NA	NA	115.29225715433564	NA	NA	3	b0e0d523-7f58-4209-b695-5b2d1fdcd68f
synecho	255.32137359954768	NA	NA	61.1594401234297	NA	NA	4	b0e0d523-7f58-4209-b695-5b2d1fdcd68f
synecho	405.5164764296838	NA	NA	18.43131591392592	NA	NA	5	b0e0d523-7f58-4209-b695-5b2d1fdcd68f
synecho	50.13508359797702	NA	NA	2.7989036714022446	NA	NA	6	b0e0d523-7f58-4209-b695-5b2d1fdcd68f
synecho	23.99694288176589	NA	NA	2.358156606819422	NA	NA	7	b0e0d523-7f58-4209-b695-5b2d1fdcd68f
synecho	12.729732486354834	NA	NA	2.056081838183329	NA	NA	8	b0e0d523-7f58-4209-b695-5b2d1fdcd68f
synecho	6.525286352092114	NA	NA	4.080389581908151	NA	NA	9	b0e0d523-7f58-4209-b695-5b2d1fdcd68f
synecho	7.356822715860269	NA	NA	16.91798707661964	NA	NA	10	b0e0d523-7f58-4209-b695-5b2d1fdcd68f
synecho	13.868418263542727	NA	NA	67.78173575178893	NA	NA	11	b0e0d523-7f58-4209-b695-5b2d1fdcd68f
beads	NA	NA	NA	204.11214932136977	58.160008477321526	NA	1	b3aff3bd-ffa5-4eb7-bc3f-cf1aac645f43
beads	NA	NA	NA	118.26826940306417	37.85357791333431	NA	2	b3aff3bd-ffa5-4eb7-bc3f-cf1aac645f43
beads	NA	NA	NA	88.9647438713686	51.1070309293318	NA	3	b3aff3bd-ffa5-4eb7-bc3f-cf1aac645f43
beads	NA	NA	NA	125.95132736093825	106.4764594396383	NA	4	b3aff3bd-ffa5-4eb7-bc3f-cf1aac645f43
beads	NA	NA	NA	240.16210858932965	160.4307707636696	NA	5	b3aff3bd-ffa5-4eb7-bc3f-cf1aac645f43
beads	NA	NA	NA	290.62404119490503	97.67234072449271	NA	6	b3aff3bd-ffa5-4eb7-bc3f-cf1aac645f43
croco	NA	NA	NA	686.3390002494341	1274.211669368332	NA	1	b3aff3bd-ffa5-4eb7-bc3f-cf1aac645f43
croco	NA	NA	NA	334.5087707927202	622.7821717137969	NA	2	b3aff3bd-ffa5-4eb7-bc3f-cf1aac645f43
croco	NA	NA	NA	174.4855394687471	620.9176194286208	NA	3	b3aff3bd-ffa5-4eb7-bc3f-cf1aac645f43
croco	NA	NA	NA	138.66909679694285	829.0238807046255	NA	4	b3aff3bd-ffa5-4eb7-bc3f-cf1aac645f43
croco	NA	NA	NA	192.66909229220903	2188.112684969325	NA	5	b3aff3bd-ffa5-4eb7-bc3f-cf1aac645f43
croco	NA	NA	NA	550.9749346793996	3402.5698737802845	NA	6	b3aff3bd-ffa5-4eb7-bc3f-cf1aac645f43
croco	NA	NA	NA	1038.9848448172115	2227.8516942755828	NA	7	b3aff3bd-ffa5-4eb7-bc3f-cf1aac645f43
picoeuk	28.259304586656583	NA	NA	NA	1882.93817510207	NA	1	b3aff3bd-ffa5-4eb7-bc3f-cf1aac645f43
picoeuk	4.293744831065126	NA	NA	NA	260.9673750526576	NA	2	b3aff3bd-ffa5-4eb7-bc3f-cf1aac645f43
picoeuk	6.3287572593196915	NA	NA	NA	33.86693118305085	NA	3	b3aff3bd-ffa5-4eb7-bc3f-cf1aac645f43
picoeuk	10.313734951083777	NA	NA	NA	13.426956706233677	NA	4	b3aff3bd-ffa5-4eb7-bc3f-cf1aac645f43
picoeuk	91.71621011748098	NA	NA	NA	8.77682848677273	NA	5	b3aff3bd-ffa5-4eb7-bc3f-cf1aac645f43
picoeuk	938.98716006577	NA	NA	NA	15.838158097500925	NA	6	b3aff3bd-ffa5-4eb7-bc3f-cf1aac645f43
picoeuk	3559.759261887083	NA	NA	NA	94.69214984324141	NA	7	b3aff3bd-ffa5-4eb7-bc3f-cf1aac645f43
picoeuk	3588.053676760434	NA	NA	NA	3473.194961033091	NA	8	b3aff3bd-ffa5-4eb7-bc3f-cf1aac645f43
picoeuk	141.41876821175504	NA	NA	NA	3814.9870330894532	NA	9	b3aff3bd-ffa5-4eb7-bc3f-cf1aac645f43
prochloro	7.771052320741345	NA	NA	NA	2.5649940786370773	NA	1	b3aff3bd-ffa5-4eb7-bc3f-cf1aac645f43
prochloro	21.36806984148504	NA	NA	NA	2.6066094473367842	NA	2	b3aff3bd-ffa5-4eb7-bc3f-cf1aac645f43
prochloro	57.78861394477806	NA	NA	NA	5.030631458341749	NA	3	b3aff3bd-ffa5-4eb7-bc3f-cf1aac645f43
prochloro	72.4513897870832	NA	NA	NA	13.920443128550868	NA	4	b3aff3bd-ffa5-4eb7-bc3f-cf1aac645f43
prochloro	64.84919508690935	NA	NA	NA	22.777449537178825	NA	5	b3aff3bd-ffa5-4eb7-bc3f-cf1aac645f43
prochloro	16.494521704887326	NA	NA	NA	18.269173504971956	NA	6	b3aff3bd-ffa5-4eb7-bc3f-cf1aac645f43
prochloro	4.463039303768556	NA	NA	NA	12.550284762546102	NA	7	b3aff3bd-ffa5-4eb7-bc3f-cf1aac645f43
prochloro	3.123970503068757	NA	NA	NA	4.717184104558307	NA	8	b3aff3bd-ffa5-4eb7-bc3f-cf1aac645f43
prochloro	3.7468508308302453	NA	NA	NA	2.7961652042189127	NA	9	b3aff3bd-ffa5-4eb7-bc3f-cf1aac645f43
synecho	20.682321234005087	NA	NA	66.19537593227692	NA	NA	1	b3aff3bd-ffa5-4eb7-bc3f-cf1aac645f43
synecho	3.938242083154446	NA	NA	8.512949225016417	NA	NA	2	b3aff3bd-ffa5-4eb7-bc3f-cf1aac645f43
synecho	5.31581964105259	NA	NA	3.4106775058372545	NA	NA	3	b3aff3bd-ffa5-4eb7-bc3f-cf1aac645f43
synecho	22.31039009289931	NA	NA	2.0826819727914048	NA	NA	4	b3aff3bd-ffa5-4eb7-bc3f-cf1aac645f43
synecho	202.248545499756	NA	NA	2.5345579438664814	NA	NA	5	b3aff3bd-ffa5-4eb7-bc3f-cf1aac645f43
synecho	349.16543719022894	NA	NA	4.107406047965584	NA	NA	6	b3aff3bd-ffa5-4eb7-bc3f-cf1aac645f43
synecho	448.39148043511386	NA	NA	32.657677897255546	NA	NA	7	b3aff3bd-ffa5-4eb7-bc3f-cf1aac645f43
synecho	422.0184717638535	NA	NA	81.07206821350748	NA	NA	8	b3aff3bd-ffa5-4eb7-bc3f-cf1aac645f43
synecho	146.1158495933734	NA	NA	135.84112240199545	NA	NA	9	b3aff3bd-ffa5-4eb7-bc3f-cf1aac645f43
synecho	46.42132980879509	NA	NA	136.3497680977976	NA	NA	10	b3aff3bd-ffa5-4eb7-bc3f-cf1aac645f43
beads	449.3807399666503	NA	NA	251.6460665668719	NA	NA	1	b492749b-e268-4f8f-ab8f-d58a93fabcf2
beads	578.6574732820608	NA	NA	202.1268385422125	NA	NA	2	b492749b-e268-4f8f-ab8f-d58a93fabcf2
beads	540.9282586144017	NA	NA	154.34636214301548	NA	NA	3	b492749b-e268-4f8f-ab8f-d58a93fabcf2
beads	522.9964269419701	NA	NA	108.33441487933338	NA	NA	4	b492749b-e268-4f8f-ab8f-d58a93fabcf2
beads	280.31167115349547	NA	NA	113.95355130100349	NA	NA	5	b492749b-e268-4f8f-ab8f-d58a93fabcf2
beads	240.85569176980792	NA	NA	176.62825997121504	NA	NA	6	b492749b-e268-4f8f-ab8f-d58a93fabcf2
beads	348.9854685667195	NA	NA	198.7483396252885	NA	NA	7	b492749b-e268-4f8f-ab8f-d58a93fabcf2
picoeuk	810.6456341840167	NA	NA	NA	3609.3172096773856	NA	1	b492749b-e268-4f8f-ab8f-d58a93fabcf2
picoeuk	7.229334226506361	NA	NA	NA	52.47906106875721	NA	2	b492749b-e268-4f8f-ab8f-d58a93fabcf2
picoeuk	6.00583074083673	NA	NA	NA	14.57572029077912	NA	3	b492749b-e268-4f8f-ab8f-d58a93fabcf2
picoeuk	11.98705577685659	NA	NA	NA	6.490038443677197	NA	4	b492749b-e268-4f8f-ab8f-d58a93fabcf2
picoeuk	48.56371205690613	NA	NA	NA	3.0913374094324126	NA	5	b492749b-e268-4f8f-ab8f-d58a93fabcf2
picoeuk	275.6263325600485	NA	NA	NA	2.988859231992346	NA	6	b492749b-e268-4f8f-ab8f-d58a93fabcf2
picoeuk	1194.5434523196227	NA	NA	NA	6.826666572767348	NA	7	b492749b-e268-4f8f-ab8f-d58a93fabcf2
picoeuk	3572.997956659209	NA	NA	NA	84.13163532858862	NA	8	b492749b-e268-4f8f-ab8f-d58a93fabcf2
picoeuk	3758.3237644847177	NA	NA	NA	3609.3172096773856	NA	9	b492749b-e268-4f8f-ab8f-d58a93fabcf2
picoeuk	992.377107272496	NA	NA	NA	3670.671555111015	NA	10	b492749b-e268-4f8f-ab8f-d58a93fabcf2
prochloro	2.629479917349559	NA	NA	NA	3.914110180650322	NA	1	b492749b-e268-4f8f-ab8f-d58a93fabcf2
prochloro	3.3859221584181363	NA	NA	NA	9.726098140130103	NA	2	b492749b-e268-4f8f-ab8f-d58a93fabcf2
prochloro	6.872850248668008	NA	NA	NA	19.412348753717584	NA	3	b492749b-e268-4f8f-ab8f-d58a93fabcf2
prochloro	11.98705577685659	NA	NA	NA	21.119345521784453	NA	4	b492749b-e268-4f8f-ab8f-d58a93fabcf2
prochloro	28.79898480687044	NA	NA	NA	26.29339214601048	NA	5	b492749b-e268-4f8f-ab8f-d58a93fabcf2
prochloro	72.77852567647771	NA	NA	NA	30.08918408577343	NA	6	b492749b-e268-4f8f-ab8f-d58a93fabcf2
prochloro	69.18976113447657	NA	NA	NA	16.6799144277982	NA	7	b492749b-e268-4f8f-ab8f-d58a93fabcf2
prochloro	45.39729530458972	NA	NA	NA	7.553209594632606	NA	8	b492749b-e268-4f8f-ab8f-d58a93fabcf2
prochloro	34.086461494819424	NA	NA	NA	4.330677975232162	NA	9	b492749b-e268-4f8f-ab8f-d58a93fabcf2
prochloro	20.213765487263256	NA	NA	NA	3.597747468494497	NA	10	b492749b-e268-4f8f-ab8f-d58a93fabcf2
prochloro	13.95072548350728	NA	NA	NA	2.8897782174822746	NA	11	b492749b-e268-4f8f-ab8f-d58a93fabcf2
prochloro	5.160464820405212	NA	NA	NA	2.8897782174822746	NA	12	b492749b-e268-4f8f-ab8f-d58a93fabcf2
prochloro	2.719636157115197	NA	NA	NA	5.212920553595443	NA	13	b492749b-e268-4f8f-ab8f-d58a93fabcf2
synecho	18.2694039444791	NA	NA	33.291491756452004	NA	NA	1	b492749b-e268-4f8f-ab8f-d58a93fabcf2
synecho	39.6703640886092	NA	NA	66.44658928961977	NA	NA	2	b492749b-e268-4f8f-ab8f-d58a93fabcf2
synecho	105.45172380262764	NA	NA	74.76804276522681	NA	NA	3	b492749b-e268-4f8f-ab8f-d58a93fabcf2
synecho	183.9201567403209	NA	NA	71.08117362001414	NA	NA	4	b492749b-e268-4f8f-ab8f-d58a93fabcf2
synecho	266.48928911436764	NA	NA	49.05735850369729	NA	NA	5	b492749b-e268-4f8f-ab8f-d58a93fabcf2
synecho	166.22888195363933	NA	NA	12.108903288941322	NA	NA	6	b492749b-e268-4f8f-ab8f-d58a93fabcf2
synecho	56.519217727679006	NA	NA	4.258291789635077	NA	NA	7	b492749b-e268-4f8f-ab8f-d58a93fabcf2
synecho	21.26222184339989	NA	NA	3.0913374094324126	NA	NA	8	b492749b-e268-4f8f-ab8f-d58a93fabcf2
synecho	11.98705577685659	NA	NA	2.5252287224094565	NA	NA	9	b492749b-e268-4f8f-ab8f-d58a93fabcf2
synecho	8.272982320082184	NA	NA	3.914110180650322	NA	NA	10	b492749b-e268-4f8f-ab8f-d58a93fabcf2
synecho	12.398052593212451	NA	NA	20.077934505906327	NA	NA	11	b492749b-e268-4f8f-ab8f-d58a93fabcf2
synecho	26.0288112553376	NA	NA	43.59742520429907	NA	NA	12	b492749b-e268-4f8f-ab8f-d58a93fabcf2
beads	NA	NA	NA	204.11214932136977	58.160008477321526	NA	1	b778a9e5-9f4c-4941-b5ca-db062795b5dc
beads	NA	NA	NA	118.26826940306417	37.85357791333431	NA	2	b778a9e5-9f4c-4941-b5ca-db062795b5dc
beads	NA	NA	NA	88.9647438713686	51.1070309293318	NA	3	b778a9e5-9f4c-4941-b5ca-db062795b5dc
beads	NA	NA	NA	125.95132736093825	106.4764594396383	NA	4	b778a9e5-9f4c-4941-b5ca-db062795b5dc
beads	NA	NA	NA	240.16210858932965	160.4307707636696	NA	5	b778a9e5-9f4c-4941-b5ca-db062795b5dc
beads	NA	NA	NA	290.62404119490503	97.67234072449271	NA	6	b778a9e5-9f4c-4941-b5ca-db062795b5dc
croco	NA	NA	NA	686.3390002494341	1274.211669368332	NA	1	b778a9e5-9f4c-4941-b5ca-db062795b5dc
croco	NA	NA	NA	334.5087707927202	622.7821717137969	NA	2	b778a9e5-9f4c-4941-b5ca-db062795b5dc
croco	NA	NA	NA	174.4855394687471	620.9176194286208	NA	3	b778a9e5-9f4c-4941-b5ca-db062795b5dc
croco	NA	NA	NA	138.66909679694285	829.0238807046255	NA	4	b778a9e5-9f4c-4941-b5ca-db062795b5dc
croco	NA	NA	NA	192.66909229220903	2188.112684969325	NA	5	b778a9e5-9f4c-4941-b5ca-db062795b5dc
croco	NA	NA	NA	550.9749346793996	3402.5698737802845	NA	6	b778a9e5-9f4c-4941-b5ca-db062795b5dc
croco	NA	NA	NA	1038.9848448172115	2227.8516942755828	NA	7	b778a9e5-9f4c-4941-b5ca-db062795b5dc
picoeuk	28.259304586656583	NA	NA	NA	1882.93817510207	NA	1	b778a9e5-9f4c-4941-b5ca-db062795b5dc
picoeuk	4.293744831065126	NA	NA	NA	260.9673750526576	NA	2	b778a9e5-9f4c-4941-b5ca-db062795b5dc
picoeuk	6.3287572593196915	NA	NA	NA	33.86693118305085	NA	3	b778a9e5-9f4c-4941-b5ca-db062795b5dc
picoeuk	10.313734951083777	NA	NA	NA	13.426956706233677	NA	4	b778a9e5-9f4c-4941-b5ca-db062795b5dc
picoeuk	91.71621011748098	NA	NA	NA	8.77682848677273	NA	5	b778a9e5-9f4c-4941-b5ca-db062795b5dc
picoeuk	938.98716006577	NA	NA	NA	15.838158097500925	NA	6	b778a9e5-9f4c-4941-b5ca-db062795b5dc
picoeuk	3559.759261887083	NA	NA	NA	94.69214984324141	NA	7	b778a9e5-9f4c-4941-b5ca-db062795b5dc
picoeuk	3588.053676760434	NA	NA	NA	3473.194961033091	NA	8	b778a9e5-9f4c-4941-b5ca-db062795b5dc
picoeuk	141.41876821175504	NA	NA	NA	3814.9870330894532	NA	9	b778a9e5-9f4c-4941-b5ca-db062795b5dc
prochloro	7.771052320741345	NA	NA	NA	2.5649940786370773	NA	1	b778a9e5-9f4c-4941-b5ca-db062795b5dc
prochloro	21.36806984148504	NA	NA	NA	2.6066094473367842	NA	2	b778a9e5-9f4c-4941-b5ca-db062795b5dc
prochloro	57.78861394477806	NA	NA	NA	5.030631458341749	NA	3	b778a9e5-9f4c-4941-b5ca-db062795b5dc
prochloro	72.4513897870832	NA	NA	NA	13.920443128550868	NA	4	b778a9e5-9f4c-4941-b5ca-db062795b5dc
prochloro	64.84919508690935	NA	NA	NA	22.777449537178825	NA	5	b778a9e5-9f4c-4941-b5ca-db062795b5dc
prochloro	16.494521704887326	NA	NA	NA	18.269173504971956	NA	6	b778a9e5-9f4c-4941-b5ca-db062795b5dc
prochloro	4.463039303768556	NA	NA	NA	12.550284762546102	NA	7	b778a9e5-9f4c-4941-b5ca-db062795b5dc
prochloro	3.123970503068757	NA	NA	NA	4.717184104558307	NA	8	b778a9e5-9f4c-4941-b5ca-db062795b5dc
prochloro	3.7468508308302453	NA	NA	NA	2.7961652042189127	NA	9	b778a9e5-9f4c-4941-b5ca-db062795b5dc
synecho	20.682321234005087	NA	NA	66.19537593227692	NA	NA	1	b778a9e5-9f4c-4941-b5ca-db062795b5dc
synecho	3.938242083154446	NA	NA	8.512949225016417	NA	NA	2	b778a9e5-9f4c-4941-b5ca-db062795b5dc
synecho	5.31581964105259	NA	NA	3.4106775058372545	NA	NA	3	b778a9e5-9f4c-4941-b5ca-db062795b5dc
synecho	22.31039009289931	NA	NA	2.0826819727914048	NA	NA	4	b778a9e5-9f4c-4941-b5ca-db062795b5dc
synecho	202.248545499756	NA	NA	2.5345579438664814	NA	NA	5	b778a9e5-9f4c-4941-b5ca-db062795b5dc
synecho	349.16543719022894	NA	NA	4.107406047965584	NA	NA	6	b778a9e5-9f4c-4941-b5ca-db062795b5dc
synecho	448.39148043511386	NA	NA	32.657677897255546	NA	NA	7	b778a9e5-9f4c-4941-b5ca-db062795b5dc
synecho	422.0184717638535	NA	NA	81.07206821350748	NA	NA	8	b778a9e5-9f4c-4941-b5ca-db062795b5dc
synecho	146.1158495933734	NA	NA	135.84112240199545	NA	NA	9	b778a9e5-9f4c-4941-b5ca-db062795b5dc
synecho	46.42132980879509	NA	NA	136.3497680977976	NA	NA	10	b778a9e5-9f4c-4941-b5ca-db062795b5dc
beads	358.98160256943714	NA	NA	369.38230944447366	NA	NA	1	baf7b9c5-2c6e-44c8-87c0-08cec104fa88
beads	477.65155336676577	NA	NA	511.9587289743056	NA	NA	2	baf7b9c5-2c6e-44c8-87c0-08cec104fa88
beads	779.3804080134937	NA	NA	428.9917132235752	NA	NA	3	baf7b9c5-2c6e-44c8-87c0-08cec104fa88
beads	738.1132605281688	NA	NA	293.1322263322331	NA	NA	4	baf7b9c5-2c6e-44c8-87c0-08cec104fa88
beads	610.1411824744081	NA	NA	259.3605951060823	NA	NA	5	baf7b9c5-2c6e-44c8-87c0-08cec104fa88
beads	471.19923347109625	NA	NA	229.47977824021456	NA	NA	6	baf7b9c5-2c6e-44c8-87c0-08cec104fa88
beads	349.348556970655	NA	NA	208.64024660905025	NA	NA	7	baf7b9c5-2c6e-44c8-87c0-08cec104fa88
beads	335.3814949093319	NA	NA	248.99127925855004	NA	NA	8	baf7b9c5-2c6e-44c8-87c0-08cec104fa88
picoeuk	104.1285565394544	NA	NA	NA	1024.4069813565138	NA	1	baf7b9c5-2c6e-44c8-87c0-08cec104fa88
picoeuk	98.61508910305824	NA	NA	NA	4.693008498911757	NA	2	baf7b9c5-2c6e-44c8-87c0-08cec104fa88
picoeuk	3624.077278501824	NA	NA	NA	2690.558815566024	NA	3	baf7b9c5-2c6e-44c8-87c0-08cec104fa88
prochloro	6.495603972231246	NA	NA	NA	11.995215729634992	NA	1	baf7b9c5-2c6e-44c8-87c0-08cec104fa88
prochloro	13.912020594187988	NA	NA	NA	13.015108051820064	NA	2	baf7b9c5-2c6e-44c8-87c0-08cec104fa88
prochloro	22.393495128538063	NA	NA	NA	12.494760054762605	NA	3	baf7b9c5-2c6e-44c8-87c0-08cec104fa88
prochloro	35.07844353265657	NA	NA	NA	10.613252350282016	NA	4	baf7b9c5-2c6e-44c8-87c0-08cec104fa88
prochloro	48.61823348385178	NA	NA	NA	6.59351228653322	NA	5	baf7b9c5-2c6e-44c8-87c0-08cec104fa88
prochloro	44.80840241284141	NA	NA	NA	3.624311996762017	NA	6	baf7b9c5-2c6e-44c8-87c0-08cec104fa88
prochloro	34.60458903031165	NA	NA	NA	2.614970035169485	NA	7	baf7b9c5-2c6e-44c8-87c0-08cec104fa88
prochloro	17.770897291374276	NA	NA	NA	2.0471401295037834	NA	8	baf7b9c5-2c6e-44c8-87c0-08cec104fa88
prochloro	11.499992141954252	NA	NA	NA	1.836092761253588	NA	9	baf7b9c5-2c6e-44c8-87c0-08cec104fa88
prochloro	7.965606090405909	NA	NA	NA	1.938746804782313	NA	10	baf7b9c5-2c6e-44c8-87c0-08cec104fa88
prochloro	3.4277444634109417	NA	NA	NA	2.0471401295037834	NA	11	baf7b9c5-2c6e-44c8-87c0-08cec104fa88
prochloro	1.9626237604556256	NA	NA	NA	2.614970035169485	NA	12	baf7b9c5-2c6e-44c8-87c0-08cec104fa88
prochloro	1.9894987539568167	NA	NA	NA	4.5670745665266175	NA	13	baf7b9c5-2c6e-44c8-87c0-08cec104fa88
synecho	32.32962000459096	NA	NA	29.83675217008807	NA	NA	1	baf7b9c5-2c6e-44c8-87c0-08cec104fa88
synecho	109.95027622658309	NA	NA	52.82378928338307	NA	NA	2	baf7b9c5-2c6e-44c8-87c0-08cec104fa88
synecho	205.5421080217057	NA	NA	26.39927344629802	NA	NA	3	baf7b9c5-2c6e-44c8-87c0-08cec104fa88
synecho	245.293960535434	NA	NA	7.762404135822941	NA	NA	4	baf7b9c5-2c6e-44c8-87c0-08cec104fa88
synecho	266.1500612231761	NA	NA	2.687076030988303	NA	NA	5	baf7b9c5-2c6e-44c8-87c0-08cec104fa88
synecho	226.07218949577876	NA	NA	2.1323938887928398	NA	NA	6	baf7b9c5-2c6e-44c8-87c0-08cec104fa88
synecho	95.96881519024966	NA	NA	1.6026121345413988	NA	NA	7	baf7b9c5-2c6e-44c8-87c0-08cec104fa88
synecho	38.58216990113901	NA	NA	1.4972534792736767	NA	NA	8	baf7b9c5-2c6e-44c8-87c0-08cec104fa88
synecho	16.378330926681095	NA	NA	2.075172439508869	NA	NA	9	baf7b9c5-2c6e-44c8-87c0-08cec104fa88
beads	360.9510353585504	NA	NA	243.3039715943048	NA	NA	1	bbeb95c6-8343-45dd-b490-19c258c4df3f
beads	522.9964269419701	NA	NA	243.3039715943048	NA	NA	2	bbeb95c6-8343-45dd-b490-19c258c4df3f
beads	522.9964269419701	NA	NA	167.9185859209625	NA	NA	3	bbeb95c6-8343-45dd-b490-19c258c4df3f
beads	427.22143335167925	NA	NA	121.9016995641218	NA	NA	4	bbeb95c6-8343-45dd-b490-19c258c4df3f
beads	304.9604719133114	NA	NA	110.17597845679752	NA	NA	5	bbeb95c6-8343-45dd-b490-19c258c4df3f
beads	257.6551396706958	NA	NA	167.9185859209625	NA	NA	6	bbeb95c6-8343-45dd-b490-19c258c4df3f
picoeuk	959.4796962761328	NA	NA	NA	2710.048060458328	NA	1	bbeb95c6-8343-45dd-b490-19c258c4df3f
picoeuk	163.45040828981394	NA	NA	NA	546.426753303627	NA	2	bbeb95c6-8343-45dd-b490-19c258c4df3f
picoeuk	25.593746267089603	NA	NA	NA	49.89127859019649	NA	3	bbeb95c6-8343-45dd-b490-19c258c4df3f
picoeuk	9.628227934019112	NA	NA	NA	16.96345426986655	NA	4	bbeb95c6-8343-45dd-b490-19c258c4df3f
picoeuk	24.745310744227528	NA	NA	NA	3.721102425969416	NA	5	bbeb95c6-8343-45dd-b490-19c258c4df3f
picoeuk	118.6579940254879	NA	NA	NA	5.212920553595443	NA	6	bbeb95c6-8343-45dd-b490-19c258c4df3f
picoeuk	696.541154344766	NA	NA	NA	8.499137488076233	NA	7	bbeb95c6-8343-45dd-b490-19c258c4df3f
picoeuk	2154.8574479134777	NA	NA	NA	35.01826929126193	NA	8	bbeb95c6-8343-45dd-b490-19c258c4df3f
picoeuk	3122.259352182089	NA	NA	NA	126.08130891623244	NA	9	bbeb95c6-8343-45dd-b490-19c258c4df3f
picoeuk	3070.071577833165	NA	NA	NA	1109.1540418271788	NA	10	bbeb95c6-8343-45dd-b490-19c258c4df3f
picoeuk	3513.2762006875346	NA	NA	NA	3373.985065714536	NA	11	bbeb95c6-8343-45dd-b490-19c258c4df3f
prochloro	2.4169490074317985	NA	NA	NA	4.63273850984459	NA	1	bbeb95c6-8343-45dd-b490-19c258c4df3f
prochloro	5.42813004809288	NA	NA	NA	10.059574136702668	NA	2	bbeb95c6-8343-45dd-b490-19c258c4df3f
prochloro	14.923774881749251	NA	NA	NA	11.707491804040815	NA	3	bbeb95c6-8343-45dd-b490-19c258c4df3f
prochloro	24.745310744227528	NA	NA	NA	11.130186464703732	NA	4	bbeb95c6-8343-45dd-b490-19c258c4df3f
prochloro	30.29274304256738	NA	NA	NA	3.42033980014734	NA	5	bbeb95c6-8343-45dd-b490-19c258c4df3f
prochloro	15.17746232069575	NA	NA	NA	2.6562083811166515	NA	6	bbeb95c6-8343-45dd-b490-19c258c4df3f
prochloro	8.702088955516425	NA	NA	NA	2.3605805480545325	NA	7	bbeb95c6-8343-45dd-b490-19c258c4df3f
prochloro	3.746276379699581	NA	NA	NA	2.282327041489063	NA	8	bbeb95c6-8343-45dd-b490-19c258c4df3f
prochloro	2.719636157115197	NA	NA	NA	3.784356994735135	NA	9	bbeb95c6-8343-45dd-b490-19c258c4df3f
synecho	32.40563211228038	NA	NA	14.332090817469464	NA	NA	1	bbeb95c6-8343-45dd-b490-19c258c4df3f
synecho	169.05458655424474	NA	NA	23.76423148318103	NA	NA	2	bbeb95c6-8343-45dd-b490-19c258c4df3f
synecho	190.226175523506	NA	NA	8.939974437860162	NA	NA	3	bbeb95c6-8343-45dd-b490-19c258c4df3f
synecho	190.226175523506	NA	NA	3.537612030700391	NA	NA	4	bbeb95c6-8343-45dd-b490-19c258c4df3f
synecho	100.25181897138587	NA	NA	2.3605805480545325	NA	NA	5	bbeb95c6-8343-45dd-b490-19c258c4df3f
synecho	17.663771180668203	NA	NA	3.1438866790731272	NA	NA	6	bbeb95c6-8343-45dd-b490-19c258c4df3f
synecho	15.697847710593626	NA	NA	8.790545029210257	NA	NA	7	bbeb95c6-8343-45dd-b490-19c258c4df3f
beads	NA	NA	NA	250.00698424938292	63.35243760873157	NA	1	c90545ee-3116-47bd-9419-f685fd2f02a5
beads	NA	NA	NA	111.51224356415408	34.792353874573514	NA	2	c90545ee-3116-47bd-9419-f685fd2f02a5
beads	NA	NA	NA	73.96402913416753	47.80218950561069	NA	3	c90545ee-3116-47bd-9419-f685fd2f02a5
beads	NA	NA	NA	120.41973283066676	102.35422158490537	NA	4	c90545ee-3116-47bd-9419-f685fd2f02a5
beads	NA	NA	NA	227.79514244009195	170.13493475996967	NA	5	c90545ee-3116-47bd-9419-f685fd2f02a5
beads	NA	NA	NA	1371.4272082684656	923.7297519811856	NA	6	c90545ee-3116-47bd-9419-f685fd2f02a5
beads	NA	NA	NA	1656.8338659969268	632.0903740475676	NA	7	c90545ee-3116-47bd-9419-f685fd2f02a5
croco	NA	NA	NA	686.3390002494341	1274.211669368332	NA	1	c90545ee-3116-47bd-9419-f685fd2f02a5
croco	NA	NA	NA	334.5087707927202	622.7821717137969	NA	2	c90545ee-3116-47bd-9419-f685fd2f02a5
croco	NA	NA	NA	174.4855394687471	620.9176194286208	NA	3	c90545ee-3116-47bd-9419-f685fd2f02a5
croco	NA	NA	NA	138.66909679694285	829.0238807046255	NA	4	c90545ee-3116-47bd-9419-f685fd2f02a5
croco	NA	NA	NA	192.66909229220903	2188.112684969325	NA	5	c90545ee-3116-47bd-9419-f685fd2f02a5
croco	NA	NA	NA	550.9749346793996	3402.5698737802845	NA	6	c90545ee-3116-47bd-9419-f685fd2f02a5
croco	NA	NA	NA	1038.9848448172115	2227.8516942755828	NA	7	c90545ee-3116-47bd-9419-f685fd2f02a5
picoeuk	28.259304586656583	NA	NA	NA	1882.93817510207	NA	1	c90545ee-3116-47bd-9419-f685fd2f02a5
picoeuk	4.293744831065126	NA	NA	NA	260.9673750526576	NA	2	c90545ee-3116-47bd-9419-f685fd2f02a5
picoeuk	6.3287572593196915	NA	NA	NA	33.86693118305085	NA	3	c90545ee-3116-47bd-9419-f685fd2f02a5
picoeuk	10.313734951083777	NA	NA	NA	13.426956706233677	NA	4	c90545ee-3116-47bd-9419-f685fd2f02a5
picoeuk	91.71621011748098	NA	NA	NA	8.77682848677273	NA	5	c90545ee-3116-47bd-9419-f685fd2f02a5
picoeuk	938.98716006577	NA	NA	NA	15.838158097500925	NA	6	c90545ee-3116-47bd-9419-f685fd2f02a5
picoeuk	3559.759261887083	NA	NA	NA	94.69214984324141	NA	7	c90545ee-3116-47bd-9419-f685fd2f02a5
picoeuk	3588.053676760434	NA	NA	NA	3473.194961033091	NA	8	c90545ee-3116-47bd-9419-f685fd2f02a5
picoeuk	141.41876821175504	NA	NA	NA	3814.9870330894532	NA	9	c90545ee-3116-47bd-9419-f685fd2f02a5
prochloro	37.69174085109743	NA	NA	NA	12.107177874200314	NA	1	c90545ee-3116-47bd-9419-f685fd2f02a5
prochloro	47.89221307819603	NA	NA	NA	16.015972135965026	NA	2	c90545ee-3116-47bd-9419-f685fd2f02a5
prochloro	38.37487900176251	NA	NA	NA	21.06318902768357	NA	3	c90545ee-3116-47bd-9419-f685fd2f02a5
prochloro	11.001133644305677	NA	NA	NA	13.768278509767114	NA	4	c90545ee-3116-47bd-9419-f685fd2f02a5
prochloro	3.5484000591428764	NA	NA	NA	6.084442534901805	NA	5	c90545ee-3116-47bd-9419-f685fd2f02a5
prochloro	4.573232159051551	NA	NA	NA	2.68985370935151	NA	6	c90545ee-3116-47bd-9419-f685fd2f02a5
prochloro	8.573307631005356	NA	NA	NA	2.4313976204546472	NA	7	c90545ee-3116-47bd-9419-f685fd2f02a5
prochloro	18.64364500039859	NA	NA	NA	2.587485103457259	NA	8	c90545ee-3116-47bd-9419-f685fd2f02a5
prochloro	32.12021499572835	NA	NA	NA	3.8045027287780644	NA	9	c90545ee-3116-47bd-9419-f685fd2f02a5
synecho	19.16516432649379	NA	NA	62.89585213180887	NA	NA	1	c90545ee-3116-47bd-9419-f685fd2f02a5
synecho	4.075062260643733	NA	NA	5.5910094132987025	NA	NA	2	c90545ee-3116-47bd-9419-f685fd2f02a5
synecho	6.202090734482639	NA	NA	3.262161088099337	NA	NA	3	c90545ee-3116-47bd-9419-f685fd2f02a5
synecho	28.967985711330165	NA	NA	2.1686709171478036	NA	NA	4	c90545ee-3116-47bd-9419-f685fd2f02a5
synecho	210.12294774285743	NA	NA	2.579015858472397	NA	NA	5	c90545ee-3116-47bd-9419-f685fd2f02a5
synecho	371.65422657061373	NA	NA	5.850274441596854	NA	NA	6	c90545ee-3116-47bd-9419-f685fd2f02a5
synecho	408.3840228612507	NA	NA	34.629764472349144	NA	NA	7	c90545ee-3116-47bd-9419-f685fd2f02a5
synecho	356.5808373664408	NA	NA	78.630678123851	NA	NA	8	c90545ee-3116-47bd-9419-f685fd2f02a5
synecho	83.84804439881448	NA	NA	94.41897325456635	NA	NA	9	c90545ee-3116-47bd-9419-f685fd2f02a5
beads	NA	NA	NA	211.98296495924018	63.6722791072967	NA	1	ce8ff03a-99aa-4daf-b641-0e14147b7cce
beads	NA	NA	NA	137.52657451727822	43.962340498173774	NA	2	ce8ff03a-99aa-4daf-b641-0e14147b7cce
beads	NA	NA	NA	117.23548214034277	82.35639242295291	NA	3	ce8ff03a-99aa-4daf-b641-0e14147b7cce
beads	NA	NA	NA	932.7327489308215	517.866508656189	NA	4	ce8ff03a-99aa-4daf-b641-0e14147b7cce
beads	NA	NA	NA	1007.185477924252	425.1091498336666	NA	5	ce8ff03a-99aa-4daf-b641-0e14147b7cce
croco	NA	NA	NA	883.7297809228328	1935.075906346521	NA	1	ce8ff03a-99aa-4daf-b641-0e14147b7cce
croco	NA	NA	NA	216.84366712530132	555.0349160682094	NA	2	ce8ff03a-99aa-4daf-b641-0e14147b7cce
croco	NA	NA	NA	114.30489354757802	766.2377666582302	NA	3	ce8ff03a-99aa-4daf-b641-0e14147b7cce
croco	NA	NA	NA	209.71129418268146	3452.6370689519817	NA	4	ce8ff03a-99aa-4daf-b641-0e14147b7cce
croco	NA	NA	NA	715.5166568445181	3610.20559144638	NA	5	ce8ff03a-99aa-4daf-b641-0e14147b7cce
picoeuk	294.3403933475856	NA	NA	NA	3566.5665815398343	NA	1	ce8ff03a-99aa-4daf-b641-0e14147b7cce
picoeuk	39.87083886757854	NA	NA	NA	133.5694664682379	NA	2	ce8ff03a-99aa-4daf-b641-0e14147b7cce
picoeuk	55.210380473121525	NA	NA	NA	8.523500109849126	NA	3	ce8ff03a-99aa-4daf-b641-0e14147b7cce
picoeuk	75.1642680636673	NA	NA	NA	2.967153717436926	NA	4	ce8ff03a-99aa-4daf-b641-0e14147b7cce
picoeuk	3773.9017465409715	NA	NA	NA	2.06701885961404	NA	5	ce8ff03a-99aa-4daf-b641-0e14147b7cce
picoeuk	3869.975718839756	NA	NA	NA	3428.5423073229877	NA	6	ce8ff03a-99aa-4daf-b641-0e14147b7cce
prochloro	33.318872657234	NA	NA	NA	23.416528740035766	NA	1	ce8ff03a-99aa-4daf-b641-0e14147b7cce
prochloro	5.666270095699083	NA	NA	NA	13.286716796394138	NA	2	ce8ff03a-99aa-4daf-b641-0e14147b7cce
prochloro	2.2064338636274985	NA	NA	NA	6.216344277312978	NA	3	ce8ff03a-99aa-4daf-b641-0e14147b7cce
prochloro	2.572138435966047	NA	NA	NA	2.752891929716632	NA	4	ce8ff03a-99aa-4daf-b641-0e14147b7cce
prochloro	6.716850335608493	NA	NA	NA	2.449784714871108	NA	5	ce8ff03a-99aa-4daf-b641-0e14147b7cce
prochloro	33.78517853984425	NA	NA	NA	3.077545033030779	NA	6	ce8ff03a-99aa-4daf-b641-0e14147b7cce
prochloro	88.46186099056199	NA	NA	NA	17.164788384217363	NA	7	ce8ff03a-99aa-4daf-b641-0e14147b7cce
prochloro	81.4651899109493	NA	NA	NA	27.02444821803284	NA	8	ce8ff03a-99aa-4daf-b641-0e14147b7cce
synecho	25.358381868638293	NA	NA	50.75706617667981	NA	NA	1	ce8ff03a-99aa-4daf-b641-0e14147b7cce
synecho	5.870552793229222	NA	NA	7.308931567185451	NA	NA	2	ce8ff03a-99aa-4daf-b641-0e14147b7cce
synecho	7.241716273485805	NA	NA	2.0949798441244765	NA	NA	3	ce8ff03a-99aa-4daf-b641-0e14147b7cce
synecho	17.025554146442133	NA	NA	1.8216882163798236	NA	NA	4	ce8ff03a-99aa-4daf-b641-0e14147b7cce
synecho	44.08731729258804	NA	NA	2.3113871032994857	NA	NA	5	ce8ff03a-99aa-4daf-b641-0e14147b7cce
synecho	226.3318635740176	NA	NA	10.05057289844898	NA	NA	6	ce8ff03a-99aa-4daf-b641-0e14147b7cce
synecho	234.10806142835952	NA	NA	45.95566481000991	NA	NA	7	ce8ff03a-99aa-4daf-b641-0e14147b7cce
synecho	107.21148715292549	NA	NA	71.50248302309136	NA	NA	8	ce8ff03a-99aa-4daf-b641-0e14147b7cce
beads	331.77672926313244	NA	NA	219.90056930032364	NA	NA	1	cf55fbb2-561d-4eeb-a09e-ac78c9b90c4e
beads	420.08053528848677	NA	NA	251.6460665668719	NA	NA	2	cf55fbb2-561d-4eeb-a09e-ac78c9b90c4e
beads	497.2070747236244	NA	NA	235.23841799383496	NA	NA	3	cf55fbb2-561d-4eeb-a09e-ac78c9b90c4e
beads	497.2070747236244	NA	NA	132.6209489356315	NA	NA	4	cf55fbb2-561d-4eeb-a09e-ac78c9b90c4e
beads	379.6730002252259	NA	NA	113.95355130100349	NA	NA	5	cf55fbb2-561d-4eeb-a09e-ac78c9b90c4e
beads	271.01930821461343	NA	NA	113.95355130100349	NA	NA	6	cf55fbb2-561d-4eeb-a09e-ac78c9b90c4e
beads	266.48928911436764	NA	NA	159.63839253294344	NA	NA	7	cf55fbb2-561d-4eeb-a09e-ac78c9b90c4e
picoeuk	1009.246405342713	NA	NA	NA	3489.6679445010213	NA	1	cf55fbb2-561d-4eeb-a09e-ac78c9b90c4e
picoeuk	83.28504912604048	NA	NA	NA	574.7690531598946	NA	2	cf55fbb2-561d-4eeb-a09e-ac78c9b90c4e
picoeuk	7.865035259724109	NA	NA	NA	39.40379008049887	NA	3	cf55fbb2-561d-4eeb-a09e-ac78c9b90c4e
picoeuk	5.42813004809288	NA	NA	NA	10.230575617216376	NA	4	cf55fbb2-561d-4eeb-a09e-ac78c9b90c4e
picoeuk	11.205484257399563	NA	NA	NA	4.955867470022754	NA	5	cf55fbb2-561d-4eeb-a09e-ac78c9b90c4e
picoeuk	28.31761706926441	NA	NA	NA	3.36316968660056	NA	6	cf55fbb2-561d-4eeb-a09e-ac78c9b90c4e
picoeuk	116.6746557058924	NA	NA	NA	4.791579914606507	NA	7	cf55fbb2-561d-4eeb-a09e-ac78c9b90c4e
picoeuk	673.4507379471728	NA	NA	NA	10.944148216703786	NA	8	cf55fbb2-561d-4eeb-a09e-ac78c9b90c4e
picoeuk	2191.4876082842597	NA	NA	NA	34.432947788554245	NA	9	cf55fbb2-561d-4eeb-a09e-ac78c9b90c4e
picoeuk	3454.552678742185	NA	NA	NA	81.34266230117997	NA	10	cf55fbb2-561d-4eeb-a09e-ac78c9b90c4e
picoeuk	3822.211054268877	NA	NA	NA	1404.3601690901528	NA	11	cf55fbb2-561d-4eeb-a09e-ac78c9b90c4e
picoeuk	3454.552678742185	NA	NA	NA	3373.985065714536	NA	12	cf55fbb2-561d-4eeb-a09e-ac78c9b90c4e
picoeuk	1413.8609282389564	NA	NA	NA	3670.671555111015	NA	13	cf55fbb2-561d-4eeb-a09e-ac78c9b90c4e
prochloro	2.7658669222554955	NA	NA	NA	2.6562083811166515	NA	1	cf55fbb2-561d-4eeb-a09e-ac78c9b90c4e
prochloro	2.4169490074317985	NA	NA	NA	4.87303140035161	NA	2	cf55fbb2-561d-4eeb-a09e-ac78c9b90c4e
prochloro	3.4434790384734453	NA	NA	NA	7.18075507567164	NA	3	cf55fbb2-561d-4eeb-a09e-ac78c9b90c4e
prochloro	6.872850248668008	NA	NA	NA	9.246496831737508	NA	4	cf55fbb2-561d-4eeb-a09e-ac78c9b90c4e
prochloro	16.79275716792223	NA	NA	NA	10.944148216703786	NA	5	cf55fbb2-561d-4eeb-a09e-ac78c9b90c4e
prochloro	27.378884927684084	NA	NA	NA	10.404483931154695	NA	6	cf55fbb2-561d-4eeb-a09e-ac78c9b90c4e
prochloro	36.46395869988908	NA	NA	NA	7.94498274613744	NA	7	cf55fbb2-561d-4eeb-a09e-ac78c9b90c4e
prochloro	36.46395869988908	NA	NA	NA	4.404294644817694	NA	8	cf55fbb2-561d-4eeb-a09e-ac78c9b90c4e
prochloro	27.378884927684084	NA	NA	NA	3.36316968660056	NA	9	cf55fbb2-561d-4eeb-a09e-ac78c9b90c4e
prochloro	17.36852571879344	NA	NA	NA	2.400707770450202	NA	10	cf55fbb2-561d-4eeb-a09e-ac78c9b90c4e
prochloro	10.47487221051009	NA	NA	NA	2.028311052980345	NA	11	cf55fbb2-561d-4eeb-a09e-ac78c9b90c4e
prochloro	5.42813004809288	NA	NA	NA	2.0978551846564333	NA	12	cf55fbb2-561d-4eeb-a09e-ac78c9b90c4e
prochloro	3.3859221584181363	NA	NA	NA	2.400707770450202	NA	13	cf55fbb2-561d-4eeb-a09e-ac78c9b90c4e
synecho	4.905998368995627	NA	NA	4.258291789635077	NA	NA	1	cf55fbb2-561d-4eeb-a09e-ac78c9b90c4e
synecho	7.10849773576378	NA	NA	16.401113882382607	NA	NA	2	cf55fbb2-561d-4eeb-a09e-ac78c9b90c4e
synecho	24.331699141971853	NA	NA	28.605463497302228	NA	NA	3	cf55fbb2-561d-4eeb-a09e-ac78c9b90c4e
synecho	110.92133955314657	NA	NA	49.05735850369729	NA	NA	4	cf55fbb2-561d-4eeb-a09e-ac78c9b90c4e
synecho	193.45980720661015	NA	NA	45.85875536544302	NA	NA	5	cf55fbb2-561d-4eeb-a09e-ac78c9b90c4e
synecho	257.6551396706958	NA	NA	32.7350329029264	NA	NA	6	cf55fbb2-561d-4eeb-a09e-ac78c9b90c4e
synecho	203.4942644011664	NA	NA	8.939974437860162	NA	NA	7	cf55fbb2-561d-4eeb-a09e-ac78c9b90c4e
synecho	142.83091456845406	NA	NA	3.2516802390711863	NA	NA	8	cf55fbb2-561d-4eeb-a09e-ac78c9b90c4e
synecho	112.80687794934448	NA	NA	1.896062552504523	NA	NA	9	cf55fbb2-561d-4eeb-a09e-ac78c9b90c4e
synecho	45.39729530458972	NA	NA	1.896062552504523	NA	NA	10	cf55fbb2-561d-4eeb-a09e-ac78c9b90c4e
synecho	15.435462161644356	NA	NA	1.833207868929655	NA	NA	11	cf55fbb2-561d-4eeb-a09e-ac78c9b90c4e
synecho	8.413613743020484	NA	NA	1.8643703471236976	NA	NA	12	cf55fbb2-561d-4eeb-a09e-ac78c9b90c4e
synecho	5.905444801000703	NA	NA	2.0978551846564333	NA	NA	13	cf55fbb2-561d-4eeb-a09e-ac78c9b90c4e
synecho	5.905444801000703	NA	NA	3.42033980014734	NA	NA	14	cf55fbb2-561d-4eeb-a09e-ac78c9b90c4e
beads	358.98160256943714	NA	NA	369.38230944447366	NA	NA	1	d5663f7f-4780-4a89-979f-0214953bdd53
beads	477.65155336676577	NA	NA	511.9587289743056	NA	NA	2	d5663f7f-4780-4a89-979f-0214953bdd53
beads	779.3804080134937	NA	NA	428.9917132235752	NA	NA	3	d5663f7f-4780-4a89-979f-0214953bdd53
beads	738.1132605281688	NA	NA	293.1322263322331	NA	NA	4	d5663f7f-4780-4a89-979f-0214953bdd53
beads	610.1411824744081	NA	NA	259.3605951060823	NA	NA	5	d5663f7f-4780-4a89-979f-0214953bdd53
beads	471.19923347109625	NA	NA	229.47977824021456	NA	NA	6	d5663f7f-4780-4a89-979f-0214953bdd53
beads	349.348556970655	NA	NA	208.64024660905025	NA	NA	7	d5663f7f-4780-4a89-979f-0214953bdd53
beads	335.3814949093319	NA	NA	248.99127925855004	NA	NA	8	d5663f7f-4780-4a89-979f-0214953bdd53
picoeuk	104.1285565394544	NA	NA	NA	1024.4069813565138	NA	1	d5663f7f-4780-4a89-979f-0214953bdd53
picoeuk	98.61508910305824	NA	NA	NA	4.693008498911757	NA	2	d5663f7f-4780-4a89-979f-0214953bdd53
picoeuk	3624.077278501824	NA	NA	NA	2690.558815566024	NA	3	d5663f7f-4780-4a89-979f-0214953bdd53
prochloro	6.495603972231246	NA	NA	NA	11.995215729634992	NA	1	d5663f7f-4780-4a89-979f-0214953bdd53
prochloro	13.912020594187988	NA	NA	NA	13.015108051820064	NA	2	d5663f7f-4780-4a89-979f-0214953bdd53
prochloro	22.393495128538063	NA	NA	NA	12.494760054762605	NA	3	d5663f7f-4780-4a89-979f-0214953bdd53
prochloro	35.07844353265657	NA	NA	NA	10.613252350282016	NA	4	d5663f7f-4780-4a89-979f-0214953bdd53
prochloro	48.61823348385178	NA	NA	NA	6.59351228653322	NA	5	d5663f7f-4780-4a89-979f-0214953bdd53
prochloro	44.80840241284141	NA	NA	NA	3.624311996762017	NA	6	d5663f7f-4780-4a89-979f-0214953bdd53
prochloro	34.60458903031165	NA	NA	NA	2.614970035169485	NA	7	d5663f7f-4780-4a89-979f-0214953bdd53
prochloro	17.770897291374276	NA	NA	NA	2.0471401295037834	NA	8	d5663f7f-4780-4a89-979f-0214953bdd53
prochloro	11.499992141954252	NA	NA	NA	1.836092761253588	NA	9	d5663f7f-4780-4a89-979f-0214953bdd53
prochloro	7.965606090405909	NA	NA	NA	1.938746804782313	NA	10	d5663f7f-4780-4a89-979f-0214953bdd53
prochloro	3.4277444634109417	NA	NA	NA	2.0471401295037834	NA	11	d5663f7f-4780-4a89-979f-0214953bdd53
prochloro	1.9626237604556256	NA	NA	NA	2.614970035169485	NA	12	d5663f7f-4780-4a89-979f-0214953bdd53
prochloro	1.9894987539568167	NA	NA	NA	4.5670745665266175	NA	13	d5663f7f-4780-4a89-979f-0214953bdd53
synecho	32.32962000459096	NA	NA	29.83675217008807	NA	NA	1	d5663f7f-4780-4a89-979f-0214953bdd53
synecho	109.95027622658309	NA	NA	52.82378928338307	NA	NA	2	d5663f7f-4780-4a89-979f-0214953bdd53
synecho	205.5421080217057	NA	NA	26.39927344629802	NA	NA	3	d5663f7f-4780-4a89-979f-0214953bdd53
synecho	245.293960535434	NA	NA	7.762404135822941	NA	NA	4	d5663f7f-4780-4a89-979f-0214953bdd53
synecho	266.1500612231761	NA	NA	2.687076030988303	NA	NA	5	d5663f7f-4780-4a89-979f-0214953bdd53
synecho	226.07218949577876	NA	NA	2.1323938887928398	NA	NA	6	d5663f7f-4780-4a89-979f-0214953bdd53
synecho	95.96881519024966	NA	NA	1.6026121345413988	NA	NA	7	d5663f7f-4780-4a89-979f-0214953bdd53
synecho	38.58216990113901	NA	NA	1.4972534792736767	NA	NA	8	d5663f7f-4780-4a89-979f-0214953bdd53
synecho	16.378330926681095	NA	NA	2.075172439508869	NA	NA	9	d5663f7f-4780-4a89-979f-0214953bdd53
beads	367.0867982249	NA	NA	235.23841799383496	NA	NA	1	d60a3acc-a1a9-4e21-84a1-499eec6cdb8d
beads	578.6574732820608	NA	NA	235.23841799383496	NA	NA	2	d60a3acc-a1a9-4e21-84a1-499eec6cdb8d
beads	550.1234324674657	NA	NA	154.34636214301548	NA	NA	3	d60a3acc-a1a9-4e21-84a1-499eec6cdb8d
beads	406.1548190263086	NA	NA	119.86414352792738	NA	NA	4	d60a3acc-a1a9-4e21-84a1-499eec6cdb8d
beads	315.4165660038004	NA	NA	119.86414352792738	NA	NA	5	d60a3acc-a1a9-4e21-84a1-499eec6cdb8d
beads	253.34849926314024	NA	NA	156.9700772307211	NA	NA	6	d60a3acc-a1a9-4e21-84a1-499eec6cdb8d
beads	280.31167115349547	NA	NA	205.56276815241011	NA	NA	7	d60a3acc-a1a9-4e21-84a1-499eec6cdb8d
picoeuk	912.16702154468	NA	NA	NA	2491.005132459611	NA	1	d60a3acc-a1a9-4e21-84a1-499eec6cdb8d
picoeuk	35.2551744311733	NA	NA	NA	227.4402383883553	NA	2	d60a3acc-a1a9-4e21-84a1-499eec6cdb8d
picoeuk	6.424731535295286	NA	NA	NA	28.12733041937572	NA	3	d60a3acc-a1a9-4e21-84a1-499eec6cdb8d
picoeuk	13.262804582595365	NA	NA	NA	8.08003854410492	NA	4	d60a3acc-a1a9-4e21-84a1-499eec6cdb8d
picoeuk	22.74524093043352	NA	NA	NA	2.6118105307200903	NA	5	d60a3acc-a1a9-4e21-84a1-499eec6cdb8d
picoeuk	588.4940014786702	NA	NA	NA	5.483306578005207	NA	6	d60a3acc-a1a9-4e21-84a1-499eec6cdb8d
picoeuk	2869.898945570822	NA	NA	NA	19.742336915445307	NA	7	d60a3acc-a1a9-4e21-84a1-499eec6cdb8d
picoeuk	3633.7349155163433	NA	NA	NA	179.63074233728656	NA	8	d60a3acc-a1a9-4e21-84a1-499eec6cdb8d
picoeuk	3018.756108915749	NA	NA	NA	3153.9968814994363	NA	9	d60a3acc-a1a9-4e21-84a1-499eec6cdb8d
prochloro	3.683658318770133	NA	NA	NA	7.94498274613744	NA	1	d60a3acc-a1a9-4e21-84a1-499eec6cdb8d
prochloro	10.127629036803024	NA	NA	NA	15.85741514101417	NA	2	d60a3acc-a1a9-4e21-84a1-499eec6cdb8d
prochloro	19.54367692300135	NA	NA	NA	14.092533549106204	NA	3	d60a3acc-a1a9-4e21-84a1-499eec6cdb8d
prochloro	33.516714923445804	NA	NA	NA	10.581348491426404	NA	4	d60a3acc-a1a9-4e21-84a1-499eec6cdb8d
prochloro	44.63849101059291	NA	NA	NA	5.865761825398039	NA	5	d60a3acc-a1a9-4e21-84a1-499eec6cdb8d
prochloro	30.80768570700885	NA	NA	NA	3.1973292273741896	NA	6	d60a3acc-a1a9-4e21-84a1-499eec6cdb8d
prochloro	15.697847710593626	NA	NA	NA	2.441517110631904	NA	7	d60a3acc-a1a9-4e21-84a1-499eec6cdb8d
prochloro	7.477204379676349	NA	NA	NA	2.321124042018852	NA	8	d60a3acc-a1a9-4e21-84a1-499eec6cdb8d
prochloro	4.287099929860858	NA	NA	NA	2.400707770450202	NA	9	d60a3acc-a1a9-4e21-84a1-499eec6cdb8d
prochloro	3.165155660340489	NA	NA	NA	4.330677975232162	NA	10	d60a3acc-a1a9-4e21-84a1-499eec6cdb8d
synecho	34.665893119049045	NA	NA	14.092533549106204	NA	NA	1	d60a3acc-a1a9-4e21-84a1-499eec6cdb8d
synecho	101.95598748143745	NA	NA	18.45511104882108	NA	NA	2	d60a3acc-a1a9-4e21-84a1-499eec6cdb8d
synecho	187.04659317505627	NA	NA	11.511804043498383	NA	NA	3	d60a3acc-a1a9-4e21-84a1-499eec6cdb8d
synecho	232.87129891662892	NA	NA	4.955867470022754	NA	NA	4	d60a3acc-a1a9-4e21-84a1-499eec6cdb8d
synecho	152.7932305523427	NA	NA	2.8897782174822746	NA	NA	5	d60a3acc-a1a9-4e21-84a1-499eec6cdb8d
synecho	80.52414052499256	NA	NA	2.441517110631904	NA	NA	6	d60a3acc-a1a9-4e21-84a1-499eec6cdb8d
synecho	38.35528712619798	NA	NA	2.6562083811166515	NA	NA	7	d60a3acc-a1a9-4e21-84a1-499eec6cdb8d
synecho	22.74524093043352	NA	NA	3.0913374094324126	NA	NA	8	d60a3acc-a1a9-4e21-84a1-499eec6cdb8d
synecho	19.54367692300135	NA	NA	7.18075507567164	NA	NA	9	d60a3acc-a1a9-4e21-84a1-499eec6cdb8d
beads	394.8348262227678	NA	NA	1580.096922416857	NA	NA	1	d826646d-8d67-4ea6-86f3-918973c05512
beads	1952.8677329957804	NA	NA	1559.1871577307863	NA	NA	2	d826646d-8d67-4ea6-86f3-918973c05512
beads	1399.7029440971894	NA	NA	350.69106176898464	NA	NA	3	d826646d-8d67-4ea6-86f3-918973c05512
beads	843.6993346616324	NA	NA	151.50939845392634	NA	NA	4	d826646d-8d67-4ea6-86f3-918973c05512
beads	222.6588144078625	NA	NA	122.4255104841974	NA	NA	5	d826646d-8d67-4ea6-86f3-918973c05512
beads	234.8452631366418	NA	NA	551.6085051201648	NA	NA	6	d826646d-8d67-4ea6-86f3-918973c05512
beads	298.48355693289807	NA	NA	891.0625001360687	NA	NA	7	d826646d-8d67-4ea6-86f3-918973c05512
picoeuk	61.97749092723696	NA	NA	NA	457.7562259139459	NA	1	d826646d-8d67-4ea6-86f3-918973c05512
picoeuk	177.53613616220835	NA	NA	NA	64.59054851891726	NA	2	d826646d-8d67-4ea6-86f3-918973c05512
picoeuk	319.0419581261898	NA	NA	NA	22.85081411603264	NA	3	d826646d-8d67-4ea6-86f3-918973c05512
picoeuk	1275.080279844417	NA	NA	NA	39.984508278567255	NA	4	d826646d-8d67-4ea6-86f3-918973c05512
picoeuk	3604.166322591597	NA	NA	NA	3376.416247010179	NA	5	d826646d-8d67-4ea6-86f3-918973c05512
picoeuk	251.02050303098736	NA	NA	NA	2264.0793156906275	NA	6	d826646d-8d67-4ea6-86f3-918973c05512
prochloro	10.125324788300215	NA	NA	NA	12.381397961622664	NA	1	d826646d-8d67-4ea6-86f3-918973c05512
prochloro	19.44900517783629	NA	NA	NA	14.335404188809871	NA	2	d826646d-8d67-4ea6-86f3-918973c05512
prochloro	38.88143234366722	NA	NA	NA	9.23611142662237	NA	3	d826646d-8d67-4ea6-86f3-918973c05512
prochloro	74.68453553682238	NA	NA	NA	4.872885568276908	NA	4	d826646d-8d67-4ea6-86f3-918973c05512
prochloro	29.00425643904638	NA	NA	NA	2.503296577629908	NA	5	d826646d-8d67-4ea6-86f3-918973c05512
prochloro	13.3938059915855	NA	NA	NA	2.1620814268911848	NA	6	d826646d-8d67-4ea6-86f3-918973c05512
prochloro	5.786538951284971	NA	NA	NA	2.191076415494229	NA	7	d826646d-8d67-4ea6-86f3-918973c05512
prochloro	2.130629913348442	NA	NA	NA	2.503296577629908	NA	8	d826646d-8d67-4ea6-86f3-918973c05512
prochloro	2.130629913348442	NA	NA	NA	5.641914136318825	NA	9	d826646d-8d67-4ea6-86f3-918973c05512
synecho	41.55943609471018	NA	NA	57.29275012009788	NA	NA	1	d826646d-8d67-4ea6-86f3-918973c05512
synecho	184.7749945907983	NA	NA	42.17292000337606	NA	NA	2	d826646d-8d67-4ea6-86f3-918973c05512
synecho	254.3868594197842	NA	NA	14.527651749842878	NA	NA	3	d826646d-8d67-4ea6-86f3-918973c05512
synecho	241.1863699647741	NA	NA	3.9374818282893065	NA	NA	4	d826646d-8d67-4ea6-86f3-918973c05512
synecho	202.83436895113823	NA	NA	2.191076415494229	NA	NA	5	d826646d-8d67-4ea6-86f3-918973c05512
synecho	114.38418577176434	NA	NA	1.892418846880936	NA	NA	6	d826646d-8d67-4ea6-86f3-918973c05512
synecho	30.59170261741028	NA	NA	1.892418846880936	NA	NA	7	d826646d-8d67-4ea6-86f3-918973c05512
synecho	7.25724875098578	NA	NA	2.470169912021558	NA	NA	8	d826646d-8d67-4ea6-86f3-918973c05512
synecho	7.553155812078122	NA	NA	24.101473225919893	NA	NA	9	d826646d-8d67-4ea6-86f3-918973c05512
synecho	17.023255227045023	NA	NA	38.93326297601647	NA	NA	10	d826646d-8d67-4ea6-86f3-918973c05512
beads	NA	NA	NA	204.11214932136977	58.160008477321526	NA	1	dccf2281-5a81-4d9d-aa95-3e9e43d629af
beads	NA	NA	NA	118.26826940306417	37.85357791333431	NA	2	dccf2281-5a81-4d9d-aa95-3e9e43d629af
beads	NA	NA	NA	88.9647438713686	51.1070309293318	NA	3	dccf2281-5a81-4d9d-aa95-3e9e43d629af
beads	NA	NA	NA	125.95132736093825	106.4764594396383	NA	4	dccf2281-5a81-4d9d-aa95-3e9e43d629af
beads	NA	NA	NA	240.16210858932965	160.4307707636696	NA	5	dccf2281-5a81-4d9d-aa95-3e9e43d629af
beads	NA	NA	NA	290.62404119490503	97.67234072449271	NA	6	dccf2281-5a81-4d9d-aa95-3e9e43d629af
croco	NA	NA	NA	686.3390002494341	1274.211669368332	NA	1	dccf2281-5a81-4d9d-aa95-3e9e43d629af
croco	NA	NA	NA	334.5087707927202	622.7821717137969	NA	2	dccf2281-5a81-4d9d-aa95-3e9e43d629af
croco	NA	NA	NA	174.4855394687471	620.9176194286208	NA	3	dccf2281-5a81-4d9d-aa95-3e9e43d629af
croco	NA	NA	NA	138.66909679694285	829.0238807046255	NA	4	dccf2281-5a81-4d9d-aa95-3e9e43d629af
croco	NA	NA	NA	192.66909229220903	2188.112684969325	NA	5	dccf2281-5a81-4d9d-aa95-3e9e43d629af
croco	NA	NA	NA	550.9749346793996	3402.5698737802845	NA	6	dccf2281-5a81-4d9d-aa95-3e9e43d629af
croco	NA	NA	NA	1038.9848448172115	2227.8516942755828	NA	7	dccf2281-5a81-4d9d-aa95-3e9e43d629af
picoeuk	28.259304586656583	NA	NA	NA	1882.93817510207	NA	1	dccf2281-5a81-4d9d-aa95-3e9e43d629af
picoeuk	4.293744831065126	NA	NA	NA	260.9673750526576	NA	2	dccf2281-5a81-4d9d-aa95-3e9e43d629af
picoeuk	6.3287572593196915	NA	NA	NA	33.86693118305085	NA	3	dccf2281-5a81-4d9d-aa95-3e9e43d629af
picoeuk	10.313734951083777	NA	NA	NA	13.426956706233677	NA	4	dccf2281-5a81-4d9d-aa95-3e9e43d629af
picoeuk	91.71621011748098	NA	NA	NA	8.77682848677273	NA	5	dccf2281-5a81-4d9d-aa95-3e9e43d629af
picoeuk	938.98716006577	NA	NA	NA	15.838158097500925	NA	6	dccf2281-5a81-4d9d-aa95-3e9e43d629af
picoeuk	3559.759261887083	NA	NA	NA	94.69214984324141	NA	7	dccf2281-5a81-4d9d-aa95-3e9e43d629af
picoeuk	3588.053676760434	NA	NA	NA	3473.194961033091	NA	8	dccf2281-5a81-4d9d-aa95-3e9e43d629af
picoeuk	141.41876821175504	NA	NA	NA	3814.9870330894532	NA	9	dccf2281-5a81-4d9d-aa95-3e9e43d629af
prochloro	7.771052320741345	NA	NA	NA	2.5649940786370773	NA	1	dccf2281-5a81-4d9d-aa95-3e9e43d629af
prochloro	21.36806984148504	NA	NA	NA	2.6066094473367842	NA	2	dccf2281-5a81-4d9d-aa95-3e9e43d629af
prochloro	57.78861394477806	NA	NA	NA	5.030631458341749	NA	3	dccf2281-5a81-4d9d-aa95-3e9e43d629af
prochloro	72.4513897870832	NA	NA	NA	13.920443128550868	NA	4	dccf2281-5a81-4d9d-aa95-3e9e43d629af
prochloro	64.84919508690935	NA	NA	NA	22.777449537178825	NA	5	dccf2281-5a81-4d9d-aa95-3e9e43d629af
prochloro	16.494521704887326	NA	NA	NA	18.269173504971956	NA	6	dccf2281-5a81-4d9d-aa95-3e9e43d629af
prochloro	4.463039303768556	NA	NA	NA	12.550284762546102	NA	7	dccf2281-5a81-4d9d-aa95-3e9e43d629af
prochloro	3.123970503068757	NA	NA	NA	4.717184104558307	NA	8	dccf2281-5a81-4d9d-aa95-3e9e43d629af
prochloro	3.7468508308302453	NA	NA	NA	2.7961652042189127	NA	9	dccf2281-5a81-4d9d-aa95-3e9e43d629af
synecho	20.682321234005087	NA	NA	66.19537593227692	NA	NA	1	dccf2281-5a81-4d9d-aa95-3e9e43d629af
synecho	3.938242083154446	NA	NA	8.512949225016417	NA	NA	2	dccf2281-5a81-4d9d-aa95-3e9e43d629af
synecho	5.31581964105259	NA	NA	3.4106775058372545	NA	NA	3	dccf2281-5a81-4d9d-aa95-3e9e43d629af
synecho	22.31039009289931	NA	NA	2.0826819727914048	NA	NA	4	dccf2281-5a81-4d9d-aa95-3e9e43d629af
synecho	202.248545499756	NA	NA	2.5345579438664814	NA	NA	5	dccf2281-5a81-4d9d-aa95-3e9e43d629af
synecho	349.16543719022894	NA	NA	4.107406047965584	NA	NA	6	dccf2281-5a81-4d9d-aa95-3e9e43d629af
synecho	448.39148043511386	NA	NA	32.657677897255546	NA	NA	7	dccf2281-5a81-4d9d-aa95-3e9e43d629af
synecho	422.0184717638535	NA	NA	81.07206821350748	NA	NA	8	dccf2281-5a81-4d9d-aa95-3e9e43d629af
synecho	146.1158495933734	NA	NA	135.84112240199545	NA	NA	9	dccf2281-5a81-4d9d-aa95-3e9e43d629af
synecho	46.42132980879509	NA	NA	136.3497680977976	NA	NA	10	dccf2281-5a81-4d9d-aa95-3e9e43d629af
beads	NA	NA	NA	272.5137987708355	93.24606349879409	NA	1	dde5ca6a-33a7-4f3d-ab1e-aaea8e72b37c
beads	NA	NA	NA	228.47657108934885	125.65254459416808	NA	2	dde5ca6a-33a7-4f3d-ab1e-aaea8e72b37c
beads	NA	NA	NA	228.47657108934885	181.19789827371173	NA	3	dde5ca6a-33a7-4f3d-ab1e-aaea8e72b37c
beads	NA	NA	NA	432.1036025037991	371.7309098534852	NA	4	dde5ca6a-33a7-4f3d-ab1e-aaea8e72b37c
beads	NA	NA	NA	694.505187209674	573.65611763155	NA	5	dde5ca6a-33a7-4f3d-ab1e-aaea8e72b37c
beads	NA	NA	NA	1868.5957606460345	973.4017113058144	NA	6	dde5ca6a-33a7-4f3d-ab1e-aaea8e72b37c
beads	NA	NA	NA	1609.7000907348513	480.9553987066265	NA	7	dde5ca6a-33a7-4f3d-ab1e-aaea8e72b37c
beads	NA	NA	NA	574.4344150567036	181.19789827371173	NA	8	dde5ca6a-33a7-4f3d-ab1e-aaea8e72b37c
beads	NA	NA	NA	329.47581459560683	89.52943722702834	NA	9	dde5ca6a-33a7-4f3d-ab1e-aaea8e72b37c
picoeuk	75.06180942562845	NA	NA	NA	3781.835729556145	NA	1	dde5ca6a-33a7-4f3d-ab1e-aaea8e72b37c
picoeuk	123.9604290079925	NA	NA	NA	44.90095646009944	NA	2	dde5ca6a-33a7-4f3d-ab1e-aaea8e72b37c
picoeuk	103.92887955860024	NA	NA	NA	3.705301930567975	NA	3	dde5ca6a-33a7-4f3d-ab1e-aaea8e72b37c
picoeuk	120.64425222417492	NA	NA	NA	1.0936643170139604	NA	4	dde5ca6a-33a7-4f3d-ab1e-aaea8e72b37c
picoeuk	3297.85582651826	NA	NA	NA	1.1863513986964798	NA	5	dde5ca6a-33a7-4f3d-ab1e-aaea8e72b37c
picoeuk	3776.711745105489	NA	NA	NA	3885.7879329587768	NA	6	dde5ca6a-33a7-4f3d-ab1e-aaea8e72b37c
picoeuk	216.12249935486972	NA	NA	NA	3302.3301319765687	NA	7	dde5ca6a-33a7-4f3d-ab1e-aaea8e72b37c
prochloro	2.601004660019408	NA	NA	NA	2.401046926194511	NA	1	dde5ca6a-33a7-4f3d-ab1e-aaea8e72b37c
prochloro	4.013877231238033	NA	NA	NA	2.068379655114757	NA	2	dde5ca6a-33a7-4f3d-ab1e-aaea8e72b37c
prochloro	6.110810586780107	NA	NA	NA	2.068379655114757	NA	3	dde5ca6a-33a7-4f3d-ab1e-aaea8e72b37c
prochloro	9.054346804375172	NA	NA	NA	2.068379655114757	NA	4	dde5ca6a-33a7-4f3d-ab1e-aaea8e72b37c
prochloro	19.87804779322118	NA	NA	NA	2.274300143060999	NA	5	dde5ca6a-33a7-4f3d-ab1e-aaea8e72b37c
prochloro	28.27921704407804	NA	NA	NA	5.875204557656518	NA	6	dde5ca6a-33a7-4f3d-ab1e-aaea8e72b37c
prochloro	35.60959840327692	NA	NA	NA	9.835020076517614	NA	7	dde5ca6a-33a7-4f3d-ab1e-aaea8e72b37c
prochloro	20.98585171279268	NA	NA	NA	12.053093091035342	NA	8	dde5ca6a-33a7-4f3d-ab1e-aaea8e72b37c
prochloro	11.714756190284836	NA	NA	NA	13.433966144672786	NA	9	dde5ca6a-33a7-4f3d-ab1e-aaea8e72b37c
prochloro	4.413484506415465	NA	NA	NA	9.835020076517614	NA	10	dde5ca6a-33a7-4f3d-ab1e-aaea8e72b37c
synecho	27.152056528477864	NA	NA	22.488293887220117	NA	NA	1	dde5ca6a-33a7-4f3d-ab1e-aaea8e72b37c
synecho	210.3408122426461	NA	NA	31.13678187039969	NA	NA	2	dde5ca6a-33a7-4f3d-ab1e-aaea8e72b37c
synecho	264.86418772149875	NA	NA	3.9651962738027406	NA	NA	3	dde5ca6a-33a7-4f3d-ab1e-aaea8e72b37c
synecho	84.80334543745023	NA	NA	1.8061261640929145	NA	NA	4	dde5ca6a-33a7-4f3d-ab1e-aaea8e72b37c
synecho	14.751390134957878	NA	NA	1.8557715764817388	NA	NA	5	dde5ca6a-33a7-4f3d-ab1e-aaea8e72b37c
synecho	11.247826338337722	NA	NA	11.263086620602053	NA	NA	6	dde5ca6a-33a7-4f3d-ab1e-aaea8e72b37c
beads	343.1522648413832	NA	NA	209.05710471326992	NA	NA	1	dff11f5f-3a47-43fb-bf9e-e210b0518ae7
beads	522.9964269419701	NA	NA	255.9237675275301	NA	NA	2	dff11f5f-3a47-43fb-bf9e-e210b0518ae7
beads	619.0182636102052	NA	NA	255.9237675275301	NA	NA	3	dff11f5f-3a47-43fb-bf9e-e210b0518ae7
beads	588.4940014786702	NA	NA	202.1268385422125	NA	NA	4	dff11f5f-3a47-43fb-bf9e-e210b0518ae7
beads	457.0197086550235	NA	NA	134.87535635953864	NA	NA	5	dff11f5f-3a47-43fb-bf9e-e210b0518ae7
beads	304.9604719133114	NA	NA	123.973891768218	NA	NA	6	dff11f5f-3a47-43fb-bf9e-e210b0518ae7
beads	280.31167115349547	NA	NA	170.77301359434534	NA	NA	7	dff11f5f-3a47-43fb-bf9e-e210b0518ae7
picoeuk	708.3815729363555	NA	NA	NA	3489.6679445010213	NA	1	dff11f5f-3a47-43fb-bf9e-e210b0518ae7
picoeuk	9.309051111830364	NA	NA	NA	89.9997342476289	NA	2	dff11f5f-3a47-43fb-bf9e-e210b0518ae7
picoeuk	4.075699766511946	NA	NA	NA	26.29339214601048	NA	3	dff11f5f-3a47-43fb-bf9e-e210b0518ae7
picoeuk	3.502014320951109	NA	NA	NA	10.581348491426404	NA	4	dff11f5f-3a47-43fb-bf9e-e210b0518ae7
picoeuk	15.697847710593626	NA	NA	NA	2.938901206868356	NA	5	dff11f5f-3a47-43fb-bf9e-e210b0518ae7
picoeuk	95.30832540853235	NA	NA	NA	3.1438866790731272	NA	6	dff11f5f-3a47-43fb-bf9e-e210b0518ae7
picoeuk	1043.8501535220878	NA	NA	NA	8.35707655739851	NA	7	dff11f5f-3a47-43fb-bf9e-e210b0518ae7
picoeuk	3633.7349155163433	NA	NA	NA	48.23737718025084	NA	8	dff11f5f-3a47-43fb-bf9e-e210b0518ae7
picoeuk	3396.81070559422	NA	NA	NA	1870.3658436320463	NA	9	dff11f5f-3a47-43fb-bf9e-e210b0518ae7
picoeuk	3572.997956659209	NA	NA	NA	3670.671555111015	NA	10	dff11f5f-3a47-43fb-bf9e-e210b0518ae7
picoeuk	824.4257009874095	NA	NA	NA	3609.3172096773856	NA	11	dff11f5f-3a47-43fb-bf9e-e210b0518ae7
prochloro	2.184462749298359	NA	NA	NA	3.306955157023191	NA	1	dff11f5f-3a47-43fb-bf9e-e210b0518ae7
prochloro	2.5855288264557923	NA	NA	NA	9.891430902629034	NA	2	dff11f5f-3a47-43fb-bf9e-e210b0518ae7
prochloro	6.424731535295286	NA	NA	NA	11.511804043498383	NA	3	dff11f5f-3a47-43fb-bf9e-e210b0518ae7
prochloro	19.54367692300135	NA	NA	NA	20.766341009933893	NA	4	dff11f5f-3a47-43fb-bf9e-e210b0518ae7
prochloro	51.95098326722669	NA	NA	NA	23.36701837231208	NA	5	dff11f5f-3a47-43fb-bf9e-e210b0518ae7
prochloro	72.77852567647771	NA	NA	NA	21.47835071451218	NA	6	dff11f5f-3a47-43fb-bf9e-e210b0518ae7
prochloro	47.75198190880016	NA	NA	NA	6.712560569880066	NA	7	dff11f5f-3a47-43fb-bf9e-e210b0518ae7
prochloro	37.71418821549047	NA	NA	NA	3.658905141301177	NA	8	dff11f5f-3a47-43fb-bf9e-e210b0518ae7
prochloro	16.51207048468326	NA	NA	NA	2.8897782174822746	NA	9	dff11f5f-3a47-43fb-bf9e-e210b0518ae7
prochloro	6.211750973461475	NA	NA	NA	2.7013609451866	NA	10	dff11f5f-3a47-43fb-bf9e-e210b0518ae7
prochloro	2.458034430430873	NA	NA	NA	2.321124042018852	NA	11	dff11f5f-3a47-43fb-bf9e-e210b0518ae7
prochloro	2.221596166596232	NA	NA	NA	3.980645664825837	NA	12	dff11f5f-3a47-43fb-bf9e-e210b0518ae7
synecho	5.6142428192404905	NA	NA	11.511804043498383	NA	NA	1	dff11f5f-3a47-43fb-bf9e-e210b0518ae7
synecho	19.21700931273602	NA	NA	40.75481676936331	NA	NA	2	dff11f5f-3a47-43fb-bf9e-e210b0518ae7
synecho	58.45707627955535	NA	NA	62.11418584372179	NA	NA	3	dff11f5f-3a47-43fb-bf9e-e210b0518ae7
synecho	221.38823777141184	NA	NA	67.57610680091831	NA	NA	4	dff11f5f-3a47-43fb-bf9e-e210b0518ae7
synecho	337.4165616390372	NA	NA	44.33853254693702	NA	NA	5	dff11f5f-3a47-43fb-bf9e-e210b0518ae7
synecho	187.04659317505627	NA	NA	10.944148216703786	NA	NA	6	dff11f5f-3a47-43fb-bf9e-e210b0518ae7
synecho	60.4613776435947	NA	NA	3.1438866790731272	NA	NA	7	dff11f5f-3a47-43fb-bf9e-e210b0518ae7
synecho	18.89580186884658	NA	NA	2.1697837564525297	NA	NA	8	dff11f5f-3a47-43fb-bf9e-e210b0518ae7
synecho	10.127629036803024	NA	NA	1.802566263666622	NA	NA	9	dff11f5f-3a47-43fb-bf9e-e210b0518ae7
synecho	5.520402172342969	NA	NA	2.13351637046854	NA	NA	10	dff11f5f-3a47-43fb-bf9e-e210b0518ae7
synecho	5.248186935917895	NA	NA	5.576516641394314	NA	NA	11	dff11f5f-3a47-43fb-bf9e-e210b0518ae7
beads	319.0267304281251	NA	NA	210.01664712184595	NA	NA	1	e41e718b-81a3-4103-b150-4e6665aa7bc8
beads	506.6970844869563	NA	NA	262.41800019392707	NA	NA	2	e41e718b-81a3-4103-b150-4e6665aa7bc8
beads	561.5618425803657	NA	NA	206.44871780412643	NA	NA	3	e41e718b-81a3-4103-b150-4e6665aa7bc8
beads	533.4245479864933	NA	NA	144.0588828309963	NA	NA	4	e41e718b-81a3-4103-b150-4e6665aa7bc8
beads	426.9068241424784	NA	NA	97.13703286809108	NA	NA	5	e41e718b-81a3-4103-b150-4e6665aa7bc8
beads	353.57069155628704	NA	NA	95.48679193645069	NA	NA	6	e41e718b-81a3-4103-b150-4e6665aa7bc8
beads	222.61525703591664	NA	NA	102.2608565093183	NA	NA	7	e41e718b-81a3-4103-b150-4e6665aa7bc8
beads	230.37639989148903	NA	NA	168.07914104865884	NA	NA	8	e41e718b-81a3-4103-b150-4e6665aa7bc8
picoeuk	861.8582855113802	NA	NA	NA	2939.337588361029	NA	1	e41e718b-81a3-4103-b150-4e6665aa7bc8
picoeuk	145.04963986441888	NA	NA	NA	1382.9997830353848	NA	2	e41e718b-81a3-4103-b150-4e6665aa7bc8
picoeuk	94.5101351314977	NA	NA	NA	245.03464805825905	NA	3	e41e718b-81a3-4103-b150-4e6665aa7bc8
picoeuk	24.411667647093424	NA	NA	NA	61.1594401234297	NA	4	e41e718b-81a3-4103-b150-4e6665aa7bc8
picoeuk	16.74494673387272	NA	NA	NA	25.96491825220906	NA	5	e41e718b-81a3-4103-b150-4e6665aa7bc8
picoeuk	24.411667647093424	NA	NA	NA	8.237670073196508	NA	6	e41e718b-81a3-4103-b150-4e6665aa7bc8
picoeuk	31.02979312967668	NA	NA	NA	3.619186091387365	NA	7	e41e718b-81a3-4103-b150-4e6665aa7bc8
picoeuk	178.16197763225392	NA	NA	NA	2.6134959323072007	NA	8	e41e718b-81a3-4103-b150-4e6665aa7bc8
picoeuk	633.1233139724234	NA	NA	NA	2.6134959323072007	NA	9	e41e718b-81a3-4103-b150-4e6665aa7bc8
picoeuk	1863.394238766603	NA	NA	NA	5.748204980381329	NA	10	e41e718b-81a3-4103-b150-4e6665aa7bc8
picoeuk	3280.010740075471	NA	NA	NA	17.210370496238358	NA	11	e41e718b-81a3-4103-b150-4e6665aa7bc8
prochloro	4.793492142857671	NA	NA	NA	11.604729203171535	NA	1	e41e718b-81a3-4103-b150-4e6665aa7bc8
prochloro	8.58349321214505	NA	NA	NA	16.630570898356172	NA	2	e41e718b-81a3-4103-b150-4e6665aa7bc8
prochloro	15.370079584404516	NA	NA	NA	17.50780700306424	NA	3	e41e718b-81a3-4103-b150-4e6665aa7bc8
prochloro	28.48204879182892	NA	NA	NA	15.265094735998524	NA	4	e41e718b-81a3-4103-b150-4e6665aa7bc8
prochloro	36.20367500886553	NA	NA	NA	9.946292646040796	NA	5	e41e718b-81a3-4103-b150-4e6665aa7bc8
prochloro	26.143490547614096	NA	NA	NA	3.155576169109408	NA	6	e41e718b-81a3-4103-b150-4e6665aa7bc8
prochloro	17.034339601074347	NA	NA	NA	2.5254499549733813	NA	7	e41e718b-81a3-4103-b150-4e6665aa7bc8
prochloro	10.91052125373978	NA	NA	NA	2.398911212528465	NA	8	e41e718b-81a3-4103-b150-4e6665aa7bc8
prochloro	5.133554099561193	NA	NA	NA	2.358156606819422	NA	9	e41e718b-81a3-4103-b150-4e6665aa7bc8
prochloro	2.631470106657781	NA	NA	NA	2.997464685117457	NA	10	e41e718b-81a3-4103-b150-4e6665aa7bc8
prochloro	2.4154095922858363	NA	NA	NA	5.276240612770113	NA	11	e41e718b-81a3-4103-b150-4e6665aa7bc8
prochloro	2.4154095922858363	NA	NA	NA	10.118188453929015	NA	12	e41e718b-81a3-4103-b150-4e6665aa7bc8
synecho	28.974286951474426	NA	NA	13.5396920914597	NA	NA	1	e41e718b-81a3-4103-b150-4e6665aa7bc8
synecho	51.00153816605646	NA	NA	15.005759203350314	NA	NA	2	e41e718b-81a3-4103-b150-4e6665aa7bc8
synecho	108.39534469535336	NA	NA	15.005759203350314	NA	NA	3	e41e718b-81a3-4103-b150-4e6665aa7bc8
synecho	150.1065752745351	NA	NA	10.118188453929015	NA	NA	4	e41e718b-81a3-4103-b150-4e6665aa7bc8
synecho	172.15988470742934	NA	NA	7.691982202875103	NA	NA	5	e41e718b-81a3-4103-b150-4e6665aa7bc8
synecho	172.15988470742934	NA	NA	4.150908506762022	NA	NA	6	e41e718b-81a3-4103-b150-4e6665aa7bc8
synecho	140.1630673827438	NA	NA	2.7989036714022446	NA	NA	7	e41e718b-81a3-4103-b150-4e6665aa7bc8
synecho	86.75024899096746	NA	NA	2.751353676658852	NA	NA	8	e41e718b-81a3-4103-b150-4e6665aa7bc8
synecho	50.13508359797702	NA	NA	2.6586634143715195	NA	NA	9	e41e718b-81a3-4103-b150-4e6665aa7bc8
synecho	22.79456586819599	NA	NA	2.946541378439513	NA	NA	10	e41e718b-81a3-4103-b150-4e6665aa7bc8
synecho	12.729732486354834	NA	NA	6.592717906508696	NA	NA	11	e41e718b-81a3-4103-b150-4e6665aa7bc8
synecho	36.20367500886553	NA	NA	16.630570898356172	NA	NA	12	e41e718b-81a3-4103-b150-4e6665aa7bc8
synecho	85.27646697922638	NA	NA	20.08001334794829	NA	NA	13	e41e718b-81a3-4103-b150-4e6665aa7bc8
synecho	194.0987233716458	NA	NA	13.309669066961137	NA	NA	14	e41e718b-81a3-4103-b150-4e6665aa7bc8
synecho	204.33712162387775	NA	NA	5.276240612770113	NA	NA	15	e41e718b-81a3-4103-b150-4e6665aa7bc8
synecho	181.2410441920185	NA	NA	3.557700488513934	NA	NA	16	e41e718b-81a3-4103-b150-4e6665aa7bc8
synecho	101.21491330225558	NA	NA	2.569095791240245	NA	NA	17	e41e718b-81a3-4103-b150-4e6665aa7bc8
synecho	51.882967148551344	NA	NA	2.4825456087786004	NA	NA	18	e41e718b-81a3-4103-b150-4e6665aa7bc8
synecho	29.98443146341348	NA	NA	2.751353676658852	NA	NA	19	e41e718b-81a3-4103-b150-4e6665aa7bc8
synecho	15.108960485912007	NA	NA	3.619186091387365	NA	NA	20	e41e718b-81a3-4103-b150-4e6665aa7bc8
synecho	14.599955219810129	NA	NA	10.651906765842424	NA	NA	21	e41e718b-81a3-4103-b150-4e6665aa7bc8
beads	344.62940840141675	NA	NA	235.80752490948737	NA	NA	1	e646e373-58e4-49dc-9ac0-8c6dd3b197f0
beads	547.2394353167771	NA	NA	248.99127925855004	NA	NA	2	e646e373-58e4-49dc-9ac0-8c6dd3b197f0
beads	570.0293842897797	NA	NA	182.1092038623823	NA	NA	3	e646e373-58e4-49dc-9ac0-8c6dd3b197f0
beads	532.5546091414908	NA	NA	133.1924645318753	NA	NA	4	e646e373-58e4-49dc-9ac0-8c6dd3b197f0
beads	373.9314981303592	NA	NA	102.86174576353604	NA	NA	5	e646e373-58e4-49dc-9ac0-8c6dd3b197f0
beads	259.00809166949824	NA	NA	119.4611528814981	NA	NA	6	e646e373-58e4-49dc-9ac0-8c6dd3b197f0
beads	241.98042561506247	NA	NA	192.2907407295649	NA	NA	7	e646e373-58e4-49dc-9ac0-8c6dd3b197f0
picoeuk	144.32072704305253	NA	NA	NA	1604.6893190951205	NA	1	e646e373-58e4-49dc-9ac0-8c6dd3b197f0
picoeuk	88.44848901300784	NA	NA	NA	214.39335756148776	NA	2	e646e373-58e4-49dc-9ac0-8c6dd3b197f0
picoeuk	41.29711803408085	NA	NA	NA	5.677328304196972	NA	3	e646e373-58e4-49dc-9ac0-8c6dd3b197f0
picoeuk	89.65964961103447	NA	NA	NA	3.5270558630796005	NA	4	e646e373-58e4-49dc-9ac0-8c6dd3b197f0
picoeuk	1051.2236089447956	NA	NA	NA	2.3774992166931948	NA	5	e646e373-58e4-49dc-9ac0-8c6dd3b197f0
picoeuk	3294.9673514385954	NA	NA	NA	2.687076030988303	NA	6	e646e373-58e4-49dc-9ac0-8c6dd3b197f0
picoeuk	464.8340742509078	NA	NA	NA	2764.749119889304	NA	7	e646e373-58e4-49dc-9ac0-8c6dd3b197f0
prochloro	3.0743654066424098	NA	NA	NA	4.505380585039701	NA	1	e646e373-58e4-49dc-9ac0-8c6dd3b197f0
prochloro	9.9020412866915	NA	NA	NA	11.206628290614873	NA	2	e646e373-58e4-49dc-9ac0-8c6dd3b197f0
prochloro	27.837343549184883	NA	NA	NA	10.905905466494067	NA	3	e646e373-58e4-49dc-9ac0-8c6dd3b197f0
prochloro	33.22108698643876	NA	NA	NA	9.1385160669083	NA	4	e646e373-58e4-49dc-9ac0-8c6dd3b197f0
prochloro	32.77232244457245	NA	NA	NA	5.60063654403579	NA	5	e646e373-58e4-49dc-9ac0-8c6dd3b197f0
prochloro	26.724398047576592	NA	NA	NA	3.2067566507168004	NA	6	e646e373-58e4-49dc-9ac0-8c6dd3b197f0
prochloro	18.76444974285704	NA	NA	NA	2.1911931800892708	NA	7	e646e373-58e4-49dc-9ac0-8c6dd3b197f0
prochloro	11.344645367564928	NA	NA	NA	2.1911931800892708	NA	8	e646e373-58e4-49dc-9ac0-8c6dd3b197f0
prochloro	5.016418659423223	NA	NA	NA	2.075172439508869	NA	9	e646e373-58e4-49dc-9ac0-8c6dd3b197f0
prochloro	3.0743654066424098	NA	NA	NA	2.3774992166931948	NA	10	e646e373-58e4-49dc-9ac0-8c6dd3b197f0
prochloro	2.158655737031691	NA	NA	NA	3.879347395600932	NA	11	e646e373-58e4-49dc-9ac0-8c6dd3b197f0
synecho	28.996637997076064	NA	NA	17.554699497660287	NA	NA	1	e646e373-58e4-49dc-9ac0-8c6dd3b197f0
synecho	88.44848901300784	NA	NA	25.343822426847392	NA	NA	2	e646e373-58e4-49dc-9ac0-8c6dd3b197f0
synecho	238.7116513306425	NA	NA	16.179074864760974	NA	NA	3	e646e373-58e4-49dc-9ac0-8c6dd3b197f0
synecho	214.10197021604188	NA	NA	6.775323841912391	NA	NA	4	e646e373-58e4-49dc-9ac0-8c6dd3b197f0
synecho	174.59080858553844	NA	NA	3.775247547341686	NA	NA	5	e646e373-58e4-49dc-9ac0-8c6dd3b197f0
synecho	117.6872515683716	NA	NA	2.2516138213038066	NA	NA	6	e646e373-58e4-49dc-9ac0-8c6dd3b197f0
synecho	59.62089105175504	NA	NA	2.3453829482760176	NA	NA	7	e646e373-58e4-49dc-9ac0-8c6dd3b197f0
synecho	28.996637997076064	NA	NA	2.4765108783809637	NA	NA	8	e646e373-58e4-49dc-9ac0-8c6dd3b197f0
synecho	15.511120266821782	NA	NA	3.673941153058716	NA	NA	9	e646e373-58e4-49dc-9ac0-8c6dd3b197f0
beads	326.2311652570839	NA	NA	198.7483396252885	NA	NA	1	e8394882-9764-401c-baec-fd65685fb9c6
beads	497.2070747236244	NA	NA	239.237207326664	NA	NA	2	e8394882-9764-401c-baec-fd65685fb9c6
beads	497.2070747236244	NA	NA	126.08130891623244	NA	NA	3	e8394882-9764-401c-baec-fd65685fb9c6
beads	304.9604719133114	NA	NA	101.2708711015356	NA	NA	4	e8394882-9764-401c-baec-fd65685fb9c6
beads	225.15158957068024	NA	NA	137.16808618178283	NA	NA	5	e8394882-9764-401c-baec-fd65685fb9c6
picoeuk	640.2423690407593	NA	NA	NA	2948.3522110378563	NA	1	e8394882-9764-401c-baec-fd65685fb9c6
picoeuk	745.1242156262169	NA	NA	NA	3262.1370871699	NA	2	e8394882-9764-401c-baec-fd65685fb9c6
picoeuk	21.991233674909125	NA	NA	NA	176.62825997121504	NA	3	e8394882-9764-401c-baec-fd65685fb9c6
picoeuk	9.000455036641029	NA	NA	NA	33.85740978652967	NA	4	e8394882-9764-401c-baec-fd65685fb9c6
picoeuk	7.733573187204745	NA	NA	NA	13.173682159406376	NA	5	e8394882-9764-401c-baec-fd65685fb9c6
picoeuk	31.33138181934016	NA	NA	NA	3.658905141301177	NA	6	e8394882-9764-401c-baec-fd65685fb9c6
picoeuk	206.95343871767028	NA	NA	NA	5.212920553595443	NA	7	e8394882-9764-401c-baec-fd65685fb9c6
picoeuk	1344.1423688229522	NA	NA	NA	12.953487398391694	NA	8	e8394882-9764-401c-baec-fd65685fb9c6
picoeuk	3695.504334569638	NA	NA	NA	51.601886853493575	NA	9	e8394882-9764-401c-baec-fd65685fb9c6
picoeuk	3284.206054559989	NA	NA	NA	574.7690531598946	NA	10	e8394882-9764-401c-baec-fd65685fb9c6
picoeuk	3513.2762006875346	NA	NA	NA	3049.441535621789	NA	11	e8394882-9764-401c-baec-fd65685fb9c6
picoeuk	1673.4449638637811	NA	NA	NA	3431.3390285789583	NA	12	e8394882-9764-401c-baec-fd65685fb9c6
prochloro	2.6741781275061203	NA	NA	NA	3.658905141301177	NA	1	e8394882-9764-401c-baec-fd65685fb9c6
prochloro	2.7658669222554955	NA	NA	NA	8.35707655739851	NA	2	e8394882-9764-401c-baec-fd65685fb9c6
prochloro	6.107923129087122	NA	NA	NA	16.12697341747643	NA	3	e8394882-9764-401c-baec-fd65685fb9c6
prochloro	14.923774881749251	NA	NA	NA	20.766341009933893	NA	4	e8394882-9764-401c-baec-fd65685fb9c6
prochloro	55.5745133170449	NA	NA	NA	21.119345521784453	NA	5	e8394882-9764-401c-baec-fd65685fb9c6
prochloro	52.83409173008157	NA	NA	NA	8.35707655739851	NA	6	e8394882-9764-401c-baec-fd65685fb9c6
prochloro	39.6703640886092	NA	NA	NA	4.791579914606507	NA	7	e8394882-9764-401c-baec-fd65685fb9c6
prochloro	27.844295271484487	NA	NA	NA	3.784356994735135	NA	8	e8394882-9764-401c-baec-fd65685fb9c6
prochloro	6.872850248668008	NA	NA	NA	2.8897782174822746	NA	9	e8394882-9764-401c-baec-fd65685fb9c6
prochloro	3.502014320951109	NA	NA	NA	2.841476306423219	NA	10	e8394882-9764-401c-baec-fd65685fb9c6
prochloro	3.218959757474166	NA	NA	NA	3.1438866790731272	NA	11	e8394882-9764-401c-baec-fd65685fb9c6
prochloro	3.218959757474166	NA	NA	NA	6.381559094715434	NA	12	e8394882-9764-401c-baec-fd65685fb9c6
prochloro	7.604308469934322	NA	NA	NA	12.108903288941322	NA	13	e8394882-9764-401c-baec-fd65685fb9c6
prochloro	17.663771180668203	NA	NA	NA	17.5450754643532	NA	14	e8394882-9764-401c-baec-fd65685fb9c6
prochloro	47.75198190880016	NA	NA	NA	17.5450754643532	NA	15	e8394882-9764-401c-baec-fd65685fb9c6
prochloro	41.03053072565576	NA	NA	NA	5.391654497219887	NA	16	e8394882-9764-401c-baec-fd65685fb9c6
prochloro	19.87589751634849	NA	NA	NA	2.321124042018852	NA	17	e8394882-9764-401c-baec-fd65685fb9c6
prochloro	6.872850248668008	NA	NA	NA	2.400707770450202	NA	18	e8394882-9764-401c-baec-fd65685fb9c6
synecho	7.733573187204745	NA	NA	11.707491804040815	NA	NA	1	e8394882-9764-401c-baec-fd65685fb9c6
synecho	20.213765487263256	NA	NA	34.432947788554245	NA	NA	2	e8394882-9764-401c-baec-fd65685fb9c6
synecho	81.89296062212055	NA	NA	63.17005735436826	NA	NA	3	e8394882-9764-401c-baec-fd65685fb9c6
synecho	206.95343871767028	NA	NA	44.33853254693702	NA	NA	4	e8394882-9764-401c-baec-fd65685fb9c6
synecho	180.8459778988116	NA	NA	22.21477289595246	NA	NA	5	e8394882-9764-401c-baec-fd65685fb9c6
synecho	118.6579940254879	NA	NA	7.18075507567164	NA	NA	6	e8394882-9764-401c-baec-fd65685fb9c6
synecho	42.43733301435407	NA	NA	2.79398174957489	NA	NA	7	e8394882-9764-401c-baec-fd65685fb9c6
synecho	24.745310744227528	NA	NA	2.06279006653386	NA	NA	8	e8394882-9764-401c-baec-fd65685fb9c6
synecho	10.834021213434228	NA	NA	2.0978551846564333	NA	NA	9	e8394882-9764-401c-baec-fd65685fb9c6
synecho	8.134701515762917	NA	NA	5.576516641394314	NA	NA	10	e8394882-9764-401c-baec-fd65685fb9c6
beads	347.56395231166863	NA	NA	199.49367383268583	NA	NA	1	ece5a653-3664-4380-80af-9a48f4da8f55
beads	481.3088118960784	NA	NA	236.77968396887852	NA	NA	2	ece5a653-3664-4380-80af-9a48f4da8f55
beads	571.2669789608011	NA	NA	236.77968396887852	NA	NA	3	ece5a653-3664-4380-80af-9a48f4da8f55
beads	571.2669789608011	NA	NA	165.22367933520383	NA	NA	4	ece5a653-3664-4380-80af-9a48f4da8f55
beads	561.5618425803657	NA	NA	127.77601124031108	NA	NA	5	ece5a653-3664-4380-80af-9a48f4da8f55
beads	434.2847986341268	NA	NA	97.13703286809108	NA	NA	6	ece5a653-3664-4380-80af-9a48f4da8f55
beads	268.78916905853134	NA	NA	97.13703286809108	NA	NA	7	ece5a653-3664-4380-80af-9a48f4da8f55
beads	264.22276553903794	NA	NA	141.61149630914394	NA	NA	8	ece5a653-3664-4380-80af-9a48f4da8f55
beads	412.5247743763173	NA	NA	213.6462388211566	NA	NA	9	ece5a653-3664-4380-80af-9a48f4da8f55
beads	581.1398433900839	NA	NA	257.9598351426298	NA	NA	10	ece5a653-3664-4380-80af-9a48f4da8f55
beads	591.183334611441	NA	NA	144.0588828309963	NA	NA	11	ece5a653-3664-4380-80af-9a48f4da8f55
beads	533.4245479864933	NA	NA	113.33358087774336	NA	NA	12	ece5a653-3664-4380-80af-9a48f4da8f55
beads	372.22098192187127	NA	NA	89.16146163399465	NA	NA	13	ece5a653-3664-4380-80af-9a48f4da8f55
beads	297.8934469200402	NA	NA	104.02816953443902	NA	NA	14	ece5a653-3664-4380-80af-9a48f4da8f55
beads	297.8934469200402	NA	NA	224.91573735337667	NA	NA	15	ece5a653-3664-4380-80af-9a48f4da8f55
picoeuk	1095.51238748329	NA	NA	NA	2196.561889875873	NA	1	ece5a653-3664-4380-80af-9a48f4da8f55
picoeuk	38.11336115463903	NA	NA	NA	262.41800019392707	NA	2	ece5a653-3664-4380-80af-9a48f4da8f55
picoeuk	5.046341212264233	NA	NA	NA	17.810383926571582	NA	3	ece5a653-3664-4380-80af-9a48f4da8f55
picoeuk	9.03625879645548	NA	NA	NA	4.926726675248625	NA	4	ece5a653-3664-4380-80af-9a48f4da8f55
picoeuk	32.666565253817346	NA	NA	NA	3.4378452353643003	NA	5	ece5a653-3664-4380-80af-9a48f4da8f55
picoeuk	104.74361754163492	NA	NA	NA	3.210112098650731	NA	6	ece5a653-3664-4380-80af-9a48f4da8f55
picoeuk	457.1926294846834	NA	NA	NA	9.77731714042844	NA	7	ece5a653-3664-4380-80af-9a48f4da8f55
picoeuk	1441.0590791573138	NA	NA	NA	29.273703881525844	NA	8	ece5a653-3664-4380-80af-9a48f4da8f55
picoeuk	2959.552720757192	NA	NA	NA	87.64671603008979	NA	9	ece5a653-3664-4380-80af-9a48f4da8f55
picoeuk	3893.055311122104	NA	NA	NA	192.7729381057289	NA	10	ece5a653-3664-4380-80af-9a48f4da8f55
picoeuk	3453.026078070204	NA	NA	NA	3257.606729190171	NA	11	ece5a653-3664-4380-80af-9a48f4da8f55
prochloro	4.325166542898644	NA	NA	NA	11.604729203171535	NA	1	ece5a653-3664-4380-80af-9a48f4da8f55
prochloro	12.300880953010475	NA	NA	NA	13.083553855981677	NA	2	ece5a653-3664-4380-80af-9a48f4da8f55
prochloro	22.79456586819599	NA	NA	NA	11.407578862397989	NA	3	ece5a653-3664-4380-80af-9a48f4da8f55
prochloro	35.58861827291842	NA	NA	NA	6.940473266868363	NA	4	ece5a653-3664-4380-80af-9a48f4da8f55
prochloro	51.882967148551344	NA	NA	NA	5.186603653854553	NA	5	ece5a653-3664-4380-80af-9a48f4da8f55
prochloro	27.054943642001952	NA	NA	NA	3.681734313043045	NA	6	ece5a653-3664-4380-80af-9a48f4da8f55
prochloro	13.632810578194904	NA	NA	NA	2.84727544417413	NA	7	ece5a653-3664-4380-80af-9a48f4da8f55
prochloro	8.014896984178353	NA	NA	NA	2.398911212528465	NA	8	ece5a653-3664-4380-80af-9a48f4da8f55
prochloro	3.5821683777029723	NA	NA	NA	2.398911212528465	NA	9	ece5a653-3664-4380-80af-9a48f4da8f55
prochloro	2.0350518477723143	NA	NA	NA	3.557700488513934	NA	10	ece5a653-3664-4380-80af-9a48f4da8f55
prochloro	3.4026823099439065	NA	NA	NA	8.380036782355457	NA	11	ece5a653-3664-4380-80af-9a48f4da8f55
prochloro	6.869484805446466	NA	NA	NA	11.023269318412668	NA	12	ece5a653-3664-4380-80af-9a48f4da8f55
prochloro	14.599955219810129	NA	NA	NA	11.213777867928568	NA	13	ece5a653-3664-4380-80af-9a48f4da8f55
prochloro	26.595312808292167	NA	NA	NA	10.29305503392509	NA	14	ece5a653-3664-4380-80af-9a48f4da8f55
prochloro	40.1237802004417	NA	NA	NA	7.691982202875103	NA	15	ece5a653-3664-4380-80af-9a48f4da8f55
prochloro	40.1237802004417	NA	NA	NA	5.650549916581249	NA	16	ece5a653-3664-4380-80af-9a48f4da8f55
prochloro	23.589263789575547	NA	NA	NA	3.681734313043045	NA	17	ece5a653-3664-4380-80af-9a48f4da8f55
prochloro	15.108960485912007	NA	NA	NA	2.751353676658852	NA	18	ece5a653-3664-4380-80af-9a48f4da8f55
prochloro	5.989518637273605	NA	NA	NA	2.398911212528465	NA	19	ece5a653-3664-4380-80af-9a48f4da8f55
prochloro	2.1794233607991425	NA	NA	NA	2.704611498927241	NA	20	ece5a653-3664-4380-80af-9a48f4da8f55
prochloro	2.374374699020363	NA	NA	NA	5.84754775805468	NA	21	ece5a653-3664-4380-80af-9a48f4da8f55
synecho	24.833559851699544	NA	NA	44.16461158632959	NA	NA	1	ece5a653-3664-4380-80af-9a48f4da8f55
synecho	101.21491330225558	NA	NA	44.92788206899766	NA	NA	2	ece5a653-3664-4380-80af-9a48f4da8f55
synecho	184.3733244116532	NA	NA	34.15477690113658	NA	NA	3	ece5a653-3664-4380-80af-9a48f4da8f55
synecho	200.86568058845725	NA	NA	12.427996833999952	NA	NA	4	ece5a653-3664-4380-80af-9a48f4da8f55
synecho	238.40812320604067	NA	NA	2.6134959323072007	NA	NA	5	ece5a653-3664-4380-80af-9a48f4da8f55
synecho	25.69934420173782	NA	NA	2.358156606819422	NA	NA	6	ece5a653-3664-4380-80af-9a48f4da8f55
synecho	7.231839178541186	NA	NA	2.398911212528465	NA	NA	7	ece5a653-3664-4380-80af-9a48f4da8f55
synecho	6.638058960853157	NA	NA	4.600365584893757	NA	NA	8	ece5a653-3664-4380-80af-9a48f4da8f55
synecho	9.51290704360136	NA	NA	14.500230681816102	NA	NA	9	ece5a653-3664-4380-80af-9a48f4da8f55
synecho	21.284585741170805	NA	NA	28.77637898967316	NA	NA	10	ece5a653-3664-4380-80af-9a48f4da8f55
beads	347.56395231166863	NA	NA	228.8028210894982	NA	NA	1	ef588c0c-3561-4cd8-a6e0-f730712fee9f
beads	481.3088118960784	NA	NA	232.75708296152703	NA	NA	2	ef588c0c-3561-4cd8-a6e0-f730712fee9f
beads	611.7940437553016	NA	NA	196.1045171285782	NA	NA	3	ef588c0c-3561-4cd8-a6e0-f730712fee9f
beads	515.4540261728773	NA	NA	115.29225715433564	NA	NA	4	ef588c0c-3561-4cd8-a6e0-f730712fee9f
beads	372.22098192187127	NA	NA	104.02816953443902	NA	NA	5	ef588c0c-3561-4cd8-a6e0-f730712fee9f
beads	230.37639989148903	NA	NA	111.4081801467184	NA	NA	6	ef588c0c-3561-4cd8-a6e0-f730712fee9f
beads	226.4625829510318	NA	NA	183.11396817948955	NA	NA	7	ef588c0c-3561-4cd8-a6e0-f730712fee9f
beads	319.0267304281251	NA	NA	202.9414032985694	NA	NA	8	ef588c0c-3561-4cd8-a6e0-f730712fee9f
beads	335.85488190945426	NA	NA	240.8718051758238	NA	NA	9	ef588c0c-3561-4cd8-a6e0-f730712fee9f
beads	473.1319561830904	NA	NA	290.832412948194	NA	NA	10	ef588c0c-3561-4cd8-a6e0-f730712fee9f
beads	533.4245479864933	NA	NA	240.8718051758238	NA	NA	11	ef588c0c-3561-4cd8-a6e0-f730712fee9f
beads	542.6434043872287	NA	NA	151.65775926137485	NA	NA	12	ef588c0c-3561-4cd8-a6e0-f730712fee9f
beads	524.3623088276704	NA	NA	105.8260259701606	NA	NA	13	ef588c0c-3561-4cd8-a6e0-f730712fee9f
beads	250.98377166755571	NA	NA	125.60525105128158	NA	NA	14	ef588c0c-3561-4cd8-a6e0-f730712fee9f
beads	250.98377166755571	NA	NA	196.1045171285782	NA	NA	15	ef588c0c-3561-4cd8-a6e0-f730712fee9f
picoeuk	726.1403209001811	NA	NA	NA	3549.002518864188	NA	1	ef588c0c-3561-4cd8-a6e0-f730712fee9f
picoeuk	112.17438377048704	NA	NA	NA	1015.9551988746804	NA	2	ef588c0c-3561-4cd8-a6e0-f730712fee9f
picoeuk	29.4750321678834	NA	NA	NA	186.2786170206193	NA	3	ef588c0c-3561-4cd8-a6e0-f730712fee9f
picoeuk	58.49456570780491	NA	NA	NA	23.03012227534901	NA	4	ef588c0c-3561-4cd8-a6e0-f730712fee9f
picoeuk	44.4683512703924	NA	NA	NA	5.367426713463191	NA	5	ef588c0c-3561-4cd8-a6e0-f730712fee9f
picoeuk	61.58006080486002	NA	NA	NA	3.810092388496871	NA	6	ef588c0c-3561-4cd8-a6e0-f730712fee9f
picoeuk	372.22098192187127	NA	NA	NA	4.295623627955144	NA	7	ef588c0c-3561-4cd8-a6e0-f730712fee9f
picoeuk	1928.3586490045968	NA	NA	NA	6.592717906508696	NA	8	ef588c0c-3561-4cd8-a6e0-f730712fee9f
picoeuk	3115.664409063202	NA	NA	NA	25.52380563407218	NA	9	ef588c0c-3561-4cd8-a6e0-f730712fee9f
picoeuk	3062.7330317575656	NA	NA	NA	281.034569484259	NA	10	ef588c0c-3561-4cd8-a6e0-f730712fee9f
picoeuk	3010.7008946574247	NA	NA	NA	1788.3193445688498	NA	11	ef588c0c-3561-4cd8-a6e0-f730712fee9f
picoeuk	2174.095043166066	NA	NA	NA	4001.262311048512	NA	12	ef588c0c-3561-4cd8-a6e0-f730712fee9f
prochloro	4.793492142857671	NA	NA	NA	13.5396920914597	NA	1	ef588c0c-3561-4cd8-a6e0-f730712fee9f
prochloro	10.91052125373978	NA	NA	NA	17.50780700306424	NA	2	ef588c0c-3561-4cd8-a6e0-f730712fee9f
prochloro	32.1115997428659	NA	NA	NA	14.500230681816102	NA	3	ef588c0c-3561-4cd8-a6e0-f730712fee9f
prochloro	50.13508359797702	NA	NA	NA	7.824918115991565	NA	4	ef588c0c-3561-4cd8-a6e0-f730712fee9f
prochloro	48.44608443806642	NA	NA	NA	3.7453635180838	NA	5	ef588c0c-3561-4cd8-a6e0-f730712fee9f
prochloro	19.536985214835354	NA	NA	NA	2.569095791240245	NA	6	ef588c0c-3561-4cd8-a6e0-f730712fee9f
prochloro	6.752780550946292	NA	NA	NA	2.44037015563465	NA	7	ef588c0c-3561-4cd8-a6e0-f730712fee9f
prochloro	3.2880494590440668	NA	NA	NA	2.8964831972711007	NA	8	ef588c0c-3561-4cd8-a6e0-f730712fee9f
prochloro	3.970042726124639	NA	NA	NA	10.835997279184925	NA	9	ef588c0c-3561-4cd8-a6e0-f730712fee9f
prochloro	5.497740876114343	NA	NA	NA	20.08001334794829	NA	10	ef588c0c-3561-4cd8-a6e0-f730712fee9f
prochloro	18.55807627412097	NA	NA	NA	20.427044170354836	NA	11	ef588c0c-3561-4cd8-a6e0-f730712fee9f
prochloro	46.813985914545576	NA	NA	NA	13.309669066961137	NA	12	ef588c0c-3561-4cd8-a6e0-f730712fee9f
prochloro	46.01867280430954	NA	NA	NA	5.460188728821628	NA	13	ef588c0c-3561-4cd8-a6e0-f730712fee9f
prochloro	34.38967449838836	NA	NA	NA	2.704611498927241	NA	14	ef588c0c-3561-4cd8-a6e0-f730712fee9f
prochloro	5.222274234860371	NA	NA	NA	2.704611498927241	NA	15	ef588c0c-3561-4cd8-a6e0-f730712fee9f
prochloro	2.5867646060657283	NA	NA	NA	5.84754775805468	NA	16	ef588c0c-3561-4cd8-a6e0-f730712fee9f
synecho	12.300880953010475	NA	NA	24.244924513904436	NA	NA	1	ef588c0c-3561-4cd8-a6e0-f730712fee9f
synecho	48.44608443806642	NA	NA	71.35711426432871	NA	NA	2	ef588c0c-3561-4cd8-a6e0-f730712fee9f
synecho	128.6547837210577	NA	NA	72.59033645490253	NA	NA	3	ef588c0c-3561-4cd8-a6e0-f730712fee9f
synecho	200.86568058845725	NA	NA	48.11517497187496	NA	NA	4	ef588c0c-3561-4cd8-a6e0-f730712fee9f
synecho	207.86855749180097	NA	NA	11.604729203171535	NA	NA	5	ef588c0c-3561-4cd8-a6e0-f730712fee9f
synecho	122.2084811485102	NA	NA	5.011872336272722	NA	NA	6	ef588c0c-3561-4cd8-a6e0-f730712fee9f
synecho	58.49456570780491	NA	NA	1.8872643781541405	NA	NA	7	ef588c0c-3561-4cd8-a6e0-f730712fee9f
synecho	8.731836575115775	NA	NA	2.0211514897056264	NA	NA	8	ef588c0c-3561-4cd8-a6e0-f730712fee9f
synecho	6.638058960853157	NA	NA	4.843027536223653	NA	NA	9	ef588c0c-3561-4cd8-a6e0-f730712fee9f
