pop	fsc_small	fsc_perp	fsc_big	pe	chl_small	chl_big	point_order	gating_id
beads	244.3434755672105	NA	NA	328.7277036176696	NA	NA	1	0dd38c60-224e-4ab8-97af-98494b8c1af5
beads	265.0319063545171	NA	NA	223.44651847916103	NA	NA	2	0dd38c60-224e-4ab8-97af-98494b8c1af5
beads	331.4103346360572	NA	NA	164.74350140151287	NA	NA	3	0dd38c60-224e-4ab8-97af-98494b8c1af5
beads	414.41353765409184	NA	NA	285.14504715256714	NA	NA	4	0dd38c60-224e-4ab8-97af-98494b8c1af5
beads	647.9920948131245	NA	NA	428.1075622404251	NA	NA	5	0dd38c60-224e-4ab8-97af-98494b8c1af5
beads	717.2845467636342	NA	NA	655.940308457923	NA	NA	6	0dd38c60-224e-4ab8-97af-98494b8c1af5
beads	597.4097336602343	NA	NA	820.2234973042664	NA	NA	7	0dd38c60-224e-4ab8-97af-98494b8c1af5
beads	366.84940074888345	NA	NA	820.2234973042664	NA	NA	8	0dd38c60-224e-4ab8-97af-98494b8c1af5
beads	276.0240139572098	NA	NA	503.6719047456197	NA	NA	9	0dd38c60-224e-4ab8-97af-98494b8c1af5
croco	896.9316749140045	NA	NA	91.39070867506578	NA	NA	1	0dd38c60-224e-4ab8-97af-98494b8c1af5
croco	1521.2218274798174	NA	NA	93.26665440856522	NA	NA	2	0dd38c60-224e-4ab8-97af-98494b8c1af5
croco	1292.9976082708515	NA	NA	182.3601995779236	NA	NA	3	0dd38c60-224e-4ab8-97af-98494b8c1af5
croco	717.2845467636342	NA	NA	137.2110576459475	NA	NA	4	0dd38c60-224e-4ab8-97af-98494b8c1af5
croco	953.3062083049988	NA	NA	87.75125539257569	NA	NA	5	0dd38c60-224e-4ab8-97af-98494b8c1af5
picoeuk	130.15048572842204	NA	NA	NA	2.4556538538246677	NA	1	0dd38c60-224e-4ab8-97af-98494b8c1af5
picoeuk	647.9920948131245	NA	NA	NA	2.26396514173248	NA	2	0dd38c60-224e-4ab8-97af-98494b8c1af5
picoeuk	2580.035818918884	NA	NA	NA	2.0872396795650885	NA	3	0dd38c60-224e-4ab8-97af-98494b8c1af5
picoeuk	3795.670014360224	NA	NA	NA	4.8014322987942295	NA	4	0dd38c60-224e-4ab8-97af-98494b8c1af5
picoeuk	3499.3794376380893	NA	NA	NA	31.77135015042274	NA	5	0dd38c60-224e-4ab8-97af-98494b8c1af5
picoeuk	3499.3794376380893	NA	NA	NA	315.63677635250906	NA	6	0dd38c60-224e-4ab8-97af-98494b8c1af5
picoeuk	3499.3794376380893	NA	NA	NA	3842.2273665884	NA	7	0dd38c60-224e-4ab8-97af-98494b8c1af5
picoeuk	702.85723730626	NA	NA	NA	3689.218300304415	NA	8	0dd38c60-224e-4ab8-97af-98494b8c1af5
picoeuk	147.025245531297	NA	NA	NA	1256.734758457841	NA	9	0dd38c60-224e-4ab8-97af-98494b8c1af5
picoeuk	76.73837638042527	NA	NA	NA	18.35600344562044	NA	10	0dd38c60-224e-4ab8-97af-98494b8c1af5
prochloro	1.4015706573680209	NA	NA	NA	1.5388880319824416	NA	1	0dd38c60-224e-4ab8-97af-98494b8c1af5
prochloro	6.837771092267469	NA	NA	NA	1.477604875515232	NA	2	0dd38c60-224e-4ab8-97af-98494b8c1af5
prochloro	13.644027047513818	NA	NA	NA	2.948399502561104	NA	3	0dd38c60-224e-4ab8-97af-98494b8c1af5
prochloro	2.1042729075090376	NA	NA	NA	4.081088219001195	NA	4	0dd38c60-224e-4ab8-97af-98494b8c1af5
prochloro	1.120849003157144	NA	NA	NA	2.4556538538246677	NA	5	0dd38c60-224e-4ab8-97af-98494b8c1af5
prochloro	1.2407059833837948	NA	NA	NA	1.8476776362138805	NA	6	0dd38c60-224e-4ab8-97af-98494b8c1af5
synecho	9.087731866855716	NA	NA	1.8856042813705696	NA	NA	1	0dd38c60-224e-4ab8-97af-98494b8c1af5
synecho	24.100411913327388	NA	NA	1.92430943376502	NA	NA	2	0dd38c60-224e-4ab8-97af-98494b8c1af5
synecho	60.13403777192393	NA	NA	5.207966991660291	NA	NA	3	0dd38c60-224e-4ab8-97af-98494b8c1af5
synecho	11.363795025677977	NA	NA	9.388030028742987	NA	NA	4	0dd38c60-224e-4ab8-97af-98494b8c1af5
synecho	5.144860587356391	NA	NA	3.8397497675473367	NA	NA	5	0dd38c60-224e-4ab8-97af-98494b8c1af5
synecho	5.468228713475635	NA	NA	2.310436777744457	NA	NA	6	0dd38c60-224e-4ab8-97af-98494b8c1af5
beads	NA	NA	NA	349.6948661241724	42.49105855228377	NA	1	12344fa0-ceb3-4d47-acc6-24c5cd97b6e5
beads	NA	NA	NA	203.5715504671126	34.022005832588505	NA	2	12344fa0-ceb3-4d47-acc6-24c5cd97b6e5
beads	NA	NA	NA	175.4004785635537	44.49547024358533	NA	3	12344fa0-ceb3-4d47-acc6-24c5cd97b6e5
beads	NA	NA	NA	1472.5662404378952	437.8452569546368	NA	4	12344fa0-ceb3-4d47-acc6-24c5cd97b6e5
beads	NA	NA	NA	1699.6470367631975	310.08427602869375	NA	5	12344fa0-ceb3-4d47-acc6-24c5cd97b6e5
croco	NA	NA	NA	274.4899801238381	355.52181009977124	NA	1	12344fa0-ceb3-4d47-acc6-24c5cd97b6e5
croco	NA	NA	NA	42.55670211684482	336.00272396164996	NA	2	12344fa0-ceb3-4d47-acc6-24c5cd97b6e5
croco	NA	NA	NA	60.29748289128783	1178.428110096743	NA	3	12344fa0-ceb3-4d47-acc6-24c5cd97b6e5
picoeuk	65.77859014984234	NA	NA	NA	3346.1666113705664	NA	1	12344fa0-ceb3-4d47-acc6-24c5cd97b6e5
picoeuk	21.696965342730675	NA	NA	NA	10.057393050826764	NA	2	12344fa0-ceb3-4d47-acc6-24c5cd97b6e5
picoeuk	3244.5916146087075	NA	NA	NA	1.851509647137884	NA	3	12344fa0-ceb3-4d47-acc6-24c5cd97b6e5
picoeuk	3275.6232041288013	NA	NA	NA	3673.067180765089	NA	4	12344fa0-ceb3-4d47-acc6-24c5cd97b6e5
prochloro	4.01904048488962	NA	NA	NA	4.886048545533136	NA	1	12344fa0-ceb3-4d47-acc6-24c5cd97b6e5
prochloro	1.6935889431463444	NA	NA	NA	1.8767400539180892	NA	2	12344fa0-ceb3-4d47-acc6-24c5cd97b6e5
prochloro	4.622028528014215	NA	NA	NA	1.2751317347306634	NA	3	12344fa0-ceb3-4d47-acc6-24c5cd97b6e5
prochloro	12.435247786341497	NA	NA	NA	1.5494618348505793	NA	4	12344fa0-ceb3-4d47-acc6-24c5cd97b6e5
prochloro	11.36357793219073	NA	NA	NA	4.018584960924651	NA	5	12344fa0-ceb3-4d47-acc6-24c5cd97b6e5
synecho	14.196046918204608	NA	NA	9.714935071264886	NA	NA	1	12344fa0-ceb3-4d47-acc6-24c5cd97b6e5
synecho	7.927713882558494	NA	NA	3.0551812390969375	NA	NA	2	12344fa0-ceb3-4d47-acc6-24c5cd97b6e5
synecho	25.009844932782443	NA	NA	1.5515092205939374	NA	NA	3	12344fa0-ceb3-4d47-acc6-24c5cd97b6e5
synecho	86.71649656565923	NA	NA	3.947653128999718	NA	NA	4	12344fa0-ceb3-4d47-acc6-24c5cd97b6e5
synecho	29.53421388712849	NA	NA	17.61369754499888	NA	NA	5	12344fa0-ceb3-4d47-acc6-24c5cd97b6e5
beads	2000.609397716085	NA	NA	3620.4908603318927	NA	NA	1	1775309f-3ce7-4ca9-acbf-ecd724d23214
beads	722.1882011934384	NA	NA	3366.3515024570584	NA	NA	2	1775309f-3ce7-4ca9-acbf-ecd724d23214
beads	221.3199108800788	NA	NA	535.8677410212639	NA	NA	3	1775309f-3ce7-4ca9-acbf-ecd724d23214
beads	132.9733251148373	NA	NA	144.58183149433063	NA	NA	4	1775309f-3ce7-4ca9-acbf-ecd724d23214
beads	270.3600201292469	NA	NA	88.46261282707013	NA	NA	5	1775309f-3ce7-4ca9-acbf-ecd724d23214
beads	722.1882011934384	NA	NA	200.60866822485968	NA	NA	6	1775309f-3ce7-4ca9-acbf-ecd724d23214
beads	1929.115842252424	NA	NA	678.8652742688879	NA	NA	7	1775309f-3ce7-4ca9-acbf-ecd724d23214
beads	2231.38390154355	NA	NA	1986.101800615884	NA	NA	8	1775309f-3ce7-4ca9-acbf-ecd724d23214
croco	914.9057757098388	NA	NA	144.58183149433063	NA	NA	1	1775309f-3ce7-4ca9-acbf-ecd724d23214
croco	539.7820183676324	NA	NA	106.11572546057072	NA	NA	2	1775309f-3ce7-4ca9-acbf-ecd724d23214
croco	850.6842169973365	NA	NA	73.74622219493624	NA	NA	3	1775309f-3ce7-4ca9-acbf-ecd724d23214
croco	1202.0052005824557	NA	NA	98.6669613649476	NA	NA	4	1775309f-3ce7-4ca9-acbf-ecd724d23214
croco	1117.63077688615	NA	NA	144.58183149433063	NA	NA	5	1775309f-3ce7-4ca9-acbf-ecd724d23214
picoeuk	2151.643414016175	NA	NA	NA	3620.4908603318927	NA	1	1775309f-3ce7-4ca9-acbf-ecd724d23214
picoeuk	382.0150224157142	NA	NA	NA	2857.8634557550554	NA	2	1775309f-3ce7-4ca9-acbf-ecd724d23214
picoeuk	165.4201882589255	NA	NA	NA	379.2448064816298	NA	3	1775309f-3ce7-4ca9-acbf-ecd724d23214
picoeuk	148.31207797718858	NA	NA	NA	50.32662528143403	NA	4	1775309f-3ce7-4ca9-acbf-ecd724d23214
picoeuk	184.5017550615606	NA	NA	NA	3.2847175806732167	NA	5	1775309f-3ce7-4ca9-acbf-ecd724d23214
picoeuk	820.2842602044758	NA	NA	NA	2.8397626772418856	NA	6	1775309f-3ce7-4ca9-acbf-ecd724d23214
picoeuk	3152.9150307013538	NA	NA	NA	4.641261158400199	NA	7	1775309f-3ce7-4ca9-acbf-ecd724d23214
picoeuk	3040.242808988813	NA	NA	NA	55.1198213950165	NA	8	1775309f-3ce7-4ca9-acbf-ecd724d23214
picoeuk	3453.2041915004697	NA	NA	NA	891.894675747277	NA	9	1775309f-3ce7-4ca9-acbf-ecd724d23214
picoeuk	3713.900406734703	NA	NA	NA	2755.735164388009	NA	10	1775309f-3ce7-4ca9-acbf-ecd724d23214
prochloro	1.1517094269989407	NA	NA	NA	1.801905805913753	NA	1	1775309f-3ce7-4ca9-acbf-ecd724d23214
prochloro	4.191648094729914	NA	NA	NA	1.6754215246017194	NA	2	1775309f-3ce7-4ca9-acbf-ecd724d23214
prochloro	28.32009179685825	NA	NA	NA	2.4550823213858166	NA	3	1775309f-3ce7-4ca9-acbf-ecd724d23214
prochloro	140.4334367710119	NA	NA	NA	5.773776762507476	NA	4	1775309f-3ce7-4ca9-acbf-ecd724d23214
prochloro	191.33944006197777	NA	NA	NA	31.93359748453989	NA	5	1775309f-3ce7-4ca9-acbf-ecd724d23214
prochloro	49.78019690060109	NA	NA	NA	72.41654138709727	NA	6	1775309f-3ce7-4ca9-acbf-ecd724d23214
prochloro	4.268613300717643	NA	NA	NA	34.97500935151184	NA	7	1775309f-3ce7-4ca9-acbf-ecd724d23214
prochloro	0.9956963926100802	NA	NA	NA	5.669672715935996	NA	8	1775309f-3ce7-4ca9-acbf-ecd724d23214
prochloro	0.9091110598100318	NA	NA	NA	3.110226658324157	NA	9	1775309f-3ce7-4ca9-acbf-ecd724d23214
synecho	5.81595165353824	NA	NA	2.046661754539258	NA	NA	1	1775309f-3ce7-4ca9-acbf-ecd724d23214
synecho	26.815670543804597	NA	NA	1.8349916109213351	NA	NA	2	1775309f-3ce7-4ca9-acbf-ecd724d23214
synecho	90.7449697937236	NA	NA	2.1614842213618277	NA	NA	3	1775309f-3ce7-4ca9-acbf-ecd724d23214
synecho	181.17509729637416	NA	NA	9.965978436290603	NA	NA	4	1775309f-3ce7-4ca9-acbf-ecd724d23214
synecho	148.31207797718858	NA	NA	30.237219411798893	NA	NA	5	1775309f-3ce7-4ca9-acbf-ecd724d23214
synecho	32.757492080911675	NA	NA	58.21217109538015	NA	NA	6	1775309f-3ce7-4ca9-acbf-ecd724d23214
synecho	3.190471263978916	NA	NA	2.8397626772418856	NA	NA	7	1775309f-3ce7-4ca9-acbf-ecd724d23214
beads	1202.0052005824557	NA	NA	3686.968727401051	NA	NA	1	1ea94c77-799d-4c9b-b95d-3d3b888c675e
beads	591.1918050988697	NA	NA	2562.2970942014463	NA	NA	2	1ea94c77-799d-4c9b-b95d-3d3b888c675e
beads	285.5278437193389	NA	NA	1089.5208728818743	NA	NA	3	1ea94c77-799d-4c9b-b95d-3d3b888c675e
beads	181.17509729637416	NA	NA	446.7222958212223	NA	NA	4	1ea94c77-799d-4c9b-b95d-3d3b888c675e
beads	820.2842602044758	NA	NA	189.95192508330848	NA	NA	5	1ea94c77-799d-4c9b-b95d-3d3b888c675e
beads	1761.360752999347	NA	NA	586.9047251085891	NA	NA	6	1ea94c77-799d-4c9b-b95d-3d3b888c675e
beads	2676.6666044129656	NA	NA	1915.126687032536	NA	NA	7	1ea94c77-799d-4c9b-b95d-3d3b888c675e
beads	3269.7629154589986	NA	NA	3754.667231941906	NA	NA	8	1ea94c77-799d-4c9b-b95d-3d3b888c675e
croco	866.30410791185	NA	NA	124.99646584554348	NA	NA	1	1ea94c77-799d-4c9b-b95d-3d3b888c675e
croco	501.892168390837	NA	NA	102.32358566934376	NA	NA	2	1ea94c77-799d-4c9b-b95d-3d3b888c675e
croco	805.4941298723337	NA	NA	69.82867189890268	NA	NA	3	1ea94c77-799d-4c9b-b95d-3d3b888c675e
croco	1316.4862853704549	NA	NA	96.88794732205922	NA	NA	4	1ea94c77-799d-4c9b-b95d-3d3b888c675e
picoeuk	3040.242808988813	NA	NA	NA	3555.211622037979	NA	1	1ea94c77-799d-4c9b-b95d-3d3b888c675e
picoeuk	492.8428047210631	NA	NA	NA	3246.051938671217	NA	2	1ea94c77-799d-4c9b-b95d-3d3b888c675e
picoeuk	184.5017550615606	NA	NA	NA	498.25265266374174	NA	3	1ea94c77-799d-4c9b-b95d-3d3b888c675e
picoeuk	177.90842081365838	NA	NA	NA	55.1198213950165	NA	4	1ea94c77-799d-4c9b-b95d-3d3b888c675e
picoeuk	242.39880760237023	NA	NA	NA	3.2847175806732167	NA	5	1ea94c77-799d-4c9b-b95d-3d3b888c675e
picoeuk	748.9526914777232	NA	NA	NA	2.6889086702734053	NA	6	1ea94c77-799d-4c9b-b95d-3d3b888c675e
picoeuk	1793.70208750778	NA	NA	NA	7.18263785758656	NA	7	1ea94c77-799d-4c9b-b95d-3d3b888c675e
picoeuk	3152.9150307013538	NA	NA	NA	58.21217109538015	NA	8	1ea94c77-799d-4c9b-b95d-3d3b888c675e
picoeuk	3040.242808988813	NA	NA	NA	941.9320336976502	NA	9	1ea94c77-799d-4c9b-b95d-3d3b888c675e
prochloro	1.1105520667010385	NA	NA	NA	2.084241661049866	NA	1	1ea94c77-799d-4c9b-b95d-3d3b888c675e
prochloro	3.0209868989134274	NA	NA	NA	1.9379388922185028	NA	2	1ea94c77-799d-4c9b-b95d-3d3b888c675e
prochloro	7.104651361319782	NA	NA	NA	2.084241661049866	NA	3	1ea94c77-799d-4c9b-b95d-3d3b888c675e
prochloro	43.03686443420384	NA	NA	NA	2.324663322436849	NA	4	1ea94c77-799d-4c9b-b95d-3d3b888c675e
prochloro	110.85225799387084	NA	NA	NA	5.567445716738936	NA	5	1ea94c77-799d-4c9b-b95d-3d3b888c675e
prochloro	137.90135254899337	NA	NA	NA	27.110021397126008	NA	6	1ea94c77-799d-4c9b-b95d-3d3b888c675e
prochloro	117.07132652704595	NA	NA	NA	98.6669613649476	NA	7	1ea94c77-799d-4c9b-b95d-3d3b888c675e
prochloro	7.36795166450812	NA	NA	NA	36.93718841797271	NA	8	1ea94c77-799d-4c9b-b95d-3d3b888c675e
prochloro	1.4858360821427676	NA	NA	NA	13.578566312372734	NA	9	1ea94c77-799d-4c9b-b95d-3d3b888c675e
prochloro	0.960114296799022	NA	NA	NA	3.468997848085193	NA	10	1ea94c77-799d-4c9b-b95d-3d3b888c675e
synecho	4.4268092654614986	NA	NA	2.1614842213618277	NA	NA	1	1ea94c77-799d-4c9b-b95d-3d3b888c675e
synecho	12.042058356321869	NA	NA	1.9735224771617996	NA	NA	2	1ea94c77-799d-4c9b-b95d-3d3b888c675e
synecho	25.39116722755969	NA	NA	1.801905805913753	NA	NA	3	1ea94c77-799d-4c9b-b95d-3d3b888c675e
synecho	97.59567101637252	NA	NA	2.1614842213618277	NA	NA	4	1ea94c77-799d-4c9b-b95d-3d3b888c675e
synecho	209.5629441286904	NA	NA	6.2096622955141525	NA	NA	5	1ea94c77-799d-4c9b-b95d-3d3b888c675e
synecho	181.17509729637416	NA	NA	26.621214322282555	NA	NA	6	1ea94c77-799d-4c9b-b95d-3d3b888c675e
synecho	67.82512213716709	NA	NA	93.42557038654272	NA	NA	7	1ea94c77-799d-4c9b-b95d-3d3b888c675e
synecho	4.4268092654614986	NA	NA	14.603666668342273	NA	NA	8	1ea94c77-799d-4c9b-b95d-3d3b888c675e
synecho	3.249053299608004	NA	NA	4.813267553652228	NA	NA	9	1ea94c77-799d-4c9b-b95d-3d3b888c675e
beads	243.48354075009743	NA	NA	800.1364038426934	NA	NA	1	2164a746-b5ed-4fc6-889f-3f34fbae1ffd
beads	183.6841178954608	NA	NA	372.3410186845304	NA	NA	2	2164a746-b5ed-4fc6-889f-3f34fbae1ffd
beads	183.6841178954608	NA	NA	153.55411127809205	NA	NA	3	2164a746-b5ed-4fc6-889f-3f34fbae1ffd
beads	274.7425312045806	NA	NA	113.53263895535878	NA	NA	4	2164a746-b5ed-4fc6-889f-3f34fbae1ffd
beads	394.7251099412583	NA	NA	239.111886397315	NA	NA	5	2164a746-b5ed-4fc6-889f-3f34fbae1ffd
beads	627.1583165373266	NA	NA	513.8357454516448	NA	NA	6	2164a746-b5ed-4fc6-889f-3f34fbae1ffd
beads	1648.2666713663875	NA	NA	1221.127558301065	NA	NA	7	2164a746-b5ed-4fc6-889f-3f34fbae1ffd
beads	2320.885001667124	NA	NA	3274.5681873017998	NA	NA	8	2164a746-b5ed-4fc6-889f-3f34fbae1ffd
beads	919.3666789755222	NA	NA	4004.803228262412	NA	NA	9	2164a746-b5ed-4fc6-889f-3f34fbae1ffd
beads	402.7517802545965	NA	NA	1651.5881133163416	NA	NA	10	2164a746-b5ed-4fc6-889f-3f34fbae1ffd
croco	1118.711415122904	NA	NA	156.48972016023944	NA	NA	1	2164a746-b5ed-4fc6-889f-3f34fbae1ffd
croco	839.4844012734164	NA	NA	153.31275312606658	NA	NA	2	2164a746-b5ed-4fc6-889f-3f34fbae1ffd
croco	969.0927625992186	NA	NA	115.04634977866516	NA	NA	3	2164a746-b5ed-4fc6-889f-3f34fbae1ffd
croco	1318.190933656104	NA	NA	132.80840568906623	NA	NA	4	2164a746-b5ed-4fc6-889f-3f34fbae1ffd
croco	1214.3620731860003	NA	NA	169.86970762715237	NA	NA	5	2164a746-b5ed-4fc6-889f-3f34fbae1ffd
picoeuk	3386.294786639773	NA	NA	NA	180.65023602394805	NA	1	2164a746-b5ed-4fc6-889f-3f34fbae1ffd
picoeuk	3528.0913763045046	NA	NA	NA	593.5746582226229	NA	2	2164a746-b5ed-4fc6-889f-3f34fbae1ffd
picoeuk	3675.825509540416	NA	NA	NA	3000.338999013507	NA	3	2164a746-b5ed-4fc6-889f-3f34fbae1ffd
picoeuk	1118.711415122904	NA	NA	NA	3608.594718457689	NA	4	2164a746-b5ed-4fc6-889f-3f34fbae1ffd
picoeuk	271.7054857968922	NA	NA	NA	1760.2506453238468	NA	5	2164a746-b5ed-4fc6-889f-3f34fbae1ffd
picoeuk	129.8456123143154	NA	NA	NA	436.3775312506565	NA	6	2164a746-b5ed-4fc6-889f-3f34fbae1ffd
picoeuk	95.45843468977692	NA	NA	NA	59.68041588758934	NA	7	2164a746-b5ed-4fc6-889f-3f34fbae1ffd
picoeuk	140.94750874316847	NA	NA	NA	16.392959517435877	NA	8	2164a746-b5ed-4fc6-889f-3f34fbae1ffd
picoeuk	271.7054857968922	NA	NA	NA	4.063920796231001	NA	9	2164a746-b5ed-4fc6-889f-3f34fbae1ffd
picoeuk	1460.548479700179	NA	NA	NA	3.9005888277215273	NA	10	2164a746-b5ed-4fc6-889f-3f34fbae1ffd
picoeuk	3909.1063095182662	NA	NA	NA	6.648535428757743	NA	11	2164a746-b5ed-4fc6-889f-3f34fbae1ffd
picoeuk	3250.197106299104	NA	NA	NA	93.71250141218933	NA	12	2164a746-b5ed-4fc6-889f-3f34fbae1ffd
picoeuk	3675.825509540416	NA	NA	NA	631.2449912559414	NA	13	2164a746-b5ed-4fc6-889f-3f34fbae1ffd
prochloro	1.89878513199252	NA	NA	NA	2.108163220475048	NA	1	2164a746-b5ed-4fc6-889f-3f34fbae1ffd
prochloro	4.402350406564599	NA	NA	NA	1.9421112629943484	NA	2	2164a746-b5ed-4fc6-889f-3f34fbae1ffd
prochloro	13.601876621708376	NA	NA	NA	2.3358335336783207	NA	3	2164a746-b5ed-4fc6-889f-3f34fbae1ffd
prochloro	20.92459155336614	NA	NA	NA	2.9876675152670766	NA	4	2164a746-b5ed-4fc6-889f-3f34fbae1ffd
prochloro	21.80078099029904	NA	NA	NA	5.415651056770804	NA	5	2164a746-b5ed-4fc6-889f-3f34fbae1ffd
prochloro	15.383105525137898	NA	NA	NA	11.102333552547838	NA	6	2164a746-b5ed-4fc6-889f-3f34fbae1ffd
prochloro	4.139634649224969	NA	NA	NA	10.227845182245664	NA	7	2164a746-b5ed-4fc6-889f-3f34fbae1ffd
prochloro	1.2859755956560142	NA	NA	NA	6.2517757756049885	NA	8	2164a746-b5ed-4fc6-889f-3f34fbae1ffd
prochloro	1.2598684362210908	NA	NA	NA	3.112772118206072	NA	9	2164a746-b5ed-4fc6-889f-3f34fbae1ffd
prochloro	1.5466801398360528	NA	NA	NA	2.0234345886919662	NA	10	2164a746-b5ed-4fc6-889f-3f34fbae1ffd
synecho	12.02689842631878	NA	NA	1.8262133484315812	NA	NA	1	2164a746-b5ed-4fc6-889f-3f34fbae1ffd
synecho	25.6881189014035	NA	NA	1.8262133484315812	NA	NA	2	2164a746-b5ed-4fc6-889f-3f34fbae1ffd
synecho	57.16444943802762	NA	NA	1.8262133484315812	NA	NA	3	2164a746-b5ed-4fc6-889f-3f34fbae1ffd
synecho	112.4798061841919	NA	NA	2.927013555407262	NA	NA	4	2164a746-b5ed-4fc6-889f-3f34fbae1ffd
synecho	114.81062752143248	NA	NA	9.04355027972109	NA	NA	5	2164a746-b5ed-4fc6-889f-3f34fbae1ffd
synecho	70.17805677841734	NA	NA	22.29822721378861	NA	NA	6	2164a746-b5ed-4fc6-889f-3f34fbae1ffd
synecho	34.941799944608675	NA	NA	35.01354034122988	NA	NA	7	2164a746-b5ed-4fc6-889f-3f34fbae1ffd
synecho	13.055207187080851	NA	NA	18.539693686352308	NA	NA	8	2164a746-b5ed-4fc6-889f-3f34fbae1ffd
synecho	9.212038316460731	NA	NA	4.788566091550666	NA	NA	9	2164a746-b5ed-4fc6-889f-3f34fbae1ffd
synecho	9.402931386033805	NA	NA	2.108163220475048	NA	NA	10	2164a746-b5ed-4fc6-889f-3f34fbae1ffd
beads	397.9103423972745	NA	NA	252.41764607058957	NA	NA	1	271beae5-2b86-4fb9-92ef-962459e77fd0
beads	397.9103423972745	NA	NA	378.9716995081735	NA	NA	2	271beae5-2b86-4fb9-92ef-962459e77fd0
beads	397.9103423972745	NA	NA	503.6719047456197	NA	NA	3	271beae5-2b86-4fb9-92ef-962459e77fd0
beads	345.1554648321588	NA	NA	642.7468640175175	NA	NA	4	271beae5-2b86-4fb9-92ef-962459e77fd0
beads	259.7011107221471	NA	NA	592.5739463756785	NA	NA	5	271beae5-2b86-4fb9-92ef-962459e77fd0
beads	216.29905744910852	NA	NA	303.0671692400946	NA	NA	6	271beae5-2b86-4fb9-92ef-962459e77fd0
beads	216.29905744910852	NA	NA	210.23282794891443	NA	NA	7	271beae5-2b86-4fb9-92ef-962459e77fd0
croco	1168.08905552497	NA	NA	95.18110703675926	NA	NA	1	271beae5-2b86-4fb9-92ef-962459e77fd0
croco	1013.224030559503	NA	NA	158.18291897867155	NA	NA	2	271beae5-2b86-4fb9-92ef-962459e77fd0
croco	597.4097336602343	NA	NA	119.01964170264196	NA	NA	3	271beae5-2b86-4fb9-92ef-962459e77fd0
croco	539.6976507062718	NA	NA	67.38089026927534	NA	NA	4	271beae5-2b86-4fb9-92ef-962459e77fd0
croco	934.1316091352452	NA	NA	63.39626684470526	NA	NA	5	271beae5-2b86-4fb9-92ef-962459e77fd0
croco	1374.265935480871	NA	NA	91.39070867506578	NA	NA	6	271beae5-2b86-4fb9-92ef-962459e77fd0
picoeuk	3499.3794376380893	NA	NA	NA	697.1678956375213	NA	1	271beae5-2b86-4fb9-92ef-962459e77fd0
picoeuk	3499.3794376380893	NA	NA	NA	2088.5864712420503	NA	2	271beae5-2b86-4fb9-92ef-962459e77fd0
picoeuk	2742.197909400917	NA	NA	NA	3332.8255926095408	NA	3	271beae5-2b86-4fb9-92ef-962459e77fd0
picoeuk	826.9170524006691	NA	NA	NA	3542.302515893514	NA	4	271beae5-2b86-4fb9-92ef-962459e77fd0
picoeuk	287.4720154604185	NA	NA	NA	1886.8209677804043	NA	5	271beae5-2b86-4fb9-92ef-962459e77fd0
picoeuk	135.54843257696436	NA	NA	NA	303.0671692400946	NA	6	271beae5-2b86-4fb9-92ef-962459e77fd0
picoeuk	130.15048572842204	NA	NA	NA	60.871636553392825	NA	7	271beae5-2b86-4fb9-92ef-962459e77fd0
picoeuk	153.12306726688269	NA	NA	NA	11.739304207536746	NA	8	271beae5-2b86-4fb9-92ef-962459e77fd0
picoeuk	162.7472579494072	NA	NA	NA	3.8397497675473367	NA	9	271beae5-2b86-4fb9-92ef-962459e77fd0
picoeuk	220.7389540191663	NA	NA	NA	2.6635727461728287	NA	10	271beae5-2b86-4fb9-92ef-962459e77fd0
picoeuk	573.6190787054552	NA	NA	NA	2.557501256907151	NA	11	271beae5-2b86-4fb9-92ef-962459e77fd0
picoeuk	2148.852248899922	NA	NA	NA	2.218428226364858	NA	12	271beae5-2b86-4fb9-92ef-962459e77fd0
picoeuk	3719.3247115897584	NA	NA	NA	8.655198981529363	NA	13	271beae5-2b86-4fb9-92ef-962459e77fd0
picoeuk	3719.3247115897584	NA	NA	NA	134.4512234928721	NA	14	271beae5-2b86-4fb9-92ef-962459e77fd0
prochloro	27.78401078195518	NA	NA	NA	2.35786232109088	NA	1	271beae5-2b86-4fb9-92ef-962459e77fd0
prochloro	35.45579102521084	NA	NA	NA	4.610224803045065	NA	2	271beae5-2b86-4fb9-92ef-962459e77fd0
prochloro	24.100411913327388	NA	NA	NA	11.739304207536746	NA	3	271beae5-2b86-4fb9-92ef-962459e77fd0
prochloro	11.835104534843664	NA	NA	NA	11.04509096181425	NA	4	271beae5-2b86-4fb9-92ef-962459e77fd0
prochloro	2.191546906111417	NA	NA	NA	6.78242213385646	NA	5	271beae5-2b86-4fb9-92ef-962459e77fd0
prochloro	1.3457558923492268	NA	NA	NA	3.9185669941403143	NA	6	271beae5-2b86-4fb9-92ef-962459e77fd0
prochloro	1.1438562862371504	NA	NA	NA	1.92430943376502	NA	7	271beae5-2b86-4fb9-92ef-962459e77fd0
prochloro	1.7885753329387004	NA	NA	NA	1.5388880319824416	NA	8	271beae5-2b86-4fb9-92ef-962459e77fd0
prochloro	3.357856950883325	NA	NA	NA	1.5704762588359478	NA	9	271beae5-2b86-4fb9-92ef-962459e77fd0
prochloro	6.433413970282087	NA	NA	NA	1.5388880319824416	NA	10	271beae5-2b86-4fb9-92ef-962459e77fd0
prochloro	15.729432175712306	NA	NA	NA	1.6356112241389833	NA	11	271beae5-2b86-4fb9-92ef-962459e77fd0
prochloro	26.67756778893005	NA	NA	NA	2.35786232109088	NA	12	271beae5-2b86-4fb9-92ef-962459e77fd0
synecho	90.2833016925514	NA	NA	3.2636839520126677	NA	NA	1	271beae5-2b86-4fb9-92ef-962459e77fd0
synecho	132.8220401123931	NA	NA	7.063720770415748	NA	NA	2	271beae5-2b86-4fb9-92ef-962459e77fd0
synecho	138.3307887646087	NA	NA	14.980785892659055	NA	NA	3	271beae5-2b86-4fb9-92ef-962459e77fd0
synecho	112.89515906795502	NA	NA	29.89252567164736	NA	NA	4	271beae5-2b86-4fb9-92ef-962459e77fd0
synecho	58.92451447217999	NA	NA	37.37924264373664	NA	NA	5	271beae5-2b86-4fb9-92ef-962459e77fd0
synecho	22.675214569275365	NA	NA	30.50611929413064	NA	NA	6	271beae5-2b86-4fb9-92ef-962459e77fd0
synecho	14.501590315587109	NA	NA	15.288291346848284	NA	NA	7	271beae5-2b86-4fb9-92ef-962459e77fd0
synecho	11.363795025677977	NA	NA	6.921642586890005	NA	NA	8	271beae5-2b86-4fb9-92ef-962459e77fd0
synecho	10.476735463289286	NA	NA	3.2636839520126677	NA	NA	9	271beae5-2b86-4fb9-92ef-962459e77fd0
synecho	17.411444860695223	NA	NA	1.9638090735483016	NA	NA	10	271beae5-2b86-4fb9-92ef-962459e77fd0
synecho	81.56158675711735	NA	NA	2.889096019418546	NA	NA	11	271beae5-2b86-4fb9-92ef-962459e77fd0
beads	237.7481264644703	NA	NA	128.3988837240344	NA	NA	1	2742208c-166b-4aa2-9a27-4308adb30cdc
beads	339.4894410327772	NA	NA	145.60104226362773	NA	NA	2	2742208c-166b-4aa2-9a27-4308adb30cdc
beads	339.4894410327772	NA	NA	230.87470218187588	NA	NA	3	2742208c-166b-4aa2-9a27-4308adb30cdc
beads	305.7198055823509	NA	NA	533.8237845230472	NA	NA	4	2742208c-166b-4aa2-9a27-4308adb30cdc
beads	227.99011868137532	NA	NA	580.4971301740597	NA	NA	5	2742208c-166b-4aa2-9a27-4308adb30cdc
beads	192.80207797889383	NA	NA	381.7590060123884	NA	NA	6	2742208c-166b-4aa2-9a27-4308adb30cdc
beads	192.80207797889383	NA	NA	221.39880357307172	NA	NA	7	2742208c-166b-4aa2-9a27-4308adb30cdc
beads	201.05403288113345	NA	NA	148.68426938104884	NA	NA	8	2742208c-166b-4aa2-9a27-4308adb30cdc
picoeuk	2798.486065419504	NA	NA	NA	97.13485697746918	NA	1	2742208c-166b-4aa2-9a27-4308adb30cdc
picoeuk	3161.3258958000533	NA	NA	NA	386.75072161136086	NA	2	2742208c-166b-4aa2-9a27-4308adb30cdc
picoeuk	3292.440805290723	NA	NA	NA	1704.546789646995	NA	3	2742208c-166b-4aa2-9a27-4308adb30cdc
picoeuk	2974.3783329708194	NA	NA	NA	3764.94561909576	NA	4	2742208c-166b-4aa2-9a27-4308adb30cdc
picoeuk	647.9920948131245	NA	NA	NA	3332.8255926095408	NA	5	2742208c-166b-4aa2-9a27-4308adb30cdc
picoeuk	138.3307887646087	NA	NA	NA	889.6713801041246	NA	6	2742208c-166b-4aa2-9a27-4308adb30cdc
picoeuk	115.2125192794757	NA	NA	NA	197.80053969164825	NA	7	2742208c-166b-4aa2-9a27-4308adb30cdc
picoeuk	130.15048572842204	NA	NA	NA	28.124806997483137	NA	8	2742208c-166b-4aa2-9a27-4308adb30cdc
picoeuk	156.26617195338792	NA	NA	NA	7.507694345632217	NA	9	2742208c-166b-4aa2-9a27-4308adb30cdc
picoeuk	397.9103423972745	NA	NA	NA	4.51749571777243	NA	10	2742208c-166b-4aa2-9a27-4308adb30cdc
picoeuk	3499.3794376380893	NA	NA	NA	3.1337142270333547	NA	11	2742208c-166b-4aa2-9a27-4308adb30cdc
picoeuk	4201.556574081132	NA	NA	NA	13.261372585893952	NA	12	2742208c-166b-4aa2-9a27-4308adb30cdc
prochloro	1.9135973253295808	NA	NA	NA	2.022117434903376	NA	1	2742208c-166b-4aa2-9a27-4308adb30cdc
prochloro	5.057422789570705	NA	NA	NA	1.9696943590101088	NA	2	2742208c-166b-4aa2-9a27-4308adb30cdc
prochloro	13.72193948632968	NA	NA	NA	1.9696943590101088	NA	3	2742208c-166b-4aa2-9a27-4308adb30cdc
prochloro	25.77485803927752	NA	NA	NA	3.419456045586394	NA	4	2742208c-166b-4aa2-9a27-4308adb30cdc
prochloro	23.821751186453945	NA	NA	NA	6.769442022046755	NA	5	2742208c-166b-4aa2-9a27-4308adb30cdc
prochloro	18.806409606400265	NA	NA	NA	11.150542369896373	NA	6	2742208c-166b-4aa2-9a27-4308adb30cdc
prochloro	6.576647837826225	NA	NA	NA	11.150542369896373	NA	7	2742208c-166b-4aa2-9a27-4308adb30cdc
prochloro	2.1255958116765057	NA	NA	NA	7.924978060040023	NA	8	2742208c-166b-4aa2-9a27-4308adb30cdc
prochloro	1.4715506990537288	NA	NA	NA	5.936291381559127	NA	9	2742208c-166b-4aa2-9a27-4308adb30cdc
prochloro	1.5922007609279996	NA	NA	NA	2.629551613424995	NA	10	2742208c-166b-4aa2-9a27-4308adb30cdc
synecho	11.15419844333326	NA	NA	1.942913159656764	NA	NA	1	2742208c-166b-4aa2-9a27-4308adb30cdc
synecho	25.790510480661357	NA	NA	1.677836410745832	NA	NA	2	2742208c-166b-4aa2-9a27-4308adb30cdc
synecho	70.51570047023539	NA	NA	1.5429343850956567	NA	NA	3	2742208c-166b-4aa2-9a27-4308adb30cdc
synecho	109.49572145718211	NA	NA	2.893101272818388	NA	NA	4	2742208c-166b-4aa2-9a27-4308adb30cdc
synecho	105.00163724258192	NA	NA	8.78399780937541	NA	NA	5	2742208c-166b-4aa2-9a27-4308adb30cdc
synecho	90.67598789883768	NA	NA	24.01696387210232	NA	NA	6	2742208c-166b-4aa2-9a27-4308adb30cdc
synecho	41.76113966269144	NA	NA	35.02094106280613	NA	NA	7	2742208c-166b-4aa2-9a27-4308adb30cdc
synecho	14.95704901267451	NA	NA	29.61580198623312	NA	NA	8	2742208c-166b-4aa2-9a27-4308adb30cdc
synecho	9.836376214719747	NA	NA	15.794552252997407	NA	NA	9	2742208c-166b-4aa2-9a27-4308adb30cdc
synecho	10.044669928905307	NA	NA	7.4282738234654015	NA	NA	10	2742208c-166b-4aa2-9a27-4308adb30cdc
synecho	11.63159963884886	NA	NA	2.498387862259029	NA	NA	11	2742208c-166b-4aa2-9a27-4308adb30cdc
beads	253.48661820794248	NA	NA	395.52052524731	NA	NA	1	2ba0ad4e-856b-4829-9c22-21508f2789fe
beads	229.21417172754963	NA	NA	207.68358163220276	NA	NA	2	2ba0ad4e-856b-4829-9c22-21508f2789fe
beads	280.3293754754179	NA	NA	120.6004354582876	NA	NA	3	2ba0ad4e-856b-4829-9c22-21508f2789fe
beads	454.4580024317494	NA	NA	239.111886397315	NA	NA	4	2ba0ad4e-856b-4829-9c22-21508f2789fe
beads	652.9239728084972	NA	NA	579.8031887242497	NA	NA	5	2ba0ad4e-856b-4829-9c22-21508f2789fe
beads	1822.8085169452456	NA	NA	1618.672670284314	NA	NA	6	2ba0ad4e-856b-4829-9c22-21508f2789fe
beads	2015.833327924854	NA	NA	3621.3258963633234	NA	NA	7	2ba0ad4e-856b-4829-9c22-21508f2789fe
beads	386.8584077260837	NA	NA	3478.421297700421	NA	NA	8	2ba0ad4e-856b-4829-9c22-21508f2789fe
beads	207.2659175943056	NA	NA	568.2479597453248	NA	NA	9	2ba0ad4e-856b-4829-9c22-21508f2789fe
beads	207.2659175943056	NA	NA	253.99742213433035	NA	NA	10	2ba0ad4e-856b-4829-9c22-21508f2789fe
croco	996.4594197224162	NA	NA	163.11338181639408	NA	NA	1	2ba0ad4e-856b-4829-9c22-21508f2789fe
croco	751.7295377193227	NA	NA	130.71328631243054	NA	NA	2	2ba0ad4e-856b-4829-9c22-21508f2789fe
croco	831.3333197826358	NA	NA	96.64491701366076	NA	NA	3	2ba0ad4e-856b-4829-9c22-21508f2789fe
croco	976.6004106879284	NA	NA	96.64491701366076	NA	NA	4	2ba0ad4e-856b-4829-9c22-21508f2789fe
croco	1170.580626780614	NA	NA	147.49456588692166	NA	NA	5	2ba0ad4e-856b-4829-9c22-21508f2789fe
picoeuk	2838.446847173765	NA	NA	NA	310.6393386701967	NA	1	2ba0ad4e-856b-4829-9c22-21508f2789fe
picoeuk	3267.9828358708937	NA	NA	NA	1297.1469406179322	NA	2	2ba0ad4e-856b-4829-9c22-21508f2789fe
picoeuk	2726.436186125911	NA	NA	NA	3274.5681873017998	NA	3	2ba0ad4e-856b-4829-9c22-21508f2789fe
picoeuk	215.7810600210996	NA	NA	NA	1940.1864346947707	NA	4	2ba0ad4e-856b-4829-9c22-21508f2789fe
picoeuk	169.4730905320173	NA	NA	NA	184.0542619657848	NA	5	2ba0ad4e-856b-4829-9c22-21508f2789fe
picoeuk	224.6460315533741	NA	NA	NA	35.32183823579357	NA	6	2ba0ad4e-856b-4829-9c22-21508f2789fe
picoeuk	445.4008492778346	NA	NA	NA	3.091539888112889	NA	7	2ba0ad4e-856b-4829-9c22-21508f2789fe
picoeuk	2274.630758590218	NA	NA	NA	2.5278291067951844	NA	8	2ba0ad4e-856b-4829-9c22-21508f2789fe
picoeuk	4078.022572263477	NA	NA	NA	3.2185501692577283	NA	9	2ba0ad4e-856b-4829-9c22-21508f2789fe
picoeuk	3762.519571638459	NA	NA	NA	46.82106617594355	NA	10	2ba0ad4e-856b-4829-9c22-21508f2789fe
picoeuk	4160.948491830083	NA	NA	NA	350.51994863818146	NA	11	2ba0ad4e-856b-4829-9c22-21508f2789fe
prochloro	1.173951868570699	NA	NA	NA	2.108935418344105	NA	1	2ba0ad4e-856b-4829-9c22-21508f2789fe
prochloro	3.023833460448615	NA	NA	NA	1.8317419000447872	NA	2	2ba0ad4e-856b-4829-9c22-21508f2789fe
prochloro	7.788708414137154	NA	NA	NA	1.6900261406065231	NA	3	2ba0ad4e-856b-4829-9c22-21508f2789fe
prochloro	23.097874818728663	NA	NA	NA	2.0669052395961214	NA	4	2ba0ad4e-856b-4829-9c22-21508f2789fe
prochloro	38.206731242210495	NA	NA	NA	2.151820273877335	NA	5	2ba0ad4e-856b-4829-9c22-21508f2789fe
prochloro	37.44528746848548	NA	NA	NA	4.531963756053523	NA	6	2ba0ad4e-856b-4829-9c22-21508f2789fe
prochloro	27.68576020110591	NA	NA	NA	7.34702594823059	NA	7	2ba0ad4e-856b-4829-9c22-21508f2789fe
prochloro	13.412777935585105	NA	NA	NA	10.55553944429937	NA	8	2ba0ad4e-856b-4829-9c22-21508f2789fe
prochloro	4.432711251692774	NA	NA	NA	8.458835407618192	NA	9	2ba0ad4e-856b-4829-9c22-21508f2789fe
prochloro	1.9031605954133872	NA	NA	NA	5.655308311599829	NA	10	2ba0ad4e-856b-4829-9c22-21508f2789fe
prochloro	1.173951868570699	NA	NA	NA	2.5278291067951844	NA	11	2ba0ad4e-856b-4829-9c22-21508f2789fe
synecho	10.118607097776342	NA	NA	2.195577185907938	NA	NA	1	2ba0ad4e-856b-4829-9c22-21508f2789fe
synecho	26.063234391918584	NA	NA	2.025712704291471	NA	NA	2	2ba0ad4e-856b-4829-9c22-21508f2789fe
synecho	71.31223205597622	NA	NA	2.025712704291471	NA	NA	3	2ba0ad4e-856b-4829-9c22-21508f2789fe
synecho	122.8053589631888	NA	NA	5.323878593657111	NA	NA	4	2ba0ad4e-856b-4829-9c22-21508f2789fe
synecho	150.19119159920376	NA	NA	17.112189410440443	NA	NA	5	2ba0ad4e-856b-4829-9c22-21508f2789fe
synecho	69.89100984397321	NA	NA	27.74155010873784	NA	NA	6	2ba0ad4e-856b-4829-9c22-21508f2789fe
synecho	23.097874818728663	NA	NA	19.30909259243117	NA	NA	7	2ba0ad4e-856b-4829-9c22-21508f2789fe
synecho	10.748525124153716	NA	NA	7.804403533933051	NA	NA	8	2ba0ad4e-856b-4829-9c22-21508f2789fe
synecho	8.78864114560728	NA	NA	2.68519514607164	NA	NA	9	2ba0ad4e-856b-4829-9c22-21508f2789fe
beads	1698.4169605579873	NA	NA	3686.968727401051	NA	NA	1	2fc3c4a2-585a-4503-8ce2-126cf2b13d9d
beads	368.3633759602848	NA	NA	1260.2350169421168	NA	NA	2	2fc3c4a2-585a-4503-8ce2-126cf2b13d9d
beads	145.6379379631322	NA	NA	268.39948038145025	NA	NA	3	2fc3c4a2-585a-4503-8ce2-126cf2b13d9d
beads	156.6327292109122	NA	NA	90.08692456903344	NA	NA	4	2fc3c4a2-585a-4503-8ce2-126cf2b13d9d
beads	418.3988035759545	NA	NA	112.06906354343931	NA	NA	5	2fc3c4a2-585a-4503-8ce2-126cf2b13d9d
beads	1039.178992601583	NA	NA	359.0985459725279	NA	NA	6	2fc3c4a2-585a-4503-8ce2-126cf2b13d9d
beads	2000.609397716085	NA	NA	3187.5240190621303	NA	NA	7	2fc3c4a2-585a-4503-8ce2-126cf2b13d9d
croco	1002.0430074217436	NA	NA	136.90134861787246	NA	NA	1	2fc3c4a2-585a-4503-8ce2-126cf2b13d9d
croco	624.3590352365245	NA	NA	147.23657974407874	NA	NA	2	2fc3c4a2-585a-4503-8ce2-126cf2b13d9d
croco	492.8428047210631	NA	NA	90.08692456903344	NA	NA	3	2fc3c4a2-585a-4503-8ce2-126cf2b13d9d
croco	1138.1522235861764	NA	NA	68.56962645769457	NA	NA	4	2fc3c4a2-585a-4503-8ce2-126cf2b13d9d
picoeuk	2534.4765947229357	NA	NA	NA	3428.162973973344	NA	1	2fc3c4a2-585a-4503-8ce2-126cf2b13d9d
picoeuk	722.1882011934384	NA	NA	NA	2963.7766492536	NA	2	2fc3c4a2-585a-4503-8ce2-126cf2b13d9d
picoeuk	238.0282373857709	NA	NA	NA	1089.5208728818743	NA	3	2fc3c4a2-585a-4503-8ce2-126cf2b13d9d
picoeuk	148.31207797718858	NA	NA	NA	208.0432797884036	NA	4	2fc3c4a2-585a-4503-8ce2-126cf2b13d9d
picoeuk	194.85273103610845	NA	NA	NA	34.3443926595034	NA	5	2fc3c4a2-585a-4503-8ce2-126cf2b13d9d
picoeuk	361.7216023650162	NA	NA	NA	6.097699017508123	NA	6	2fc3c4a2-585a-4503-8ce2-126cf2b13d9d
picoeuk	1159.0504761002262	NA	NA	NA	5.879792321974947	NA	7	2fc3c4a2-585a-4503-8ce2-126cf2b13d9d
picoeuk	3390.941214464851	NA	NA	NA	299.3599252255508	NA	8	2fc3c4a2-585a-4503-8ce2-126cf2b13d9d
picoeuk	3516.610414043502	NA	NA	NA	2963.7766492536	NA	9	2fc3c4a2-585a-4503-8ce2-126cf2b13d9d
prochloro	1.1309435372257726	NA	NA	NA	2.5460683369829487	NA	1	2fc3c4a2-585a-4503-8ce2-126cf2b13d9d
prochloro	3.308710992910989	NA	NA	NA	1.8349916109213351	NA	2	2fc3c4a2-585a-4503-8ce2-126cf2b13d9d
prochloro	10.601974077682115	NA	NA	NA	2.009759432302938	NA	3	2fc3c4a2-585a-4503-8ce2-126cf2b13d9d
prochloro	48.88263536512064	NA	NA	NA	2.5460683369829487	NA	4	2fc3c4a2-585a-4503-8ce2-126cf2b13d9d
prochloro	151.03531937866362	NA	NA	NA	4.557576927495735	NA	5	2fc3c4a2-585a-4503-8ce2-126cf2b13d9d
prochloro	148.31207797718858	NA	NA	NA	20.26272659058686	NA	6	2fc3c4a2-585a-4503-8ce2-126cf2b13d9d
prochloro	128.22140512229	NA	NA	NA	86.86758822802672	NA	7	2fc3c4a2-585a-4503-8ce2-126cf2b13d9d
prochloro	45.45133225121558	NA	NA	NA	204.29215670574223	NA	8	2fc3c4a2-585a-4503-8ce2-126cf2b13d9d
prochloro	6.031492396612912	NA	NA	NA	134.43294968967683	NA	9	2fc3c4a2-585a-4503-8ce2-126cf2b13d9d
prochloro	1.1309435372257726	NA	NA	NA	10.335320295643475	NA	10	2fc3c4a2-585a-4503-8ce2-126cf2b13d9d
prochloro	1.0515572673991147	NA	NA	NA	6.097699017508123	NA	11	2fc3c4a2-585a-4503-8ce2-126cf2b13d9d
synecho	5.214453472879429	NA	NA	3.054147735600892	NA	NA	1	2fc3c4a2-585a-4503-8ce2-126cf2b13d9d
synecho	11.19676938965219	NA	NA	1.8349916109213351	NA	NA	2	2fc3c4a2-585a-4503-8ce2-126cf2b13d9d
synecho	38.58589970813277	NA	NA	1.801905805913753	NA	NA	3	2fc3c4a2-585a-4503-8ce2-126cf2b13d9d
synecho	145.6379379631322	NA	NA	4.086222557066352	NA	NA	4	2fc3c4a2-585a-4503-8ce2-126cf2b13d9d
synecho	159.50875076512972	NA	NA	24.306244901138037	NA	NA	5	2fc3c4a2-585a-4503-8ce2-126cf2b13d9d
synecho	69.07049731620302	NA	NA	85.30132271025236	NA	NA	6	2fc3c4a2-585a-4503-8ce2-126cf2b13d9d
synecho	11.19676938965219	NA	NA	79.31361987775001	NA	NA	7	2fc3c4a2-585a-4503-8ce2-126cf2b13d9d
synecho	4.346991708099873	NA	NA	20.6347818993038	NA	NA	8	2fc3c4a2-585a-4503-8ce2-126cf2b13d9d
synecho	5.506996395304006	NA	NA	6.439794061586111	NA	NA	9	2fc3c4a2-585a-4503-8ce2-126cf2b13d9d
beads	291.84619689156483	NA	NA	939.9521491613596	NA	NA	1	317d181a-b757-427b-a317-292c80856f30
beads	207.2659175943056	NA	NA	503.59521933568	NA	NA	2	317d181a-b757-427b-a317-292c80856f30
beads	191.23044506576483	NA	NA	211.9067931717548	NA	NA	3	317d181a-b757-427b-a317-292c80856f30
beads	191.23044506576483	NA	NA	133.3713195319512	NA	NA	4	317d181a-b757-427b-a317-292c80856f30
beads	322.751010242184	NA	NA	123.05282551579548	NA	NA	5	317d181a-b757-427b-a317-292c80856f30
beads	379.1484855134569	NA	NA	259.16241801770184	NA	NA	6	317d181a-b757-427b-a317-292c80856f30
beads	652.9239728084972	NA	NA	534.94575045045406	NA	NA	7	317d181a-b757-427b-a317-292c80856f30
beads	1194.384191665924	NA	NA	1463.6777201109674	NA	NA	8	317d181a-b757-427b-a317-292c80856f30
beads	1124.3872270535562	NA	NA	2902.002297118599	NA	NA	9	317d181a-b757-427b-a317-292c80856f30
beads	419.29810302352143	NA	NA	1685.1728864790894	NA	NA	10	317d181a-b757-427b-a317-292c80856f30
croco	1016.7222584456016	NA	NA	111.26998213452038	NA	NA	1	317d181a-b757-427b-a317-292c80856f30
croco	767.0158344663654	NA	NA	118.19692048324087	NA	NA	2	317d181a-b757-427b-a317-292c80856f30
croco	831.3333197826358	NA	NA	87.39074575838868	NA	NA	3	317d181a-b757-427b-a317-292c80856f30
croco	1080.016709176349	NA	NA	133.3713195319512	NA	NA	4	317d181a-b757-427b-a317-292c80856f30
picoeuk	3402.2419539099155	NA	NA	NA	379.9125121766917	NA	1	317d181a-b757-427b-a317-292c80856f30
picoeuk	3471.42598553715	NA	NA	NA	1297.1469406179322	NA	2	317d181a-b757-427b-a317-292c80856f30
picoeuk	3471.42598553715	NA	NA	NA	2902.002297118599	NA	3	317d181a-b757-427b-a317-292c80856f30
picoeuk	1016.7222584456016	NA	NA	NA	3478.421297700421	NA	4	317d181a-b757-427b-a317-292c80856f30
picoeuk	229.21417172754963	NA	NA	NA	1350.4378582759998	NA	5	317d181a-b757-427b-a317-292c80856f30
picoeuk	153.2453048252755	NA	NA	NA	259.16241801770184	NA	6	317d181a-b757-427b-a317-292c80856f30
picoeuk	115.60834277230504	NA	NA	NA	55.002574019562616	NA	7	317d181a-b757-427b-a317-292c80856f30
picoeuk	183.6841178954608	NA	NA	NA	11.910684460322967	NA	8	317d181a-b757-427b-a317-292c80856f30
picoeuk	274.7425312045806	NA	NA	NA	5.011872336272726	NA	9	317d181a-b757-427b-a317-292c80856f30
picoeuk	627.1583165373266	NA	NA	NA	3.705606367086472	NA	10	317d181a-b757-427b-a317-292c80856f30
picoeuk	1936.284604351615	NA	NA	NA	6.511113819963971	NA	11	317d181a-b757-427b-a317-292c80856f30
picoeuk	2726.436186125911	NA	NA	NA	26.11575472832086	NA	12	317d181a-b757-427b-a317-292c80856f30
picoeuk	3267.9828358708937	NA	NA	NA	163.11338181639408	NA	13	317d181a-b757-427b-a317-292c80856f30
prochloro	22.6375440760775	NA	NA	NA	3.488439060658436	NA	1	317d181a-b757-427b-a317-292c80856f30
prochloro	22.6375440760775	NA	NA	NA	6.1295295635553	NA	2	317d181a-b757-427b-a317-292c80856f30
prochloro	16.076931599533744	NA	NA	NA	9.936931356464152	NA	3	317d181a-b757-427b-a317-292c80856f30
prochloro	5.995289487402111	NA	NA	NA	11.673309625359424	NA	4	317d181a-b757-427b-a317-292c80856f30
prochloro	1.791625742743415	NA	NA	NA	7.34702594823059	NA	5	317d181a-b757-427b-a317-292c80856f30
prochloro	1.1978239871043954	NA	NA	NA	4.181340840554288	NA	6	317d181a-b757-427b-a317-292c80856f30
prochloro	1.3790880862008152	NA	NA	NA	2.3796855146670444	NA	7	317d181a-b757-427b-a317-292c80856f30
prochloro	2.021638875532145	NA	NA	NA	1.724392544744304	NA	8	317d181a-b757-427b-a317-292c80856f30
prochloro	4.432711251692774	NA	NA	NA	1.868990070886957	NA	9	317d181a-b757-427b-a317-292c80856f30
prochloro	11.649833905249864	NA	NA	NA	1.9069956771686156	NA	10	317d181a-b757-427b-a317-292c80856f30
prochloro	21.74422233606112	NA	NA	NA	2.631680358003249	NA	11	317d181a-b757-427b-a317-292c80856f30
prochloro	23.097874818728663	NA	NA	NA	4.266367720146059	NA	12	317d181a-b757-427b-a317-292c80856f30
synecho	117.9592194445357	NA	NA	16.436908966225705	NA	NA	1	317d181a-b757-427b-a317-292c80856f30
synecho	57.14709671585285	NA	NA	30.067795098205	NA	NA	2	317d181a-b757-427b-a317-292c80856f30
synecho	14.537495456602896	NA	NA	23.615057597168036	NA	NA	3	317d181a-b757-427b-a317-292c80856f30
synecho	7.042905698908828	NA	NA	8.290254444403532	NA	NA	4	317d181a-b757-427b-a317-292c80856f30
synecho	10.748525124153716	NA	NA	2.5278291067951844	NA	NA	5	317d181a-b757-427b-a317-292c80856f30
synecho	20.06194440068495	NA	NA	1.8317419000447872	NA	NA	6	317d181a-b757-427b-a317-292c80856f30
synecho	47.67709019396272	NA	NA	1.98534111855544	NA	NA	7	317d181a-b757-427b-a317-292c80856f30
synecho	108.83310819167924	NA	NA	2.9695416809355693	NA	NA	8	317d181a-b757-427b-a317-292c80856f30
synecho	117.9592194445357	NA	NA	6.643516250640975	NA	NA	9	317d181a-b757-427b-a317-292c80856f30
beads	1246.5518387849147	NA	NA	3754.667231941906	NA	NA	1	32330adb-2238-48d0-af9b-8fb38aa724f9
beads	396.1726025852601	NA	NA	1655.69950976128	NA	NA	2	32330adb-2238-48d0-af9b-8fb38aa724f9
beads	125.90950986215624	NA	NA	310.45428511257614	NA	NA	3	32330adb-2238-48d0-af9b-8fb38aa724f9
beads	184.5017550615606	NA	NA	112.06906354343931	NA	NA	4	32330adb-2238-48d0-af9b-8fb38aa724f9
beads	458.2478399063846	NA	NA	85.30132271025236	NA	NA	5	32330adb-2238-48d0-af9b-8fb38aa724f9
beads	1929.115842252424	NA	NA	891.894675747277	NA	NA	6	32330adb-2238-48d0-af9b-8fb38aa724f9
croco	966.2341096879508	NA	NA	141.9749496666481	NA	NA	1	32330adb-2238-48d0-af9b-8fb38aa724f9
croco	580.5323248760907	NA	NA	116.22237338347912	NA	NA	2	32330adb-2238-48d0-af9b-8fb38aa724f9
croco	613.1015334737858	NA	NA	67.33328222760686	NA	NA	3	32330adb-2238-48d0-af9b-8fb38aa724f9
croco	1138.1522235861764	NA	NA	141.9749496666481	NA	NA	4	32330adb-2238-48d0-af9b-8fb38aa724f9
picoeuk	2272.355595192148	NA	NA	NA	3686.968727401051	NA	1	32330adb-2238-48d0-af9b-8fb38aa724f9
picoeuk	458.2478399063846	NA	NA	NA	2339.480833862832	NA	2	32330adb-2238-48d0-af9b-8fb38aa724f9
picoeuk	233.736470708707	NA	NA	NA	365.69215615545727	NA	3	32330adb-2238-48d0-af9b-8fb38aa724f9
picoeuk	165.4201882589255	NA	NA	NA	91.74106121160462	NA	4	32330adb-2238-48d0-af9b-8fb38aa724f9
picoeuk	209.5629441286904	NA	NA	NA	8.460615462505798	NA	5	32330adb-2238-48d0-af9b-8fb38aa724f9
picoeuk	475.2306289338168	NA	NA	NA	2.945005050987559	NA	6	32330adb-2238-48d0-af9b-8fb38aa724f9
picoeuk	1495.3068699819314	NA	NA	NA	2.084241661049866	NA	7	32330adb-2238-48d0-af9b-8fb38aa724f9
picoeuk	3390.941214464851	NA	NA	NA	5.879792321974947	NA	8	32330adb-2238-48d0-af9b-8fb38aa724f9
picoeuk	3096.0664155412646	NA	NA	NA	58.21217109538015	NA	9	32330adb-2238-48d0-af9b-8fb38aa724f9
picoeuk	3581.180873867107	NA	NA	NA	446.7222958212223	NA	10	32330adb-2238-48d0-af9b-8fb38aa724f9
picoeuk	3994.277623400808	NA	NA	NA	3823.6087867649658	NA	11	32330adb-2238-48d0-af9b-8fb38aa724f9
prochloro	1.3321677311305349	NA	NA	NA	1.5864197032971004	NA	1	32330adb-2238-48d0-af9b-8fb38aa724f9
prochloro	3.4943373463454983	NA	NA	NA	1.4223487786851368	NA	2	32330adb-2238-48d0-af9b-8fb38aa724f9
prochloro	15.82088249337592	NA	NA	NA	1.9379388922185028	NA	3	32330adb-2238-48d0-af9b-8fb38aa724f9
prochloro	132.9733251148373	NA	NA	NA	3.3450301258808817	NA	4	32330adb-2238-48d0-af9b-8fb38aa724f9
prochloro	153.8085637457221	NA	NA	NA	43.50927245211236	NA	5	32330adb-2238-48d0-af9b-8fb38aa724f9
prochloro	61.92707850053591	NA	NA	NA	249.55925284616245	NA	6	32330adb-2238-48d0-af9b-8fb38aa724f9
prochloro	5.711087172852208	NA	NA	NA	227.8576868654184	NA	7	32330adb-2238-48d0-af9b-8fb38aa724f9
prochloro	1.2614002540432117	NA	NA	NA	22.60007474084174	NA	8	32330adb-2238-48d0-af9b-8fb38aa724f9
prochloro	0.9777434948984064	NA	NA	NA	2.5460683369829487	NA	9	32330adb-2238-48d0-af9b-8fb38aa724f9
synecho	1.7502048663149707	NA	NA	1.801905805913753	NA	NA	1	32330adb-2238-48d0-af9b-8fb38aa724f9
synecho	6.486833915044181	NA	NA	1.868684922985838	NA	NA	2	32330adb-2238-48d0-af9b-8fb38aa724f9
synecho	24.042336443712507	NA	NA	1.801905805913753	NA	NA	3	32330adb-2238-48d0-af9b-8fb38aa724f9
synecho	140.4334367710119	NA	NA	2.2415894118740414	NA	NA	4	32330adb-2238-48d0-af9b-8fb38aa724f9
synecho	209.5629441286904	NA	NA	7.724883957449342	NA	NA	5	32330adb-2238-48d0-af9b-8fb38aa724f9
synecho	119.22093893671828	NA	NA	34.97500935151184	NA	NA	6	32330adb-2238-48d0-af9b-8fb38aa724f9
synecho	16.11137860671646	NA	NA	63.756400431188766	NA	NA	7	32330adb-2238-48d0-af9b-8fb38aa724f9
synecho	1.6273497182055985	NA	NA	11.115575019919442	NA	NA	8	32330adb-2238-48d0-af9b-8fb38aa724f9
synecho	1.1517094269989407	NA	NA	1.9029968968856976	NA	NA	9	32330adb-2238-48d0-af9b-8fb38aa724f9
beads	453.2536143445445	NA	NA	2103.6928035662672	NA	NA	1	346ebef5-4a02-4ffb-95aa-a000b8cb9a40
beads	284.8219169559867	NA	NA	1273.7172213667347	NA	NA	2	346ebef5-4a02-4ffb-95aa-a000b8cb9a40
beads	227.8897684107081	NA	NA	715.9469789892263	NA	NA	3	346ebef5-4a02-4ffb-95aa-a000b8cb9a40
beads	189.24206513356435	NA	NA	353.3407260961902	NA	NA	4	346ebef5-4a02-4ffb-95aa-a000b8cb9a40
beads	196.4079706422596	NA	NA	217.94911579457175	NA	NA	5	346ebef5-4a02-4ffb-95aa-a000b8cb9a40
beads	279.57780459814524	NA	NA	174.3839591228465	NA	NA	6	346ebef5-4a02-4ffb-95aa-a000b8cb9a40
beads	461.75540826783913	NA	NA	304.52852465382693	NA	NA	7	346ebef5-4a02-4ffb-95aa-a000b8cb9a40
beads	821.4935362955475	NA	NA	562.2915641810397	NA	NA	8	346ebef5-4a02-4ffb-95aa-a000b8cb9a40
beads	1461.4915561182124	NA	NA	1182.4700821886684	NA	NA	9	346ebef5-4a02-4ffb-95aa-a000b8cb9a40
beads	2459.1007706196606	NA	NA	2939.3763010203656	NA	NA	10	346ebef5-4a02-4ffb-95aa-a000b8cb9a40
beads	1065.599868763711	NA	NA	3812.810280576085	NA	NA	11	346ebef5-4a02-4ffb-95aa-a000b8cb9a40
beads	645.185885329628	NA	NA	3673.700660412272	NA	NA	12	346ebef5-4a02-4ffb-95aa-a000b8cb9a40
croco	1147.8285365311344	NA	NA	194.9534039189396	NA	NA	1	346ebef5-4a02-4ffb-95aa-a000b8cb9a40
croco	806.3682803053629	NA	NA	209.9972859152627	NA	NA	2	346ebef5-4a02-4ffb-95aa-a000b8cb9a40
croco	806.3682803053629	NA	NA	147.52652066312416	NA	NA	3	346ebef5-4a02-4ffb-95aa-a000b8cb9a40
croco	1105.9502420501642	NA	NA	115.86461078300442	NA	NA	4	346ebef5-4a02-4ffb-95aa-a000b8cb9a40
croco	1259.5940249965531	NA	NA	153.11281093295608	NA	NA	5	346ebef5-4a02-4ffb-95aa-a000b8cb9a40
picoeuk	3310.6080234745964	NA	NA	NA	1714.764398057552	NA	1	346ebef5-4a02-4ffb-95aa-a000b8cb9a40
picoeuk	3073.4411657023056	NA	NA	NA	3539.6664269050416	NA	2	346ebef5-4a02-4ffb-95aa-a000b8cb9a40
picoeuk	791.5215090002804	NA	NA	NA	3474.494446285173	NA	3	346ebef5-4a02-4ffb-95aa-a000b8cb9a40
picoeuk	175.68505517411828	NA	NA	NA	1989.6201782158332	NA	4	346ebef5-4a02-4ffb-95aa-a000b8cb9a40
picoeuk	108.36679614196473	NA	NA	NA	248.22762685888733	NA	5	346ebef5-4a02-4ffb-95aa-a000b8cb9a40
picoeuk	154.25520083341505	NA	NA	NA	37.29384849226182	NA	6	346ebef5-4a02-4ffb-95aa-a000b8cb9a40
picoeuk	250.0796778545589	NA	NA	NA	5.499884562804996	NA	7	346ebef5-4a02-4ffb-95aa-a000b8cb9a40
picoeuk	868.5929402017132	NA	NA	NA	2.4279633200816697	NA	8	346ebef5-4a02-4ffb-95aa-a000b8cb9a40
picoeuk	3841.2580370398086	NA	NA	NA	25.71715399604216	NA	9	346ebef5-4a02-4ffb-95aa-a000b8cb9a40
picoeuk	3632.966033477897	NA	NA	NA	531.8013353654075	NA	10	346ebef5-4a02-4ffb-95aa-a000b8cb9a40
prochloro	1.1000936795042835	NA	NA	NA	3.2085059127851285	NA	1	346ebef5-4a02-4ffb-95aa-a000b8cb9a40
prochloro	1.5953058809322962	NA	NA	NA	1.8717684116495024	NA	2	346ebef5-4a02-4ffb-95aa-a000b8cb9a40
prochloro	3.2930766895888754	NA	NA	NA	1.8034773156813484	NA	3	346ebef5-4a02-4ffb-95aa-a000b8cb9a40
prochloro	8.98298027005584	NA	NA	NA	1.979084139094699	NA	4	346ebef5-4a02-4ffb-95aa-a000b8cb9a40
prochloro	17.214541699408528	NA	NA	NA	2.8699779162264605	NA	5	346ebef5-4a02-4ffb-95aa-a000b8cb9a40
prochloro	15.981318456460578	NA	NA	NA	7.684691564686211	NA	6	346ebef5-4a02-4ffb-95aa-a000b8cb9a40
prochloro	5.338760399865554	NA	NA	NA	13.928017888933631	NA	7	346ebef5-4a02-4ffb-95aa-a000b8cb9a40
prochloro	1.4007123645779074	NA	NA	NA	7.684691564686211	NA	8	346ebef5-4a02-4ffb-95aa-a000b8cb9a40
prochloro	1.1417502073617491	NA	NA	NA	5.398621243918749	NA	9	346ebef5-4a02-4ffb-95aa-a000b8cb9a40
synecho	10.422842243554644	NA	NA	1.8717684116495024	NA	NA	1	346ebef5-4a02-4ffb-95aa-a000b8cb9a40
synecho	19.606066388152605	NA	NA	1.7056838584755385	NA	NA	2	346ebef5-4a02-4ffb-95aa-a000b8cb9a40
synecho	38.994819800307006	NA	NA	1.8034773156813484	NA	NA	3	346ebef5-4a02-4ffb-95aa-a000b8cb9a40
synecho	86.705701373462	NA	NA	2.131803238381188	NA	NA	4	346ebef5-4a02-4ffb-95aa-a000b8cb9a40
synecho	114.57988398258703	NA	NA	4.400530102102155	NA	NA	5	346ebef5-4a02-4ffb-95aa-a000b8cb9a40
synecho	114.57988398258703	NA	NA	8.916453722613108	NA	NA	6	346ebef5-4a02-4ffb-95aa-a000b8cb9a40
synecho	76.12944291425337	NA	NA	13.671576630788168	NA	NA	7	346ebef5-4a02-4ffb-95aa-a000b8cb9a40
synecho	11.652267697739637	NA	NA	6.035415145206266	NA	NA	8	346ebef5-4a02-4ffb-95aa-a000b8cb9a40
beads	650.7365349647614	NA	NA	2516.611872397291	NA	NA	1	34d2bfbd-a75f-461d-a19d-484a199f07cc
beads	394.3170372812124	NA	NA	1457.0633784735496	NA	NA	2	34d2bfbd-a75f-461d-a19d-484a199f07cc
beads	208.42578416061733	NA	NA	419.63884227525415	NA	NA	3	34d2bfbd-a75f-461d-a19d-484a199f07cc
beads	246.3039217554692	NA	NA	176.64072273198377	NA	NA	4	34d2bfbd-a75f-461d-a19d-484a199f07cc
beads	438.52520312325737	NA	NA	171.35840051971584	NA	NA	5	34d2bfbd-a75f-461d-a19d-484a199f07cc
beads	723.6927248761897	NA	NA	419.63884227525415	NA	NA	6	34d2bfbd-a75f-461d-a19d-484a199f07cc
beads	1826.8795757371204	NA	NA	1330.2159261210202	NA	NA	7	34d2bfbd-a75f-461d-a19d-484a199f07cc
beads	2512.7944805289803	NA	NA	2973.9668544567207	NA	NA	8	34d2bfbd-a75f-461d-a19d-484a199f07cc
beads	965.6412788181792	NA	NA	3461.491664026115	NA	NA	9	34d2bfbd-a75f-461d-a19d-484a199f07cc
croco	1194.3011628718575	NA	NA	184.87108191583624	NA	NA	1	34d2bfbd-a75f-461d-a19d-484a199f07cc
croco	829.638039099089	NA	NA	161.2629251760977	NA	NA	2	34d2bfbd-a75f-461d-a19d-484a199f07cc
croco	1090.3289801307983	NA	NA	110.335843083494	NA	NA	3	34d2bfbd-a75f-461d-a19d-484a199f07cc
croco	1390.0839255899623	NA	NA	168.77677462547905	NA	NA	4	34d2bfbd-a75f-461d-a19d-484a199f07cc
picoeuk	2752.410900601521	NA	NA	NA	1479.3507610577858	NA	1	34d2bfbd-a75f-461d-a19d-484a199f07cc
picoeuk	1288.4792776065792	NA	NA	NA	2798.7574164551675	NA	2	34d2bfbd-a75f-461d-a19d-484a199f07cc
picoeuk	286.6807243314905	NA	NA	NA	952.5381477795668	NA	3	34d2bfbd-a75f-461d-a19d-484a199f07cc
picoeuk	110.1684771281834	NA	NA	NA	132.38208510976324	NA	4	34d2bfbd-a75f-461d-a19d-484a199f07cc
picoeuk	128.22848534649256	NA	NA	NA	13.174565206952892	NA	5	34d2bfbd-a75f-461d-a19d-484a199f07cc
picoeuk	257.7801527914737	NA	NA	NA	3.6253953954162585	NA	6	34d2bfbd-a75f-461d-a19d-484a199f07cc
picoeuk	804.8282705797129	NA	NA	NA	2.5569538913036296	NA	7	34d2bfbd-a75f-461d-a19d-484a199f07cc
picoeuk	2364.7547308299804	NA	NA	NA	2.5569538913036296	NA	8	34d2bfbd-a75f-461d-a19d-484a199f07cc
picoeuk	2837.257171303397	NA	NA	NA	18.67965167473039	NA	9	34d2bfbd-a75f-461d-a19d-484a199f07cc
picoeuk	3843.731428230973	NA	NA	NA	218.4685195184742	NA	10	34d2bfbd-a75f-461d-a19d-484a199f07cc
prochloro	9.710077301405155	NA	NA	NA	3.5707764528883934	NA	1	34d2bfbd-a75f-461d-a19d-484a199f07cc
prochloro	3.06320614356723	NA	NA	NA	5.462088436402846	NA	2	34d2bfbd-a75f-461d-a19d-484a199f07cc
prochloro	1.2320071471961462	NA	NA	NA	2.9312802789482952	NA	3	34d2bfbd-a75f-461d-a19d-484a199f07cc
prochloro	1.1771588646339548	NA	NA	NA	1.5493989175482714	NA	4	34d2bfbd-a75f-461d-a19d-484a199f07cc
prochloro	2.127899073793392	NA	NA	NA	1.4581170281159692	NA	5	34d2bfbd-a75f-461d-a19d-484a199f07cc
prochloro	4.545554366204663	NA	NA	NA	1.5030651832244617	NA	6	34d2bfbd-a75f-461d-a19d-484a199f07cc
prochloro	10.636016123548917	NA	NA	NA	1.5493989175482714	NA	7	34d2bfbd-a75f-461d-a19d-484a199f07cc
prochloro	8.864747862736735	NA	NA	NA	3.162430058428192	NA	8	34d2bfbd-a75f-461d-a19d-484a199f07cc
synecho	6.5435293581169685	NA	NA	2.4431197062926984	NA	NA	1	34d2bfbd-a75f-461d-a19d-484a199f07cc
synecho	13.35579475107754	NA	NA	1.77622385240492	NA	NA	2	34d2bfbd-a75f-461d-a19d-484a199f07cc
synecho	38.65092567256618	NA	NA	1.6715787106884108	NA	NA	3	34d2bfbd-a75f-461d-a19d-484a199f07cc
synecho	128.22848534649256	NA	NA	2.370059851848142	NA	NA	4	34d2bfbd-a75f-461d-a19d-484a199f07cc
synecho	136.25591949325246	NA	NA	8.4829617629418	NA	NA	5	34d2bfbd-a75f-461d-a19d-484a199f07cc
synecho	33.20723635965257	NA	NA	17.314310059073833	NA	NA	6	34d2bfbd-a75f-461d-a19d-484a199f07cc
synecho	3.4587403249099555	NA	NA	3.2108028949494902	NA	NA	7	34d2bfbd-a75f-461d-a19d-484a199f07cc
beads	215.7810600210996	NA	NA	364.9204218116281	NA	NA	1	3b67d4b5-adb0-45f9-b4f7-f48cc2443861
beads	180.0233721745827	NA	NA	195.51227158346325	NA	NA	2	3b67d4b5-adb0-45f9-b4f7-f48cc2443861
beads	203.135196715383	NA	NA	120.6004354582876	NA	NA	3	3b67d4b5-adb0-45f9-b4f7-f48cc2443861
beads	410.9416715911132	NA	NA	120.6004354582876	NA	NA	4	3b67d4b5-adb0-45f9-b4f7-f48cc2443861
beads	473.12858109040354	NA	NA	316.95613862809654	NA	NA	5	3b67d4b5-adb0-45f9-b4f7-f48cc2443861
beads	1080.016709176349	NA	NA	654.2396877417004	NA	NA	6	3b67d4b5-adb0-45f9-b4f7-f48cc2443861
beads	1897.695282307905	NA	NA	2677.4840615431103	NA	NA	7	3b67d4b5-adb0-45f9-b4f7-f48cc2443861
beads	722.0648207164405	NA	NA	2189.2721390310985	NA	NA	8	3b67d4b5-adb0-45f9-b4f7-f48cc2443861
beads	303.83616592310665	NA	NA	667.5435443931943	NA	NA	9	3b67d4b5-adb0-45f9-b4f7-f48cc2443861
croco	919.3666789755222	NA	NA	138.8506370900214	NA	NA	1	3b67d4b5-adb0-45f9-b4f7-f48cc2443861
croco	707.674378402103	NA	NA	144.55506242244334	NA	NA	2	3b67d4b5-adb0-45f9-b4f7-f48cc2443861
croco	652.9239728084972	NA	NA	113.53263895535878	NA	NA	3	3b67d4b5-adb0-45f9-b4f7-f48cc2443861
croco	782.6129755483884	NA	NA	106.87905113432237	NA	NA	4	3b67d4b5-adb0-45f9-b4f7-f48cc2443861
croco	901.0440952130382	NA	NA	106.87905113432237	NA	NA	5	3b67d4b5-adb0-45f9-b4f7-f48cc2443861
croco	901.0440952130382	NA	NA	130.71328631243054	NA	NA	6	3b67d4b5-adb0-45f9-b4f7-f48cc2443861
picoeuk	3267.9828358708937	NA	NA	NA	568.2479597453248	NA	1	3b67d4b5-adb0-45f9-b4f7-f48cc2443861
picoeuk	3542.0168630904063	NA	NA	NA	1719.4406004908894	NA	2	3b67d4b5-adb0-45f9-b4f7-f48cc2443861
picoeuk	798.5272819339192	NA	NA	NA	3549.154423778184	NA	3	3b67d4b5-adb0-45f9-b4f7-f48cc2443861
picoeuk	286.0298273073774	NA	NA	NA	1172.9394778495189	NA	4	3b67d4b5-adb0-45f9-b4f7-f48cc2443861
picoeuk	211.4806360042101	NA	NA	NA	316.95613862809654	NA	5	3b67d4b5-adb0-45f9-b4f7-f48cc2443861
picoeuk	187.4193042796324	NA	NA	NA	85.64908566145282	NA	6	3b67d4b5-adb0-45f9-b4f7-f48cc2443861
picoeuk	187.4193042796324	NA	NA	NA	26.11575472832086	NA	7	3b67d4b5-adb0-45f9-b4f7-f48cc2443861
picoeuk	303.83616592310665	NA	NA	NA	4.266367720146059	NA	8	3b67d4b5-adb0-45f9-b4f7-f48cc2443861
picoeuk	751.7295377193227	NA	NA	NA	4.016336957503532	NA	9	3b67d4b5-adb0-45f9-b4f7-f48cc2443861
picoeuk	2141.325872418568	NA	NA	NA	11.910684460322967	NA	10	3b67d4b5-adb0-45f9-b4f7-f48cc2443861
picoeuk	2955.059262061374	NA	NA	NA	59.61476986728139	NA	11	3b67d4b5-adb0-45f9-b4f7-f48cc2443861
picoeuk	3762.519571638459	NA	NA	NA	784.1900283473818	NA	12	3b67d4b5-adb0-45f9-b4f7-f48cc2443861
prochloro	1.3516034518834	NA	NA	NA	1.9069956771686156	NA	1	3b67d4b5-adb0-45f9-b4f7-f48cc2443861
prochloro	3.5522177796243533	NA	NA	NA	1.7594577840687031	NA	2	3b67d4b5-adb0-45f9-b4f7-f48cc2443861
prochloro	15.756525245232924	NA	NA	NA	1.9069956771686156	NA	3	3b67d4b5-adb0-45f9-b4f7-f48cc2443861
prochloro	26.063234391918584	NA	NA	NA	2.68519514607164	NA	4	3b67d4b5-adb0-45f9-b4f7-f48cc2443861
prochloro	23.56756631146464	NA	NA	NA	5.011872336272726	NA	5	3b67d4b5-adb0-45f9-b4f7-f48cc2443861
prochloro	15.134741958963902	NA	NA	NA	8.806351241850338	NA	6	3b67d4b5-adb0-45f9-b4f7-f48cc2443861
prochloro	8.441824186391726	NA	NA	NA	10.55553944429937	NA	7	3b67d4b5-adb0-45f9-b4f7-f48cc2443861
prochloro	2.9045070812561704	NA	NA	NA	7.64886511739389	NA	8	3b67d4b5-adb0-45f9-b4f7-f48cc2443861
prochloro	1.3790880862008152	NA	NA	NA	4.266367720146059	NA	9	3b67d4b5-adb0-45f9-b4f7-f48cc2443861
prochloro	1.1978239871043954	NA	NA	NA	2.3796855146670444	NA	10	3b67d4b5-adb0-45f9-b4f7-f48cc2443861
synecho	8.613487295428321	NA	NA	2.477450556423842	NA	NA	1	3b67d4b5-adb0-45f9-b4f7-f48cc2443861
synecho	18.50981869646768	NA	NA	1.8317419000447872	NA	NA	2	3b67d4b5-adb0-45f9-b4f7-f48cc2443861
synecho	69.89100984397321	NA	NA	2.285778472564337	NA	NA	3	3b67d4b5-adb0-45f9-b4f7-f48cc2443861
synecho	120.35790080798078	NA	NA	8.125033227511961	NA	NA	4	3b67d4b5-adb0-45f9-b4f7-f48cc2443861
synecho	35.250803917781695	NA	NA	33.92796945359111	NA	NA	5	3b67d4b5-adb0-45f9-b4f7-f48cc2443861
synecho	14.24776940464594	NA	NA	26.11575472832086	NA	NA	6	3b67d4b5-adb0-45f9-b4f7-f48cc2443861
synecho	8.78864114560728	NA	NA	9.544800620906114	NA	NA	7	3b67d4b5-adb0-45f9-b4f7-f48cc2443861
beads	621.7661012911275	NA	NA	2441.354284069867	NA	NA	1	3d5f0e0c-0999-407d-ae90-fa37e2f33aee
beads	338.7804775638063	NA	NA	1178.095264284104	NA	NA	2	3d5f0e0c-0999-407d-ae90-fa37e2f33aee
beads	208.42578416061733	NA	NA	481.0720548484378	NA	NA	3	3d5f0e0c-0999-407d-ae90-fa37e2f33aee
beads	235.338606231639	NA	NA	171.35840051971584	NA	NA	4	3d5f0e0c-0999-407d-ae90-fa37e2f33aee
beads	376.7622590243595	NA	NA	151.76221858676612	NA	NA	5	3d5f0e0c-0999-407d-ae90-fa37e2f33aee
beads	640.9327652989867	NA	NA	400.956751146509	NA	NA	6	3d5f0e0c-0999-407d-ae90-fa37e2f33aee
beads	1432.9348811006953	NA	NA	1214.411422487155	NA	NA	7	3d5f0e0c-0999-407d-ae90-fa37e2f33aee
beads	631.276695807545	NA	NA	2798.7574164551675	NA	NA	8	3d5f0e0c-0999-407d-ae90-fa37e2f33aee
croco	1057.7234240543362	NA	NA	130.38766278896736	NA	NA	1	3d5f0e0c-0999-407d-ae90-fa37e2f33aee
croco	612.3987900744996	NA	NA	120.85730830089088	NA	NA	2	3d5f0e0c-0999-407d-ae90-fa37e2f33aee
croco	868.2940123580582	NA	NA	81.444598272707	NA	NA	3	3d5f0e0c-0999-407d-ae90-fa37e2f33aee
croco	1328.19815154276	NA	NA	132.38208510976324	NA	NA	4	3d5f0e0c-0999-407d-ae90-fa37e2f33aee
picoeuk	3562.783658446263	NA	NA	NA	2065.9077510601824	NA	1	3d5f0e0c-0999-407d-ae90-fa37e2f33aee
picoeuk	3060.99264081293	NA	NA	NA	3514.4389758370203	NA	2	3d5f0e0c-0999-407d-ae90-fa37e2f33aee
picoeuk	757.4123053463702	NA	NA	NA	2594.189363508923	NA	3	3d5f0e0c-0999-407d-ae90-fa37e2f33aee
picoeuk	304.6276776117854	NA	NA	NA	924.0531340283324	NA	4	3d5f0e0c-0999-407d-ae90-fa37e2f33aee
picoeuk	161.01830907697695	NA	NA	NA	235.6961283802628	NA	5	3d5f0e0c-0999-407d-ae90-fa37e2f33aee
picoeuk	161.01830907697695	NA	NA	NA	31.777070330000114	NA	6	3d5f0e0c-0999-407d-ae90-fa37e2f33aee
picoeuk	242.593192778498	NA	NA	NA	4.349786872334471	NA	7	3d5f0e0c-0999-407d-ae90-fa37e2f33aee
picoeuk	273.91785569955715	NA	NA	NA	2.406312516931944	NA	8	3d5f0e0c-0999-407d-ae90-fa37e2f33aee
picoeuk	995.4082955545284	NA	NA	NA	2.2991848032965234	NA	9	3d5f0e0c-0999-407d-ae90-fa37e2f33aee
picoeuk	3203.6158621368454	NA	NA	NA	2.8007812884394854	NA	10	3d5f0e0c-0999-407d-ae90-fa37e2f33aee
picoeuk	3509.10800250928	NA	NA	NA	239.30135919207325	NA	11	3d5f0e0c-0999-407d-ae90-fa37e2f33aee
prochloro	10.162506518504744	NA	NA	NA	4.349786872334471	NA	1	3d5f0e0c-0999-407d-ae90-fa37e2f33aee
prochloro	4.409622614883042	NA	NA	NA	6.653712683967229	NA	2	3d5f0e0c-0999-407d-ae90-fa37e2f33aee
prochloro	1.3091339744820698	NA	NA	NA	3.5169803802981465	NA	3	3d5f0e0c-0999-407d-ae90-fa37e2f33aee
prochloro	1.1419567191611977	NA	NA	NA	2.005577416747228	NA	4	3d5f0e0c-0999-407d-ae90-fa37e2f33aee
prochloro	1.5237413735705116	NA	NA	NA	1.5971609431799698	NA	5	3d5f0e0c-0999-407d-ae90-fa37e2f33aee
prochloro	2.7129044092757386	NA	NA	NA	1.573098673482824	NA	6	3d5f0e0c-0999-407d-ae90-fa37e2f33aee
prochloro	6.252215019555869	NA	NA	NA	1.6215912716853371	NA	7	3d5f0e0c-0999-407d-ae90-fa37e2f33aee
prochloro	16.269531695505023	NA	NA	NA	1.8309780207506927	NA	8	3d5f0e0c-0999-407d-ae90-fa37e2f33aee
prochloro	14.40898268184682	NA	NA	NA	2.887118632665144	NA	9	3d5f0e0c-0999-407d-ae90-fa37e2f33aee
synecho	3.846510954711937	NA	NA	2.887118632665144	NA	NA	1	3d5f0e0c-0999-407d-ae90-fa37e2f33aee
synecho	7.7327138267319695	NA	NA	1.945601970694612	NA	NA	2	3d5f0e0c-0999-407d-ae90-fa37e2f33aee
synecho	15.545221066609372	NA	NA	1.6715787106884108	NA	NA	3	3d5f0e0c-0999-407d-ae90-fa37e2f33aee
synecho	44.987003409935866	NA	NA	1.803393144515785	NA	NA	4	3d5f0e0c-0999-407d-ae90-fa37e2f33aee
synecho	99.06228238096986	NA	NA	3.30977963259274	NA	NA	5	3d5f0e0c-0999-407d-ae90-fa37e2f33aee
synecho	108.50871727736693	NA	NA	13.788418015451816	NA	NA	6	3d5f0e0c-0999-407d-ae90-fa37e2f33aee
synecho	34.230888084333834	NA	NA	21.74182219351014	NA	NA	7	3d5f0e0c-0999-407d-ae90-fa37e2f33aee
synecho	9.5637886635542	NA	NA	23.45630082648621	NA	NA	8	3d5f0e0c-0999-407d-ae90-fa37e2f33aee
synecho	2.926833885913543	NA	NA	12.027628116196423	NA	NA	9	3d5f0e0c-0999-407d-ae90-fa37e2f33aee
beads	1826.573451698342	NA	NA	3801.573114764465	NA	NA	1	3f83b2d2-eac4-4a7b-9596-f9858784e225
beads	217.7691393583826	NA	NA	701.4533251050766	NA	NA	2	3f83b2d2-eac4-4a7b-9596-f9858784e225
beads	511.8020438497248	NA	NA	137.01704205245483	NA	NA	3	3f83b2d2-eac4-4a7b-9596-f9858784e225
beads	734.160612878484	NA	NA	453.23406219469456	NA	NA	4	3f83b2d2-eac4-4a7b-9596-f9858784e225
beads	1297.7614480999089	NA	NA	1312.6318697696	NA	NA	5	3f83b2d2-eac4-4a7b-9596-f9858784e225
beads	2338.005072104629	NA	NA	3591.0625417865845	NA	NA	6	3f83b2d2-eac4-4a7b-9596-f9858784e225
croco	1347.9955375232298	NA	NA	111.18849852337274	NA	NA	1	3f83b2d2-eac4-4a7b-9596-f9858784e225
croco	904.702526825486	NA	NA	119.96292247173643	NA	NA	2	3f83b2d2-eac4-4a7b-9596-f9858784e225
croco	680.4620505989252	NA	NA	85.23240926362095	NA	NA	3	3f83b2d2-eac4-4a7b-9596-f9858784e225
croco	1629.8828259698932	NA	NA	85.23240926362095	NA	NA	4	3f83b2d2-eac4-4a7b-9596-f9858784e225
croco	1373.8371228755982	NA	NA	115.49241199363767	NA	NA	5	3f83b2d2-eac4-4a7b-9596-f9858784e225
picoeuk	2250.8775167122158	NA	NA	NA	3659.904571745958	NA	1	3f83b2d2-eac4-4a7b-9596-f9858784e225
picoeuk	584.560635234705	NA	NA	NA	2503.421071953866	NA	2	3f83b2d2-eac4-4a7b-9596-f9858784e225
picoeuk	180.106093142426	NA	NA	NA	200.31360454416128	NA	3	3f83b2d2-eac4-4a7b-9596-f9858784e225
picoeuk	163.7926619315746	NA	NA	NA	12.286604749945973	NA	4	3f83b2d2-eac4-4a7b-9596-f9858784e225
picoeuk	253.4957473923492	NA	NA	NA	2.4928794805354606	NA	5	3f83b2d2-eac4-4a7b-9596-f9858784e225
picoeuk	2936.344209972606	NA	NA	NA	25.76658194610488	NA	6	3f83b2d2-eac4-4a7b-9596-f9858784e225
picoeuk	3353.7795662913118	NA	NA	NA	145.0490759406329	NA	7	3f83b2d2-eac4-4a7b-9596-f9858784e225
picoeuk	3618.442585711564	NA	NA	NA	968.7110590680004	NA	8	3f83b2d2-eac4-4a7b-9596-f9858784e225
picoeuk	2936.344209972606	NA	NA	NA	3523.515415832499	NA	9	3f83b2d2-eac4-4a7b-9596-f9858784e225
prochloro	1.110165954572743	NA	NA	NA	2.267082467157913	NA	1	3f83b2d2-eac4-4a7b-9596-f9858784e225
prochloro	1.267988909812821	NA	NA	NA	1.521544529982673	NA	2	3f83b2d2-eac4-4a7b-9596-f9858784e225
prochloro	3.1547250548230807	NA	NA	NA	1.610738523986092	NA	3	3f83b2d2-eac4-4a7b-9596-f9858784e225
prochloro	16.460101103689183	NA	NA	NA	1.73784971684427	NA	4	3f83b2d2-eac4-4a7b-9596-f9858784e225
prochloro	123.19484836866714	NA	NA	NA	4.406614612453641	NA	5	3f83b2d2-eac4-4a7b-9596-f9858784e225
prochloro	170.1327911120192	NA	NA	NA	40.64244635544499	NA	6	3f83b2d2-eac4-4a7b-9596-f9858784e225
prochloro	2.0000390953739653	NA	NA	NA	150.6636734941662	NA	7	3f83b2d2-eac4-4a7b-9596-f9858784e225
prochloro	1.1531385485871395	NA	NA	NA	4.406614612453641	NA	8	3f83b2d2-eac4-4a7b-9596-f9858784e225
synecho	5.071440538113719	NA	NA	2.022956577433262	NA	NA	1	3f83b2d2-eac4-4a7b-9596-f9858784e225
synecho	13.106024742289772	NA	NA	1.73784971684427	NA	NA	2	3f83b2d2-eac4-4a7b-9596-f9858784e225
synecho	82.68179493813427	NA	NA	2.267082467157913	NA	NA	3	3f83b2d2-eac4-4a7b-9596-f9858784e225
synecho	173.3943011989414	NA	NA	7.789487014638593	NA	NA	4	3f83b2d2-eac4-4a7b-9596-f9858784e225
synecho	103.84160955569928	NA	NA	43.8497390103264	NA	NA	5	3f83b2d2-eac4-4a7b-9596-f9858784e225
synecho	1.962418783525788	NA	NA	2.4459889454081307	NA	NA	6	3f83b2d2-eac4-4a7b-9596-f9858784e225
beads	176.43558354649193	NA	NA	216.21588302468928	NA	NA	1	4a32dee2-395e-4138-b8ed-00e07e7caa64
beads	195.1190847741535	NA	NA	120.6004354582876	NA	NA	2	4a32dee2-395e-4138-b8ed-00e07e7caa64
beads	394.7251099412583	NA	NA	199.4879815311931	NA	NA	3	4a32dee2-395e-4138-b8ed-00e07e7caa64
beads	782.6129755483884	NA	NA	524.2845109851125	NA	NA	4	4a32dee2-395e-4138-b8ed-00e07e7caa64
beads	1583.2228465624376	NA	NA	1245.9589867411569	NA	NA	5	4a32dee2-395e-4138-b8ed-00e07e7caa64
beads	919.3666789755222	NA	NA	2844.1666354790773	NA	NA	6	4a32dee2-395e-4138-b8ed-00e07e7caa64
beads	238.63101816884463	NA	NA	1377.8987904387511	NA	NA	7	4a32dee2-395e-4138-b8ed-00e07e7caa64
beads	172.91929800760803	NA	NA	395.52052524731	NA	NA	8	4a32dee2-395e-4138-b8ed-00e07e7caa64
beads	172.91929800760803	NA	NA	220.61259751241124	NA	NA	9	4a32dee2-395e-4138-b8ed-00e07e7caa64
croco	901.0440952130382	NA	NA	138.8506370900214	NA	NA	1	4a32dee2-395e-4138-b8ed-00e07e7caa64
croco	736.7478903129312	NA	NA	128.10822655542694	NA	NA	2	4a32dee2-395e-4138-b8ed-00e07e7caa64
croco	865.48713389859	NA	NA	98.61017553608916	NA	NA	3	4a32dee2-395e-4138-b8ed-00e07e7caa64
croco	1218.671798135629	NA	NA	92.83111967150052	NA	NA	4	4a32dee2-395e-4138-b8ed-00e07e7caa64
picoeuk	172.91929800760803	NA	NA	NA	229.6760639557466	NA	1	4a32dee2-395e-4138-b8ed-00e07e7caa64
picoeuk	172.91929800760803	NA	NA	NA	51.77914452836476	NA	2	4a32dee2-395e-4138-b8ed-00e07e7caa64
picoeuk	211.4806360042101	NA	NA	NA	17.815212520826524	NA	3	4a32dee2-395e-4138-b8ed-00e07e7caa64
picoeuk	427.8244611173312	NA	NA	NA	9.354576836563997	NA	4	4a32dee2-395e-4138-b8ed-00e07e7caa64
picoeuk	1786.4807246742478	NA	NA	NA	8.458835407618192	NA	5	4a32dee2-395e-4138-b8ed-00e07e7caa64
picoeuk	2838.446847173765	NA	NA	NA	24.58523919378936	NA	6	4a32dee2-395e-4138-b8ed-00e07e7caa64
picoeuk	3687.5341696374257	NA	NA	NA	109.05241909407846	NA	7	4a32dee2-395e-4138-b8ed-00e07e7caa64
picoeuk	3687.5341696374257	NA	NA	NA	628.4221107873698	NA	8	4a32dee2-395e-4138-b8ed-00e07e7caa64
picoeuk	3762.519571638459	NA	NA	NA	3021.225771820389	NA	9	4a32dee2-395e-4138-b8ed-00e07e7caa64
picoeuk	1460.734177140661	NA	NA	NA	3549.154423778184	NA	10	4a32dee2-395e-4138-b8ed-00e07e7caa64
picoeuk	224.6460315533741	NA	NA	NA	1586.4132179204555	NA	11	4a32dee2-395e-4138-b8ed-00e07e7caa64
picoeuk	166.095564493962	NA	NA	NA	343.5342363362067	NA	12	4a32dee2-395e-4138-b8ed-00e07e7caa64
prochloro	26.59322598478763	NA	NA	NA	7.34702594823059	NA	1	4a32dee2-395e-4138-b8ed-00e07e7caa64
prochloro	20.06194440068495	NA	NA	NA	11.673309625359424	NA	2	4a32dee2-395e-4138-b8ed-00e07e7caa64
prochloro	8.78864114560728	NA	NA	NA	11.440665569089717	NA	3	4a32dee2-395e-4138-b8ed-00e07e7caa64
prochloro	2.104694223755844	NA	NA	NA	8.630844437045896	NA	4	4a32dee2-395e-4138-b8ed-00e07e7caa64
prochloro	1.1276254330526665	NA	NA	NA	4.441643661332049	NA	5	4a32dee2-395e-4138-b8ed-00e07e7caa64
prochloro	1.2221815412496728	NA	NA	NA	2.5278291067951844	NA	6	4a32dee2-395e-4138-b8ed-00e07e7caa64
prochloro	1.620069783454235	NA	NA	NA	1.868990070886957	NA	7	4a32dee2-395e-4138-b8ed-00e07e7caa64
prochloro	3.344039821517772	NA	NA	NA	1.7594577840687031	NA	8	4a32dee2-395e-4138-b8ed-00e07e7caa64
prochloro	7.633482794606733	NA	NA	NA	1.7594577840687031	NA	9	4a32dee2-395e-4138-b8ed-00e07e7caa64
prochloro	19.27026085851704	NA	NA	NA	1.98534111855544	NA	10	4a32dee2-395e-4138-b8ed-00e07e7caa64
prochloro	24.535796815178426	NA	NA	NA	4.441643661332049	NA	11	4a32dee2-395e-4138-b8ed-00e07e7caa64
synecho	7.332250641969237	NA	NA	2.025712704291471	NA	NA	1	4a32dee2-395e-4138-b8ed-00e07e7caa64
synecho	20.06194440068495	NA	NA	1.438638594264134	NA	NA	2	4a32dee2-395e-4138-b8ed-00e07e7caa64
synecho	71.31223205597622	NA	NA	1.9069956771686156	NA	NA	3	4a32dee2-395e-4138-b8ed-00e07e7caa64
synecho	125.30258577821284	NA	NA	7.64886511739389	NA	NA	4	4a32dee2-395e-4138-b8ed-00e07e7caa64
synecho	115.60834277230504	NA	NA	33.25179956792898	NA	NA	5	4a32dee2-395e-4138-b8ed-00e07e7caa64
synecho	42.2526016710669	NA	NA	49.735838269912506	NA	NA	6	4a32dee2-395e-4138-b8ed-00e07e7caa64
synecho	6.902543607753492	NA	NA	18.177481942926377	NA	NA	7	4a32dee2-395e-4138-b8ed-00e07e7caa64
synecho	7.042905698908828	NA	NA	4.266367720146059	NA	NA	8	4a32dee2-395e-4138-b8ed-00e07e7caa64
beads	199.08679933266103	NA	NA	357.6477142530557	NA	NA	1	4ae60b62-4b00-4d5f-a7b0-56772b31f97c
beads	199.08679933266103	NA	NA	229.6760639557466	NA	NA	2	4ae60b62-4b00-4d5f-a7b0-56772b31f97c
beads	269.26703034487696	NA	NA	176.79112100826123	NA	NA	3	4ae60b62-4b00-4d5f-a7b0-56772b31f97c
beads	427.8244611173312	NA	NA	304.4484298273289	NA	NA	4	4ae60b62-4b00-4d5f-a7b0-56772b31f97c
beads	798.5272819339192	NA	NA	738.2325198282507	NA	NA	5	4ae60b62-4b00-4d5f-a7b0-56772b31f97c
beads	1936.284604351615	NA	NA	2102.8791809418262	NA	NA	6	4ae60b62-4b00-4d5f-a7b0-56772b31f97c
beads	1936.284604351615	NA	NA	3770.101469980441	NA	NA	7	4ae60b62-4b00-4d5f-a7b0-56772b31f97c
beads	342.8433685498541	NA	NA	2189.2721390310985	NA	NA	8	4ae60b62-4b00-4d5f-a7b0-56772b31f97c
beads	187.4193042796324	NA	NA	628.4221107873698	NA	NA	9	4ae60b62-4b00-4d5f-a7b0-56772b31f97c
croco	1016.7222584456016	NA	NA	144.55506242244334	NA	NA	1	4ae60b62-4b00-4d5f-a7b0-56772b31f97c
croco	883.0866726897082	NA	NA	166.43026565925024	NA	NA	2	4ae60b62-4b00-4d5f-a7b0-56772b31f97c
croco	627.1583165373266	NA	NA	150.4938436718069	NA	NA	3	4ae60b62-4b00-4d5f-a7b0-56772b31f97c
croco	848.2383463703318	NA	NA	100.61539726795812	NA	NA	4	4ae60b62-4b00-4d5f-a7b0-56772b31f97c
croco	1347.7220474045569	NA	NA	106.87905113432237	NA	NA	5	4ae60b62-4b00-4d5f-a7b0-56772b31f97c
croco	1243.4532890958908	NA	NA	163.11338181639408	NA	NA	6	4ae60b62-4b00-4d5f-a7b0-56772b31f97c
picoeuk	130.45041411743594	NA	NA	NA	118.19692048324087	NA	1	4ae60b62-4b00-4d5f-a7b0-56772b31f97c
picoeuk	133.10310187402396	NA	NA	NA	24.09526591680384	NA	2	4ae60b62-4b00-4d5f-a7b0-56772b31f97c
picoeuk	782.6129755483884	NA	NA	NA	3.0299268235431214	NA	3	4ae60b62-4b00-4d5f-a7b0-56772b31f97c
picoeuk	2955.059262061374	NA	NA	NA	3.780959264255936	NA	4	4ae60b62-4b00-4d5f-a7b0-56772b31f97c
picoeuk	3334.4367303725244	NA	NA	NA	48.74462433586679	NA	5	4ae60b62-4b00-4d5f-a7b0-56772b31f97c
picoeuk	4078.022572263477	NA	NA	NA	556.9230215260095	NA	6	4ae60b62-4b00-4d5f-a7b0-56772b31f97c
picoeuk	3762.519571638459	NA	NA	NA	2624.122952083491	NA	7	4ae60b62-4b00-4d5f-a7b0-56772b31f97c
picoeuk	767.0158344663654	NA	NA	NA	3770.101469980441	NA	8	4ae60b62-4b00-4d5f-a7b0-56772b31f97c
picoeuk	122.8053589631888	NA	NA	NA	513.8357454516448	NA	9	4ae60b62-4b00-4d5f-a7b0-56772b31f97c
prochloro	10.967094618096093	NA	NA	NA	10.345172068529449	NA	1	4ae60b62-4b00-4d5f-a7b0-56772b31f97c
prochloro	4.25778780085179	NA	NA	NA	10.989194542074692	NA	2	4ae60b62-4b00-4d5f-a7b0-56772b31f97c
prochloro	1.105152341605803	NA	NA	NA	3.0299268235431214	NA	3	4ae60b62-4b00-4d5f-a7b0-56772b31f97c
prochloro	1.3790880862008152	NA	NA	NA	1.9069956771686156	NA	4	4ae60b62-4b00-4d5f-a7b0-56772b31f97c
prochloro	2.4724682559696918	NA	NA	NA	1.7594577840687031	NA	5	4ae60b62-4b00-4d5f-a7b0-56772b31f97c
prochloro	5.313171957084188	NA	NA	NA	1.868990070886957	NA	6	4ae60b62-4b00-4d5f-a7b0-56772b31f97c
prochloro	12.626721196839105	NA	NA	NA	1.8317419000447872	NA	7	4ae60b62-4b00-4d5f-a7b0-56772b31f97c
prochloro	18.88621282112399	NA	NA	NA	3.091539888112889	NA	8	4ae60b62-4b00-4d5f-a7b0-56772b31f97c
prochloro	18.50981869646768	NA	NA	NA	6.9164530062133815	NA	9	4ae60b62-4b00-4d5f-a7b0-56772b31f97c
prochloro	8.78864114560728	NA	NA	NA	11.910684460322967	NA	10	4ae60b62-4b00-4d5f-a7b0-56772b31f97c
synecho	10.967094618096093	NA	NA	2.025712704291471	NA	NA	1	4ae60b62-4b00-4d5f-a7b0-56772b31f97c
synecho	22.186387527775047	NA	NA	1.7594577840687031	NA	NA	2	4ae60b62-4b00-4d5f-a7b0-56772b31f97c
synecho	102.45493668212396	NA	NA	1.795236069278522	NA	NA	3	4ae60b62-4b00-4d5f-a7b0-56772b31f97c
synecho	162.78535110183762	NA	NA	5.655308311599829	NA	NA	4	4ae60b62-4b00-4d5f-a7b0-56772b31f97c
synecho	135.80973160068223	NA	NA	21.78803937943813	NA	NA	5	4ae60b62-4b00-4d5f-a7b0-56772b31f97c
synecho	5.758703644927814	NA	NA	23.615057597168036	NA	NA	6	4ae60b62-4b00-4d5f-a7b0-56772b31f97c
synecho	3.481423602177893	NA	NA	2.428076028963184	NA	NA	7	4ae60b62-4b00-4d5f-a7b0-56772b31f97c
beads	263.90065386985907	NA	NA	403.5633702003225	NA	NA	1	4efc6d2b-97c6-40cc-aaeb-e4dacdf5da04
beads	238.63101816884463	NA	NA	229.6760639557466	NA	NA	2	4efc6d2b-97c6-40cc-aaeb-e4dacdf5da04
beads	280.3293754754179	NA	NA	130.71328631243054	NA	NA	3	4efc6d2b-97c6-40cc-aaeb-e4dacdf5da04
beads	463.6993313082437	NA	NA	220.61259751241124	NA	NA	4	4efc6d2b-97c6-40cc-aaeb-e4dacdf5da04
beads	831.3333197826358	NA	NA	372.3410186845304	NA	NA	5	4efc6d2b-97c6-40cc-aaeb-e4dacdf5da04
beads	1268.7387076067464	NA	NA	833.0085495319779	NA	NA	6	4efc6d2b-97c6-40cc-aaeb-e4dacdf5da04
beads	1431.622371234001	NA	NA	2372.851763242402	NA	NA	7	4efc6d2b-97c6-40cc-aaeb-e4dacdf5da04
beads	1016.7222584456016	NA	NA	3549.154423778184	NA	NA	8	4efc6d2b-97c6-40cc-aaeb-e4dacdf5da04
beads	211.4806360042101	NA	NA	364.9204218116281	NA	NA	9	4efc6d2b-97c6-40cc-aaeb-e4dacdf5da04
croco	1037.397138667915	NA	NA	133.3713195319512	NA	NA	1	4efc6d2b-97c6-40cc-aaeb-e4dacdf5da04
croco	831.3333197826358	NA	NA	136.08340342065316	NA	NA	2	4efc6d2b-97c6-40cc-aaeb-e4dacdf5da04
croco	782.6129755483884	NA	NA	98.61017553608916	NA	NA	3	4efc6d2b-97c6-40cc-aaeb-e4dacdf5da04
croco	1101.9786716639776	NA	NA	136.08340342065316	NA	NA	4	4efc6d2b-97c6-40cc-aaeb-e4dacdf5da04
picoeuk	3471.42598553715	NA	NA	NA	1172.9394778495189	NA	1	4efc6d2b-97c6-40cc-aaeb-e4dacdf5da04
picoeuk	3471.42598553715	NA	NA	NA	2520.5699308858707	NA	2	4efc6d2b-97c6-40cc-aaeb-e4dacdf5da04
picoeuk	2056.824967732867	NA	NA	NA	3924.989216856344	NA	3	4efc6d2b-97c6-40cc-aaeb-e4dacdf5da04
picoeuk	523.2301436434868	NA	NA	NA	3621.3258963633234	NA	4	4efc6d2b-97c6-40cc-aaeb-e4dacdf5da04
picoeuk	166.095564493962	NA	NA	NA	1172.9394778495189	NA	5	4efc6d2b-97c6-40cc-aaeb-e4dacdf5da04
picoeuk	199.08679933266103	NA	NA	NA	27.74155010873784	NA	6	4efc6d2b-97c6-40cc-aaeb-e4dacdf5da04
picoeuk	243.48354075009743	NA	NA	NA	6.254172541018367	NA	7	4efc6d2b-97c6-40cc-aaeb-e4dacdf5da04
picoeuk	253.48661820794248	NA	NA	NA	3.283998858598556	NA	8	4efc6d2b-97c6-40cc-aaeb-e4dacdf5da04
picoeuk	707.674378402103	NA	NA	NA	2.795511494161684	NA	9	4efc6d2b-97c6-40cc-aaeb-e4dacdf5da04
picoeuk	2672.0994818100376	NA	NA	NA	3.4189159657378503	NA	10	4efc6d2b-97c6-40cc-aaeb-e4dacdf5da04
picoeuk	3334.4367303725244	NA	NA	NA	20.102371465605746	NA	11	4efc6d2b-97c6-40cc-aaeb-e4dacdf5da04
picoeuk	3471.42598553715	NA	NA	NA	80.62961532689967	NA	12	4efc6d2b-97c6-40cc-aaeb-e4dacdf5da04
prochloro	1.8280581581122537	NA	NA	NA	1.6900261406065231	NA	1	4efc6d2b-97c6-40cc-aaeb-e4dacdf5da04
prochloro	4.25778780085179	NA	NA	NA	1.7594577840687031	NA	2	4efc6d2b-97c6-40cc-aaeb-e4dacdf5da04
prochloro	9.916947596351646	NA	NA	NA	1.7594577840687031	NA	3	4efc6d2b-97c6-40cc-aaeb-e4dacdf5da04
prochloro	24.046808903601743	NA	NA	NA	2.151820273877335	NA	4	4efc6d2b-97c6-40cc-aaeb-e4dacdf5da04
prochloro	28.24874558995405	NA	NA	NA	4.266367720146059	NA	5	4efc6d2b-97c6-40cc-aaeb-e4dacdf5da04
prochloro	15.134741958963902	NA	NA	NA	7.96310479863965	NA	6	4efc6d2b-97c6-40cc-aaeb-e4dacdf5da04
prochloro	5.64393515014715	NA	NA	NA	9.16814413069136	NA	7	4efc6d2b-97c6-40cc-aaeb-e4dacdf5da04
prochloro	1.7209246887515646	NA	NA	NA	5.011872336272726	NA	8	4efc6d2b-97c6-40cc-aaeb-e4dacdf5da04
prochloro	1.3246665745447588	NA	NA	NA	1.8317419000447872	NA	9	4efc6d2b-97c6-40cc-aaeb-e4dacdf5da04
synecho	10.53431162652082	NA	NA	2.025712704291471	NA	NA	1	4efc6d2b-97c6-40cc-aaeb-e4dacdf5da04
synecho	22.186387527775047	NA	NA	1.9457741212150823	NA	NA	2	4efc6d2b-97c6-40cc-aaeb-e4dacdf5da04
synecho	67.13297397597027	NA	NA	2.0669052395961214	NA	NA	3	4efc6d2b-97c6-40cc-aaeb-e4dacdf5da04
synecho	122.8053589631888	NA	NA	4.098008510220186	NA	NA	4	4efc6d2b-97c6-40cc-aaeb-e4dacdf5da04
synecho	135.80973160068223	NA	NA	12.652165454253351	NA	NA	5	4efc6d2b-97c6-40cc-aaeb-e4dacdf5da04
synecho	61.939119759870735	NA	NA	19.701739820554614	NA	NA	6	4efc6d2b-97c6-40cc-aaeb-e4dacdf5da04
synecho	19.662118449705872	NA	NA	16.436908966225705	NA	NA	7	4efc6d2b-97c6-40cc-aaeb-e4dacdf5da04
synecho	10.967094618096093	NA	NA	7.057097942703058	NA	NA	8	4efc6d2b-97c6-40cc-aaeb-e4dacdf5da04
synecho	8.967356720576715	NA	NA	2.9695416809355693	NA	NA	9	4efc6d2b-97c6-40cc-aaeb-e4dacdf5da04
beads	693.5707314336429	NA	NA	2279.2143943291967	NA	NA	1	60a89802-43a9-4aa0-b413-b2118933fc31
beads	364.18654513400605	NA	NA	1221.127558301065	NA	NA	2	60a89802-43a9-4aa0-b413-b2118933fc31
beads	243.48354075009743	NA	NA	591.5933913875768	NA	NA	3	60a89802-43a9-4aa0-b413-b2118933fc31
beads	258.6412269773237	NA	NA	141.67414200179255	NA	NA	4	60a89802-43a9-4aa0-b413-b2118933fc31
beads	402.7517802545965	NA	NA	123.05282551579548	NA	NA	5	60a89802-43a9-4aa0-b413-b2118933fc31
beads	736.7478903129312	NA	NA	437.4038464599858	NA	NA	6	60a89802-43a9-4aa0-b413-b2118933fc31
beads	1648.2666713663875	NA	NA	1377.8987904387511	NA	NA	7	60a89802-43a9-4aa0-b413-b2118933fc31
beads	2566.6532129672146	NA	NA	3082.661901931723	NA	NA	8	60a89802-43a9-4aa0-b413-b2118933fc31
beads	1268.7387076067464	NA	NA	3770.101469980441	NA	NA	9	60a89802-43a9-4aa0-b413-b2118933fc31
beads	523.2301436434868	NA	NA	2571.825306658505	NA	NA	10	60a89802-43a9-4aa0-b413-b2118933fc31
croco	938.061849471018	NA	NA	113.53263895535878	NA	NA	1	60a89802-43a9-4aa0-b413-b2118933fc31
croco	751.7295377193227	NA	NA	136.08340342065316	NA	NA	2	60a89802-43a9-4aa0-b413-b2118933fc31
croco	614.6593201631061	NA	NA	113.53263895535878	NA	NA	3	60a89802-43a9-4aa0-b413-b2118933fc31
croco	666.2010746128091	NA	NA	89.16782222748813	NA	NA	4	60a89802-43a9-4aa0-b413-b2118933fc31
croco	848.2383463703318	NA	NA	87.39074575838868	NA	NA	5	60a89802-43a9-4aa0-b413-b2118933fc31
croco	976.6004106879284	NA	NA	115.84130653121554	NA	NA	6	60a89802-43a9-4aa0-b413-b2118933fc31
picoeuk	3614.043194550648	NA	NA	NA	187.79697516886404	NA	1	60a89802-43a9-4aa0-b413-b2118933fc31
picoeuk	3542.0168630904063	NA	NA	NA	694.9683541379444	NA	2	60a89802-43a9-4aa0-b413-b2118933fc31
picoeuk	3917.095830041028	NA	NA	NA	2325.561844886413	NA	3	60a89802-43a9-4aa0-b413-b2118933fc31
picoeuk	2184.8693825182454	NA	NA	NA	3924.989216856344	NA	4	60a89802-43a9-4aa0-b413-b2118933fc31
picoeuk	590.4036618832117	NA	NA	NA	2731.930260403936	NA	5	60a89802-43a9-4aa0-b413-b2118933fc31
picoeuk	207.2659175943056	NA	NA	NA	641.2009712496614	NA	6	60a89802-43a9-4aa0-b413-b2118933fc31
picoeuk	191.23044506576483	NA	NA	NA	199.4879815311931	NA	7	60a89802-43a9-4aa0-b413-b2118933fc31
picoeuk	172.91929800760803	NA	NA	NA	64.6137176246499	NA	8	60a89802-43a9-4aa0-b413-b2118933fc31
picoeuk	211.4806360042101	NA	NA	NA	14.56679013815877	NA	9	60a89802-43a9-4aa0-b413-b2118933fc31
picoeuk	297.78084139644204	NA	NA	NA	4.098008510220186	NA	10	60a89802-43a9-4aa0-b413-b2118933fc31
picoeuk	707.674378402103	NA	NA	NA	3.780959264255936	NA	11	60a89802-43a9-4aa0-b413-b2118933fc31
picoeuk	2141.325872418568	NA	NA	NA	6.643516250640975	NA	12	60a89802-43a9-4aa0-b413-b2118933fc31
picoeuk	2672.0994818100376	NA	NA	NA	21.78803937943813	NA	13	60a89802-43a9-4aa0-b413-b2118933fc31
picoeuk	3687.5341696374257	NA	NA	NA	89.16782222748813	NA	14	60a89802-43a9-4aa0-b413-b2118933fc31
prochloro	1.2221815412496728	NA	NA	NA	3.283998858598556	NA	1	60a89802-43a9-4aa0-b413-b2118933fc31
prochloro	1.3246665745447588	NA	NA	NA	2.108935418344105	NA	2	60a89802-43a9-4aa0-b413-b2118933fc31
prochloro	2.2811816360735278	NA	NA	NA	1.9069956771686156	NA	3	60a89802-43a9-4aa0-b413-b2118933fc31
prochloro	5.875805938209662	NA	NA	NA	1.7594577840687031	NA	4	60a89802-43a9-4aa0-b413-b2118933fc31
prochloro	18.50981869646768	NA	NA	NA	1.868990070886957	NA	5	60a89802-43a9-4aa0-b413-b2118933fc31
prochloro	26.59322598478763	NA	NA	NA	2.7397981485705167	NA	6	60a89802-43a9-4aa0-b413-b2118933fc31
prochloro	25.03472821566566	NA	NA	NA	4.531963756053523	NA	7	60a89802-43a9-4aa0-b413-b2118933fc31
prochloro	20.46990074674254	NA	NA	NA	6.9164530062133815	NA	8	60a89802-43a9-4aa0-b413-b2118933fc31
prochloro	9.916947596351646	NA	NA	NA	7.496426514814157	NA	9	60a89802-43a9-4aa0-b413-b2118933fc31
prochloro	4.08976717131288	NA	NA	NA	7.200602870888248	NA	10	60a89802-43a9-4aa0-b413-b2118933fc31
prochloro	1.7209246887515646	NA	NA	NA	4.266367720146059	NA	11	60a89802-43a9-4aa0-b413-b2118933fc31
synecho	7.947090521159185	NA	NA	2.240223887561632	NA	NA	1	60a89802-43a9-4aa0-b413-b2118933fc31
synecho	16.73742302979296	NA	NA	2.0669052395961214	NA	NA	2	60a89802-43a9-4aa0-b413-b2118933fc31
synecho	39.77638515331065	NA	NA	1.868990070886957	NA	NA	3	60a89802-43a9-4aa0-b413-b2118933fc31
synecho	147.19794554037313	NA	NA	6.1295295635553	NA	NA	4	60a89802-43a9-4aa0-b413-b2118933fc31
synecho	141.3892268739378	NA	NA	14.276480255757583	NA	NA	5	60a89802-43a9-4aa0-b413-b2118933fc31
synecho	56.00817957832313	NA	NA	22.23109558353621	NA	NA	6	60a89802-43a9-4aa0-b413-b2118933fc31
synecho	18.14092594534866	NA	NA	19.30909259243117	NA	NA	7	60a89802-43a9-4aa0-b413-b2118933fc31
synecho	7.481350755125462	NA	NA	7.200602870888248	NA	NA	8	60a89802-43a9-4aa0-b413-b2118933fc31
synecho	5.758703644927814	NA	NA	2.5278291067951844	NA	NA	9	60a89802-43a9-4aa0-b413-b2118933fc31
beads	525.9046303799547	NA	NA	1779.6962599957644	NA	NA	1	61b4127e-bb1b-4eec-bf0b-f073cd70ba22
beads	269.3774643394094	NA	NA	1019.1179306010024	NA	NA	2	61b4127e-bb1b-4eec-bf0b-f073cd70ba22
beads	169.27522108973324	NA	NA	493.703907106489	NA	NA	3	61b4127e-bb1b-4eec-bf0b-f073cd70ba22
beads	166.15854282185194	NA	NA	202.3355769579812	NA	NA	4	61b4127e-bb1b-4eec-bf0b-f073cd70ba22
beads	207.6687997674473	NA	NA	94.44368932036063	NA	NA	5	61b4127e-bb1b-4eec-bf0b-f073cd70ba22
beads	413.0358055897966	NA	NA	187.84056798609345	NA	NA	6	61b4127e-bb1b-4eec-bf0b-f073cd70ba22
beads	762.6430051236382	NA	NA	522.009862909525	NA	NA	7	61b4127e-bb1b-4eec-bf0b-f073cd70ba22
beads	1695.750794475763	NA	NA	1321.9482383273123	NA	NA	8	61b4127e-bb1b-4eec-bf0b-f073cd70ba22
beads	1283.220552151818	NA	NA	3410.5224055877875	NA	NA	9	61b4127e-bb1b-4eec-bf0b-f073cd70ba22
croco	1073.9024640113366	NA	NA	117.24315164279476	NA	NA	1	61b4127e-bb1b-4eec-bf0b-f073cd70ba22
croco	780.7604215300059	NA	NA	130.38766278896736	NA	NA	2	61b4127e-bb1b-4eec-bf0b-f073cd70ba22
croco	895.0601862622703	NA	NA	94.79587762669648	NA	NA	3	61b4127e-bb1b-4eec-bf0b-f073cd70ba22
croco	1249.9481699272046	NA	NA	142.82124031439272	NA	NA	4	61b4127e-bb1b-4eec-bf0b-f073cd70ba22
picoeuk	3843.731428230973	NA	NA	NA	2097.5080761468307	NA	1	61b4127e-bb1b-4eec-bf0b-f073cd70ba22
picoeuk	3107.813880768051	NA	NA	NA	3409.3420379474887	NA	2	61b4127e-bb1b-4eec-bf0b-f073cd70ba22
picoeuk	286.6807243314905	NA	NA	NA	1270.9954425786486	NA	3	61b4127e-bb1b-4eec-bf0b-f073cd70ba22
picoeuk	156.2031646557797	NA	NA	NA	246.67810221285583	NA	4	61b4127e-bb1b-4eec-bf0b-f073cd70ba22
picoeuk	214.8507516319632	NA	NA	NA	12.39839375690264	NA	5	61b4127e-bb1b-4eec-bf0b-f073cd70ba22
picoeuk	304.6276776117854	NA	NA	NA	3.8523545044943273	NA	6	61b4127e-bb1b-4eec-bf0b-f073cd70ba22
picoeuk	1158.586388480067	NA	NA	NA	3.7371524296053034	NA	7	61b4127e-bb1b-4eec-bf0b-f073cd70ba22
picoeuk	2880.6561318434347	NA	NA	NA	8.355160419788445	NA	8	61b4127e-bb1b-4eec-bf0b-f073cd70ba22
picoeuk	3302.3710511256304	NA	NA	NA	35.88026055271551	NA	9	61b4127e-bb1b-4eec-bf0b-f073cd70ba22
picoeuk	3252.61868070138	NA	NA	NA	235.6961283802628	NA	10	61b4127e-bb1b-4eec-bf0b-f073cd70ba22
picoeuk	3617.2803424160697	NA	NA	NA	1748.1997036397338	NA	11	61b4127e-bb1b-4eec-bf0b-f073cd70ba22
prochloro	28.53024933963029	NA	NA	NA	5.804029270442354	NA	1	61b4127e-bb1b-4eec-bf0b-f073cd70ba22
prochloro	16.771058952982425	NA	NA	NA	10.491692225997424	NA	2	61b4127e-bb1b-4eec-bf0b-f073cd70ba22
prochloro	5.707916426572408	NA	NA	NA	10.652174166626398	NA	3	61b4127e-bb1b-4eec-bf0b-f073cd70ba22
prochloro	1.8006576180721758	NA	NA	NA	6.167376483258955	NA	4	61b4127e-bb1b-4eec-bf0b-f073cd70ba22
prochloro	1.1951648006598854	NA	NA	NA	3.5707764528883934	NA	5	61b4127e-bb1b-4eec-bf0b-f073cd70ba22
prochloro	1.1771588646339548	NA	NA	NA	2.887118632665144	NA	6	61b4127e-bb1b-4eec-bf0b-f073cd70ba22
prochloro	1.6690431305906563	NA	NA	NA	1.945601970694612	NA	7	61b4127e-bb1b-4eec-bf0b-f073cd70ba22
prochloro	4.025734444472775	NA	NA	NA	2.036254923195969	NA	8	61b4127e-bb1b-4eec-bf0b-f073cd70ba22
prochloro	20.74237674952461	NA	NA	NA	2.370059851848142	NA	9	61b4127e-bb1b-4eec-bf0b-f073cd70ba22
prochloro	27.67707138905689	NA	NA	NA	5.804029270442354	NA	10	61b4127e-bb1b-4eec-bf0b-f073cd70ba22
synecho	100.57754864852588	NA	NA	42.4009386522522	NA	NA	1	61b4127e-bb1b-4eec-bf0b-f073cd70ba22
synecho	27.26009828497845	NA	NA	48.60824268398372	NA	NA	2	61b4127e-bb1b-4eec-bf0b-f073cd70ba22
synecho	9.5637886635542	NA	NA	19.5500072775296	NA	NA	3	61b4127e-bb1b-4eec-bf0b-f073cd70ba22
synecho	8.216801670802633	NA	NA	4.552459890078171	NA	NA	4	61b4127e-bb1b-4eec-bf0b-f073cd70ba22
synecho	12.379586912658263	NA	NA	1.6715787106884108	NA	NA	5	61b4127e-bb1b-4eec-bf0b-f073cd70ba22
synecho	60.02728231156433	NA	NA	1.7231070707001983	NA	NA	6	61b4127e-bb1b-4eec-bf0b-f073cd70ba22
synecho	134.2031353347873	NA	NA	4.552459890078171	NA	NA	7	61b4127e-bb1b-4eec-bf0b-f073cd70ba22
synecho	122.51982349918708	NA	NA	20.77388819263968	NA	NA	8	61b4127e-bb1b-4eec-bf0b-f073cd70ba22
beads	172.97635452852114	NA	NA	218.95216253099937	NA	NA	1	62a56f93-aacf-4c5a-b36a-02696993da2c
beads	187.62216952397645	NA	NA	151.88359870796813	NA	NA	2	62a56f93-aacf-4c5a-b36a-02696993da2c
beads	293.37285493000616	NA	NA	129.09697081478285	NA	NA	3	62a56f93-aacf-4c5a-b36a-02696993da2c
beads	359.47066959855243	NA	NA	158.18291897867155	NA	NA	4	62a56f93-aacf-4c5a-b36a-02696993da2c
beads	414.41353765409184	NA	NA	252.41764607058957	NA	NA	5	62a56f93-aacf-4c5a-b36a-02696993da2c
beads	414.41353765409184	NA	NA	411.0590296790419	NA	NA	6	62a56f93-aacf-4c5a-b36a-02696993da2c
beads	352.2403526838116	NA	NA	655.940308457923	NA	NA	7	62a56f93-aacf-4c5a-b36a-02696993da2c
beads	234.61298242299088	NA	NA	617.1507479793344	NA	NA	8	62a56f93-aacf-4c5a-b36a-02696993da2c
beads	211.9484640183191	NA	NA	309.28812508278384	NA	NA	9	62a56f93-aacf-4c5a-b36a-02696993da2c
beads	169.497144768808	NA	NA	223.44651847916103	NA	NA	10	62a56f93-aacf-4c5a-b36a-02696993da2c
croco	762.3677819345276	NA	NA	140.027541968167	NA	NA	1	62a56f93-aacf-4c5a-b36a-02696993da2c
croco	550.7758392869262	NA	NA	107.52188555961884	NA	NA	2	62a56f93-aacf-4c5a-b36a-02696993da2c
croco	622.1870978863567	NA	NA	79.27414588935004	NA	NA	3	62a56f93-aacf-4c5a-b36a-02696993da2c
croco	934.1316091352452	NA	NA	129.09697081478285	NA	NA	4	62a56f93-aacf-4c5a-b36a-02696993da2c
picoeuk	2632.995329321463	NA	NA	NA	46.74104142175486	NA	1	62a56f93-aacf-4c5a-b36a-02696993da2c
picoeuk	3035.432376915135	NA	NA	NA	411.0590296790419	NA	2	62a56f93-aacf-4c5a-b36a-02696993da2c
picoeuk	2914.5523171355508	NA	NA	NA	1811.6820738576675	NA	3	62a56f93-aacf-4c5a-b36a-02696993da2c
picoeuk	915.3426837921352	NA	NA	NA	3471.0533933256097	NA	4	62a56f93-aacf-4c5a-b36a-02696993da2c
picoeuk	153.12306726688269	NA	NA	NA	1308.8574024180523	NA	5	62a56f93-aacf-4c5a-b36a-02696993da2c
picoeuk	61.3683885416222	NA	NA	NA	228.03312853048035	NA	6	62a56f93-aacf-4c5a-b36a-02696993da2c
picoeuk	66.5644170253975	NA	NA	NA	25.407842236031687	NA	7	62a56f93-aacf-4c5a-b36a-02696993da2c
picoeuk	826.9170524006691	NA	NA	NA	2.35786232109088	NA	8	62a56f93-aacf-4c5a-b36a-02696993da2c
picoeuk	3428.993660775384	NA	NA	NA	25.407842236031687	NA	9	62a56f93-aacf-4c5a-b36a-02696993da2c
prochloro	1.4597003206620618	NA	NA	NA	1.92430943376502	NA	1	62a56f93-aacf-4c5a-b36a-02696993da2c
prochloro	3.716926364365704	NA	NA	NA	1.92430943376502	NA	2	62a56f93-aacf-4c5a-b36a-02696993da2c
prochloro	9.857185241064307	NA	NA	NA	1.92430943376502	NA	3	62a56f93-aacf-4c5a-b36a-02696993da2c
prochloro	17.061234746398686	NA	NA	NA	4.51749571777243	NA	4	62a56f93-aacf-4c5a-b36a-02696993da2c
prochloro	8.378342139682438	NA	NA	NA	6.646001931529239	NA	5	62a56f93-aacf-4c5a-b36a-02696993da2c
prochloro	3.568907161388942	NA	NA	NA	5.883209896469345	NA	6	62a56f93-aacf-4c5a-b36a-02696993da2c
prochloro	1.489663088523613	NA	NA	NA	3.39904412685032	NA	7	62a56f93-aacf-4c5a-b36a-02696993da2c
prochloro	1.1438562862371504	NA	NA	NA	2.406261352300451	NA	8	62a56f93-aacf-4c5a-b36a-02696993da2c
synecho	8.378342139682438	NA	NA	2.1738072308685137	NA	NA	1	62a56f93-aacf-4c5a-b36a-02696993da2c
synecho	18.50580032515002	NA	NA	1.7740975476513676	NA	NA	2	62a56f93-aacf-4c5a-b36a-02696993da2c
synecho	48.08974555663587	NA	NA	2.004119508890569	NA	NA	3	62a56f93-aacf-4c5a-b36a-02696993da2c
synecho	55.43996566748231	NA	NA	4.426631765681548	NA	NA	4	62a56f93-aacf-4c5a-b36a-02696993da2c
synecho	49.07686727075665	NA	NA	10.60524217259763	NA	NA	5	62a56f93-aacf-4c5a-b36a-02696993da2c
synecho	8.20982194036357	NA	NA	9.978092602218023	NA	NA	6	62a56f93-aacf-4c5a-b36a-02696993da2c
synecho	7.568961995138232	NA	NA	3.68683936671954	NA	NA	7	62a56f93-aacf-4c5a-b36a-02696993da2c
beads	305.7198055823509	NA	NA	187.2280677680801	NA	NA	1	689417f7-403b-42f1-98b4-78bcd3ff38f6
beads	376.9892511648283	NA	NA	303.1680002108336	NA	NA	2	689417f7-403b-42f1-98b4-78bcd3ff38f6
beads	505.5178761225965	NA	NA	423.927888196512	NA	NA	3	689417f7-403b-42f1-98b4-78bcd3ff38f6
beads	650.044351999128	NA	NA	592.7896554576155	NA	NA	4	689417f7-403b-42f1-98b4-78bcd3ff38f6
beads	427.496145603242	NA	NA	1399.6605669642154	NA	NA	5	689417f7-403b-42f1-98b4-78bcd3ff38f6
beads	264.00964898648544	NA	NA	959.8713298337702	NA	NA	6	689417f7-403b-42f1-98b4-78bcd3ff38f6
beads	201.05403288113345	NA	NA	522.7540192061284	NA	NA	7	689417f7-403b-42f1-98b4-78bcd3ff38f6
beads	196.8848275655576	NA	NA	322.8382443592207	NA	NA	8	689417f7-403b-42f1-98b4-78bcd3ff38f6
beads	209.6591725644832	NA	NA	207.9091734052243	NA	NA	9	689417f7-403b-42f1-98b4-78bcd3ff38f6
picoeuk	3280.092154205302	NA	NA	NA	529.9114254194508	NA	1	689417f7-403b-42f1-98b4-78bcd3ff38f6
picoeuk	2876.394054681839	NA	NA	NA	2188.8199753107906	NA	2	689417f7-403b-42f1-98b4-78bcd3ff38f6
picoeuk	753.4669724939181	NA	NA	NA	3332.1962012297317	NA	3	689417f7-403b-42f1-98b4-78bcd3ff38f6
picoeuk	219.23515122638943	NA	NA	NA	2247.075041716161	NA	4	689417f7-403b-42f1-98b4-78bcd3ff38f6
picoeuk	155.81607654792842	NA	NA	NA	386.6454397678214	NA	5	689417f7-403b-42f1-98b4-78bcd3ff38f6
picoeuk	116.7157341398562	NA	NA	NA	73.89896212226193	NA	6	689417f7-403b-42f1-98b4-78bcd3ff38f6
picoeuk	133.0966329878613	NA	NA	NA	17.890874899232198	NA	7	689417f7-403b-42f1-98b4-78bcd3ff38f6
picoeuk	208.0152251083615	NA	NA	NA	4.109696530418934	NA	8	689417f7-403b-42f1-98b4-78bcd3ff38f6
picoeuk	836.9400499103489	NA	NA	NA	2.3059189412216954	NA	9	689417f7-403b-42f1-98b4-78bcd3ff38f6
picoeuk	4265.41578020931	NA	NA	NA	2.699536676419804	NA	10	689417f7-403b-42f1-98b4-78bcd3ff38f6
picoeuk	4154.835548170046	NA	NA	NA	18.367037451228715	NA	11	689417f7-403b-42f1-98b4-78bcd3ff38f6
prochloro	1.7919740811706784	NA	NA	NA	1.8688901537557765	NA	1	689417f7-403b-42f1-98b4-78bcd3ff38f6
prochloro	3.641959431668565	NA	NA	NA	1.6824944704520897	NA	2	689417f7-403b-42f1-98b4-78bcd3ff38f6
prochloro	10.144458619403103	NA	NA	NA	1.6388760664009288	NA	3	689417f7-403b-42f1-98b4-78bcd3ff38f6
prochloro	15.854659850862276	NA	NA	NA	2.699536676419804	NA	4	689417f7-403b-42f1-98b4-78bcd3ff38f6
prochloro	18.079840382008975	NA	NA	NA	5.20568094859293	NA	5	689417f7-403b-42f1-98b4-78bcd3ff38f6
prochloro	8.895927031625291	NA	NA	NA	10.03843154836589	NA	6	689417f7-403b-42f1-98b4-78bcd3ff38f6
prochloro	3.838399455358603	NA	NA	NA	12.064757305015338	NA	7	689417f7-403b-42f1-98b4-78bcd3ff38f6
prochloro	1.9904984978557176	NA	NA	NA	9.277762782747995	NA	8	689417f7-403b-42f1-98b4-78bcd3ff38f6
prochloro	1.3074989015727343	NA	NA	NA	5.782393962819501	NA	9	689417f7-403b-42f1-98b4-78bcd3ff38f6
prochloro	1.4910046423229608	NA	NA	NA	2.920867322554765	NA	10	689417f7-403b-42f1-98b4-78bcd3ff38f6
prochloro	1.7002651709722698	NA	NA	NA	1.77324486452843	NA	11	689417f7-403b-42f1-98b4-78bcd3ff38f6
synecho	87.42719556037181	NA	NA	2.9986057029405453	NA	NA	1	689417f7-403b-42f1-98b4-78bcd3ff38f6
synecho	133.0966329878613	NA	NA	6.422998311160238	NA	NA	2	689417f7-403b-42f1-98b4-78bcd3ff38f6
synecho	89.75405530235737	NA	NA	12.064757305015338	NA	NA	3	689417f7-403b-42f1-98b4-78bcd3ff38f6
synecho	32.22257988353412	NA	NA	11.150542369896373	NA	NA	4	689417f7-403b-42f1-98b4-78bcd3ff38f6
synecho	8.895927031625291	NA	NA	7.519396802548975	NA	NA	5	689417f7-403b-42f1-98b4-78bcd3ff38f6
synecho	10.144458619403103	NA	NA	2.430295607118099	NA	NA	6	689417f7-403b-42f1-98b4-78bcd3ff38f6
synecho	15.443630292302837	NA	NA	1.77324486452843	NA	NA	7	689417f7-403b-42f1-98b4-78bcd3ff38f6
synecho	31.387214577071514	NA	NA	1.77324486452843	NA	NA	8	689417f7-403b-42f1-98b4-78bcd3ff38f6
synecho	57.42830868042011	NA	NA	2.07593574192656	NA	NA	9	689417f7-403b-42f1-98b4-78bcd3ff38f6
beads	NA	NA	NA	364.38652840205697	37.3830398360203	NA	1	6981a2fc-996b-4ee1-abc8-abe52f9b3926
beads	NA	NA	NA	163.55805895520353	17.523370225743694	NA	2	6981a2fc-996b-4ee1-abc8-abe52f9b3926
beads	NA	NA	NA	81.9798815971158	21.036632561429915	NA	3	6981a2fc-996b-4ee1-abc8-abe52f9b3926
beads	NA	NA	NA	57.622870259502776	40.712937042497316	NA	4	6981a2fc-996b-4ee1-abc8-abe52f9b3926
beads	NA	NA	NA	77.73016421770282	64.09504802861204	NA	5	6981a2fc-996b-4ee1-abc8-abe52f9b3926
beads	NA	NA	NA	1860.9778782489525	1103.0925945198144	NA	6	6981a2fc-996b-4ee1-abc8-abe52f9b3926
beads	NA	NA	NA	2998.1740294454585	551.6228711084268	NA	7	6981a2fc-996b-4ee1-abc8-abe52f9b3926
croco	NA	NA	NA	479.6862573780235	730.8057378235465	NA	1	6981a2fc-996b-4ee1-abc8-abe52f9b3926
croco	NA	NA	NA	100.40599483491157	268.63594994335864	NA	2	6981a2fc-996b-4ee1-abc8-abe52f9b3926
croco	NA	NA	NA	26.98351785642386	552.6769810931022	NA	3	6981a2fc-996b-4ee1-abc8-abe52f9b3926
croco	NA	NA	NA	81.17353661152207	3799.7815908704897	NA	4	6981a2fc-996b-4ee1-abc8-abe52f9b3926
croco	NA	NA	NA	895.8412497961178	4123.122798837926	NA	5	6981a2fc-996b-4ee1-abc8-abe52f9b3926
picoeuk	96.73885972048168	NA	NA	NA	3837.669702321516	NA	1	6981a2fc-996b-4ee1-abc8-abe52f9b3926
picoeuk	49.14487555470141	NA	NA	NA	165.29141227990516	NA	2	6981a2fc-996b-4ee1-abc8-abe52f9b3926
picoeuk	57.08720342662981	NA	NA	NA	8.379886410451233	NA	3	6981a2fc-996b-4ee1-abc8-abe52f9b3926
picoeuk	3647.30911486138	NA	NA	NA	1.7059488460736236	NA	4	6981a2fc-996b-4ee1-abc8-abe52f9b3926
picoeuk	3689.3732255108134	NA	NA	NA	3285.7299909880053	NA	5	6981a2fc-996b-4ee1-abc8-abe52f9b3926
prochloro	8.87102369250518	NA	NA	NA	10.61252942902548	NA	1	6981a2fc-996b-4ee1-abc8-abe52f9b3926
prochloro	3.940679619143886	NA	NA	NA	11.446240942603223	NA	2	6981a2fc-996b-4ee1-abc8-abe52f9b3926
prochloro	1.2546632587180961	NA	NA	NA	5.926980100470773	NA	3	6981a2fc-996b-4ee1-abc8-abe52f9b3926
prochloro	1.0804493984551862	NA	NA	NA	2.5926985967683613	NA	4	6981a2fc-996b-4ee1-abc8-abe52f9b3926
prochloro	1.2936532514421597	NA	NA	NA	1.5588499011051205	NA	5	6981a2fc-996b-4ee1-abc8-abe52f9b3926
prochloro	4.97043656385768	NA	NA	NA	1.4413175213741727	NA	6	6981a2fc-996b-4ee1-abc8-abe52f9b3926
prochloro	22.08346981464501	NA	NA	NA	1.6797876133897158	NA	7	6981a2fc-996b-4ee1-abc8-abe52f9b3926
prochloro	80.89256802109757	NA	NA	NA	2.3829721932871037	NA	8	6981a2fc-996b-4ee1-abc8-abe52f9b3926
prochloro	65.30997549318019	NA	NA	NA	7.57306793321639	NA	9	6981a2fc-996b-4ee1-abc8-abe52f9b3926
prochloro	27.228517225845025	NA	NA	NA	10.197547997628215	NA	10	6981a2fc-996b-4ee1-abc8-abe52f9b3926
synecho	29.822605102858613	NA	NA	42.76774173557045	NA	NA	1	6981a2fc-996b-4ee1-abc8-abe52f9b3926
synecho	6.8798653876152995	NA	NA	10.213393863236691	NA	NA	2	6981a2fc-996b-4ee1-abc8-abe52f9b3926
synecho	4.536128556028877	NA	NA	5.423279768629784	NA	NA	3	6981a2fc-996b-4ee1-abc8-abe52f9b3926
synecho	4.9505001067993435	NA	NA	2.4133508850053365	NA	NA	4	6981a2fc-996b-4ee1-abc8-abe52f9b3926
synecho	6.513811411164352	NA	NA	1.729925375939959	NA	NA	5	6981a2fc-996b-4ee1-abc8-abe52f9b3926
synecho	25.58348740632852	NA	NA	1.4431993999491184	NA	NA	6	6981a2fc-996b-4ee1-abc8-abe52f9b3926
synecho	110.8439899630843	NA	NA	1.7708877828516103	NA	NA	7	6981a2fc-996b-4ee1-abc8-abe52f9b3926
synecho	175.9262292388524	NA	NA	3.320648590045429	NA	NA	8	6981a2fc-996b-4ee1-abc8-abe52f9b3926
synecho	246.5955855063334	NA	NA	16.52138135866623	NA	NA	9	6981a2fc-996b-4ee1-abc8-abe52f9b3926
synecho	162.8070851560594	NA	NA	45.46285025865446	NA	NA	10	6981a2fc-996b-4ee1-abc8-abe52f9b3926
synecho	72.72356556248576	NA	NA	58.12582717433988	NA	NA	11	6981a2fc-996b-4ee1-abc8-abe52f9b3926
beads	397.9103423972745	NA	NA	223.44651847916103	NA	NA	1	6c73e078-7b5c-48af-b46f-65f43c003f48
beads	397.9103423972745	NA	NA	328.7277036176696	NA	NA	2	6c73e078-7b5c-48af-b46f-65f43c003f48
beads	397.9103423972745	NA	NA	473.8868594319275	NA	NA	3	6c73e078-7b5c-48af-b46f-65f43c003f48
beads	352.2403526838116	NA	NA	592.5739463756785	NA	NA	4	6c73e078-7b5c-48af-b46f-65f43c003f48
beads	281.6898642261625	NA	NA	592.5739463756785	NA	NA	5	6c73e078-7b5c-48af-b46f-65f43c003f48
beads	276.0240139572098	NA	NA	464.3551995074881	NA	NA	6	6c73e078-7b5c-48af-b46f-65f43c003f48
beads	254.4775375840986	NA	NA	309.28812508278384	NA	NA	7	6c73e078-7b5c-48af-b46f-65f43c003f48
beads	254.4775375840986	NA	NA	335.4753844489581	NA	NA	8	6c73e078-7b5c-48af-b46f-65f43c003f48
beads	244.3434755672105	NA	NA	232.71388635329373	NA	NA	9	6c73e078-7b5c-48af-b46f-65f43c003f48
beads	265.0319063545171	NA	NA	175.0980671733141	NA	NA	10	6c73e078-7b5c-48af-b46f-65f43c003f48
beads	276.0240139572098	NA	NA	131.74690005943646	NA	NA	11	6c73e078-7b5c-48af-b46f-65f43c003f48
beads	397.9103423972745	NA	NA	119.01964170264196	NA	NA	12	6c73e078-7b5c-48af-b46f-65f43c003f48
picoeuk	187.62216952397645	NA	NA	NA	3.6126830605460896	NA	1	6c73e078-7b5c-48af-b46f-65f43c003f48
picoeuk	609.6725583746758	NA	NA	NA	3.1337142270333547	NA	2	6c73e078-7b5c-48af-b46f-65f43c003f48
picoeuk	1718.4569956925384	NA	NA	NA	5.764876258637588	NA	3	6c73e078-7b5c-48af-b46f-65f43c003f48
picoeuk	3161.3258958000533	NA	NA	NA	15.288291346848284	NA	4	6c73e078-7b5c-48af-b46f-65f43c003f48
picoeuk	3499.3794376380893	NA	NA	NA	89.55249531673692	NA	5	6c73e078-7b5c-48af-b46f-65f43c003f48
picoeuk	3226.2173482507874	NA	NA	NA	378.9716995081735	NA	6	6c73e078-7b5c-48af-b46f-65f43c003f48
picoeuk	4201.556574081132	NA	NA	NA	1811.6820738576675	NA	7	6c73e078-7b5c-48af-b46f-65f43c003f48
picoeuk	573.6190787054552	NA	NA	NA	3689.218300304415	NA	8	6c73e078-7b5c-48af-b46f-65f43c003f48
picoeuk	141.17025742347644	NA	NA	NA	1112.4935629525028	NA	9	6c73e078-7b5c-48af-b46f-65f43c003f48
picoeuk	97.92754033645204	NA	NA	NA	142.90183929812352	NA	10	6c73e078-7b5c-48af-b46f-65f43c003f48
picoeuk	104.08254583687057	NA	NA	NA	22.9533467429251	NA	11	6c73e078-7b5c-48af-b46f-65f43c003f48
prochloro	32.68810660289421	NA	NA	NA	2.6099982080837987	NA	1	6c73e078-7b5c-48af-b46f-65f43c003f48
prochloro	28.354323642436693	NA	NA	NA	5.64892275853488	NA	2	6c73e078-7b5c-48af-b46f-65f43c003f48
prochloro	12.837176476651262	NA	NA	NA	7.979572836954088	NA	3	6c73e078-7b5c-48af-b46f-65f43c003f48
prochloro	4.031636522483035	NA	NA	NA	7.661802212616598	NA	4	6c73e078-7b5c-48af-b46f-65f43c003f48
prochloro	1.64895887131204	NA	NA	NA	4.337595431878625	NA	5	6c73e078-7b5c-48af-b46f-65f43c003f48
prochloro	1.2921638393840325	NA	NA	NA	2.6099982080837987	NA	6	6c73e078-7b5c-48af-b46f-65f43c003f48
prochloro	1.2921638393840325	NA	NA	NA	1.6356112241389833	NA	7	6c73e078-7b5c-48af-b46f-65f43c003f48
prochloro	2.329291438601424	NA	NA	NA	1.3622628149363336	NA	8	6c73e078-7b5c-48af-b46f-65f43c003f48
prochloro	4.462755948556652	NA	NA	NA	1.3348625491951631	NA	9	6c73e078-7b5c-48af-b46f-65f43c003f48
prochloro	10.476735463289286	NA	NA	NA	1.4187621989195482	NA	10	6c73e078-7b5c-48af-b46f-65f43c003f48
prochloro	21.33429742245803	NA	NA	NA	2.35786232109088	NA	11	6c73e078-7b5c-48af-b46f-65f43c003f48
synecho	11.597055748828463	NA	NA	2.310436777744457	NA	NA	1	6c73e078-7b5c-48af-b46f-65f43c003f48
synecho	28.354323642436693	NA	NA	1.8476776362138805	NA	NA	2	6c73e078-7b5c-48af-b46f-65f43c003f48
synecho	75.19487693060152	NA	NA	1.8856042813705696	NA	NA	3	6c73e078-7b5c-48af-b46f-65f43c003f48
synecho	132.8220401123931	NA	NA	3.762517853957071	NA	NA	4	6c73e078-7b5c-48af-b46f-65f43c003f48
synecho	132.8220401123931	NA	NA	8.143366791893792	NA	NA	5	6c73e078-7b5c-48af-b46f-65f43c003f48
synecho	122.4539315261822	NA	NA	19.50972692101176	NA	NA	6	6c73e078-7b5c-48af-b46f-65f43c003f48
synecho	65.22555443926186	NA	NA	35.16879090830095	NA	NA	7	6c73e078-7b5c-48af-b46f-65f43c003f48
synecho	23.140660922018427	NA	NA	27.559110586188066	NA	NA	8	6c73e078-7b5c-48af-b46f-65f43c003f48
synecho	11.135226059309822	NA	NA	15.288291346848284	NA	NA	9	6c73e078-7b5c-48af-b46f-65f43c003f48
synecho	6.565470452438222	NA	NA	6.78242213385646	NA	NA	10	6c73e078-7b5c-48af-b46f-65f43c003f48
synecho	6.700237612713322	NA	NA	3.0089202879633308	NA	NA	11	6c73e078-7b5c-48af-b46f-65f43c003f48
beads	NA	NA	NA	355.2109134740726	39.109668943819464	NA	1	7d8d4b6c-bb14-4d3e-8b1d-bd9949a2581a
beads	NA	NA	NA	196.29380934109986	26.941368265540998	NA	2	7d8d4b6c-bb14-4d3e-8b1d-bd9949a2581a
beads	NA	NA	NA	110.691954252385	28.48964106770128	NA	3	7d8d4b6c-bb14-4d3e-8b1d-bd9949a2581a
beads	NA	NA	NA	185.7818512557829	77.62907098582427	NA	4	7d8d4b6c-bb14-4d3e-8b1d-bd9949a2581a
beads	NA	NA	NA	1728.5419908283739	575.9138920412282	NA	5	7d8d4b6c-bb14-4d3e-8b1d-bd9949a2581a
beads	NA	NA	NA	2301.2544629894237	386.8646825680223	NA	6	7d8d4b6c-bb14-4d3e-8b1d-bd9949a2581a
croco	NA	NA	NA	726.0726945738967	992.6418475696557	NA	1	7d8d4b6c-bb14-4d3e-8b1d-bd9949a2581a
croco	NA	NA	NA	107.38162255903609	268.53856755404064	NA	2	7d8d4b6c-bb14-4d3e-8b1d-bd9949a2581a
croco	NA	NA	NA	46.55612481063723	366.3089191591156	NA	3	7d8d4b6c-bb14-4d3e-8b1d-bd9949a2581a
croco	NA	NA	NA	73.37199409015226	3309.276406925001	NA	4	7d8d4b6c-bb14-4d3e-8b1d-bd9949a2581a
croco	NA	NA	NA	573.4905892579005	4123.999549403855	NA	5	7d8d4b6c-bb14-4d3e-8b1d-bd9949a2581a
picoeuk	74.85628062141384	NA	NA	NA	3419.9167008646314	NA	1	7d8d4b6c-bb14-4d3e-8b1d-bd9949a2581a
picoeuk	17.50198926007737	NA	NA	NA	36.8661932681714	NA	2	7d8d4b6c-bb14-4d3e-8b1d-bd9949a2581a
picoeuk	28.255641633014772	NA	NA	NA	5.67260887900357	NA	3	7d8d4b6c-bb14-4d3e-8b1d-bd9949a2581a
picoeuk	3847.7441269820747	NA	NA	NA	2.0165503552287283	NA	4	7d8d4b6c-bb14-4d3e-8b1d-bd9949a2581a
picoeuk	3403.1953304568956	NA	NA	NA	3323.958794268033	NA	5	7d8d4b6c-bb14-4d3e-8b1d-bd9949a2581a
prochloro	7.243076686264539	NA	NA	NA	11.850928747686002	NA	1	7d8d4b6c-bb14-4d3e-8b1d-bd9949a2581a
prochloro	1.1166215663100036	NA	NA	NA	4.742115840679328	NA	2	7d8d4b6c-bb14-4d3e-8b1d-bd9949a2581a
prochloro	1.1283864623621815	NA	NA	NA	2.2846680089709093	NA	3	7d8d4b6c-bb14-4d3e-8b1d-bd9949a2581a
prochloro	1.9035723544361047	NA	NA	NA	1.6049450553530837	NA	4	7d8d4b6c-bb14-4d3e-8b1d-bd9949a2581a
prochloro	5.263796965908072	NA	NA	NA	1.7525553705593864	NA	5	7d8d4b6c-bb14-4d3e-8b1d-bd9949a2581a
prochloro	73.30917129468031	NA	NA	NA	2.729518628565169	NA	6	7d8d4b6c-bb14-4d3e-8b1d-bd9949a2581a
prochloro	43.91718412793032	NA	NA	NA	8.430230225401758	NA	7	7d8d4b6c-bb14-4d3e-8b1d-bd9949a2581a
synecho	36.13248654953676	NA	NA	37.05150119718937	NA	NA	1	7d8d4b6c-bb14-4d3e-8b1d-bd9949a2581a
synecho	8.259517639430912	NA	NA	15.95748282011305	NA	NA	2	7d8d4b6c-bb14-4d3e-8b1d-bd9949a2581a
synecho	3.9124568764468886	NA	NA	5.276838140481751	NA	NA	3	7d8d4b6c-bb14-4d3e-8b1d-bd9949a2581a
synecho	5.2473691294514655	NA	NA	2.1563988367142457	NA	NA	4	7d8d4b6c-bb14-4d3e-8b1d-bd9949a2581a
synecho	28.42550428807003	NA	NA	1.307322090904438	NA	NA	5	7d8d4b6c-bb14-4d3e-8b1d-bd9949a2581a
synecho	166.01809299602542	NA	NA	2.0080001341942935	NA	NA	6	7d8d4b6c-bb14-4d3e-8b1d-bd9949a2581a
synecho	237.68102477390005	NA	NA	16.000854396308554	NA	NA	7	7d8d4b6c-bb14-4d3e-8b1d-bd9949a2581a
synecho	132.9529489945826	NA	NA	39.05707433386776	NA	NA	8	7d8d4b6c-bb14-4d3e-8b1d-bd9949a2581a
beads	397.9103423972745	NA	NA	186.10344485217365	NA	NA	1	810e6241-1a8a-4a17-a9a4-1ccd1bbfead7
beads	397.9103423972745	NA	NA	257.5989365220033	NA	NA	2	810e6241-1a8a-4a17-a9a4-1ccd1bbfead7
beads	397.9103423972745	NA	NA	356.56090165325094	NA	NA	3	810e6241-1a8a-4a17-a9a4-1ccd1bbfead7
beads	374.3795925829191	NA	NA	445.86317685453326	NA	NA	4	810e6241-1a8a-4a17-a9a4-1ccd1bbfead7
beads	311.81211654695	NA	NA	557.531606951512	NA	NA	5	810e6241-1a8a-4a17-a9a4-1ccd1bbfead7
beads	270.4721254005763	NA	NA	483.61417247064713	NA	NA	6	810e6241-1a8a-4a17-a9a4-1ccd1bbfead7
beads	270.4721254005763	NA	NA	386.75072161136086	NA	NA	7	810e6241-1a8a-4a17-a9a4-1ccd1bbfead7
beads	259.7011107221471	NA	NA	290.9981217417598	NA	NA	8	810e6241-1a8a-4a17-a9a4-1ccd1bbfead7
beads	254.4775375840986	NA	NA	206.0042493735041	NA	NA	9	810e6241-1a8a-4a17-a9a4-1ccd1bbfead7
beads	265.0319063545171	NA	NA	155.0012612484544	NA	NA	10	810e6241-1a8a-4a17-a9a4-1ccd1bbfead7
beads	318.2125769238291	NA	NA	126.5003416857182	NA	NA	11	810e6241-1a8a-4a17-a9a4-1ccd1bbfead7
croco	972.8743978957656	NA	NA	116.62570583702572	NA	NA	1	810e6241-1a8a-4a17-a9a4-1ccd1bbfead7
croco	843.8908951347727	NA	NA	145.83513634359937	NA	NA	2	810e6241-1a8a-4a17-a9a4-1ccd1bbfead7
croco	609.6725583746758	NA	NA	140.027541968167	NA	NA	3	810e6241-1a8a-4a17-a9a4-1ccd1bbfead7
croco	717.2845467636342	NA	NA	103.24004022749872	NA	NA	4	810e6241-1a8a-4a17-a9a4-1ccd1bbfead7
croco	915.3426837921352	NA	NA	105.35921312591296	NA	NA	5	810e6241-1a8a-4a17-a9a4-1ccd1bbfead7
picoeuk	203.50803780570735	NA	NA	NA	5.314869143967115	NA	1	810e6241-1a8a-4a17-a9a4-1ccd1bbfead7
picoeuk	972.8743978957656	NA	NA	NA	5.64892275853488	NA	2	810e6241-1a8a-4a17-a9a4-1ccd1bbfead7
picoeuk	2427.463314768076	NA	NA	NA	10.39193057765974	NA	3	810e6241-1a8a-4a17-a9a4-1ccd1bbfead7
picoeuk	3161.3258958000533	NA	NA	NA	24.896794278512925	NA	4	810e6241-1a8a-4a17-a9a4-1ccd1bbfead7
picoeuk	3226.2173482507874	NA	NA	NA	121.46271706874424	NA	5	810e6241-1a8a-4a17-a9a4-1ccd1bbfead7
picoeuk	3499.3794376380893	NA	NA	NA	617.1507479793344	NA	6	810e6241-1a8a-4a17-a9a4-1ccd1bbfead7
picoeuk	3499.3794376380893	NA	NA	NA	2005.412667266503	NA	7	810e6241-1a8a-4a17-a9a4-1ccd1bbfead7
picoeuk	2855.9296291120263	NA	NA	NA	3401.2373605189287	NA	8	810e6241-1a8a-4a17-a9a4-1ccd1bbfead7
picoeuk	972.8743978957656	NA	NA	NA	3921.0954500071703	NA	9	810e6241-1a8a-4a17-a9a4-1ccd1bbfead7
picoeuk	311.81211654695	NA	NA	NA	2611.682309769842	NA	10	810e6241-1a8a-4a17-a9a4-1ccd1bbfead7
picoeuk	84.94432565151054	NA	NA	NA	787.5597271801819	NA	11	810e6241-1a8a-4a17-a9a4-1ccd1bbfead7
picoeuk	83.23577347601508	NA	NA	NA	119.01964170264196	NA	12	810e6241-1a8a-4a17-a9a4-1ccd1bbfead7
prochloro	2.282440563934266	NA	NA	NA	2.004119508890569	NA	1	810e6241-1a8a-4a17-a9a4-1ccd1bbfead7
prochloro	4.5543614093602125	NA	NA	NA	1.8856042813705696	NA	2	810e6241-1a8a-4a17-a9a4-1ccd1bbfead7
prochloro	12.325961444585316	NA	NA	NA	2.1300837326251445	NA	3	810e6241-1a8a-4a17-a9a4-1ccd1bbfead7
prochloro	19.668938931507373	NA	NA	NA	2.310436777744457	NA	4	810e6241-1a8a-4a17-a9a4-1ccd1bbfead7
prochloro	19.668938931507373	NA	NA	NA	4.704857306448607	NA	5	810e6241-1a8a-4a17-a9a4-1ccd1bbfead7
prochloro	15.729432175712306	NA	NA	NA	7.979572836954088	NA	6	810e6241-1a8a-4a17-a9a4-1ccd1bbfead7
prochloro	8.20982194036357	NA	NA	NA	9.777395360912529	NA	7	810e6241-1a8a-4a17-a9a4-1ccd1bbfead7
prochloro	3.0334750267563044	NA	NA	NA	8.655198981529363	NA	8	810e6241-1a8a-4a17-a9a4-1ccd1bbfead7
prochloro	1.8252888053858616	NA	NA	NA	5.883209896469345	NA	9	810e6241-1a8a-4a17-a9a4-1ccd1bbfead7
prochloro	1.215750686007521	NA	NA	NA	3.0089202879633308	NA	10	810e6241-1a8a-4a17-a9a4-1ccd1bbfead7
prochloro	1.3457558923492268	NA	NA	NA	1.8856042813705696	NA	11	810e6241-1a8a-4a17-a9a4-1ccd1bbfead7
synecho	104.08254583687057	NA	NA	12.733264787106044	NA	NA	1	810e6241-1a8a-4a17-a9a4-1ccd1bbfead7
synecho	78.31355871409512	NA	NA	43.97697214642132	NA	NA	2	810e6241-1a8a-4a17-a9a4-1ccd1bbfead7
synecho	28.936343119410058	NA	NA	48.67961011650888	NA	NA	3	810e6241-1a8a-4a17-a9a4-1ccd1bbfead7
synecho	10.266008625085542	NA	NA	28.124806997483137	NA	NA	4	810e6241-1a8a-4a17-a9a4-1ccd1bbfead7
synecho	7.416721496625246	NA	NA	8.83286128262516	NA	NA	5	810e6241-1a8a-4a17-a9a4-1ccd1bbfead7
synecho	9.087731866855716	NA	NA	2.830985353975824	NA	NA	6	810e6241-1a8a-4a17-a9a4-1ccd1bbfead7
synecho	15.413053708322083	NA	NA	1.7384137253203016	NA	NA	7	810e6241-1a8a-4a17-a9a4-1ccd1bbfead7
synecho	130.15048572842204	NA	NA	2.71824699043122	NA	NA	8	810e6241-1a8a-4a17-a9a4-1ccd1bbfead7
beads	1698.4169605579873	NA	NA	3620.4908603318927	NA	NA	1	84db753c-c705-4db8-9ca4-0af81e3e9b8a
beads	151.03531937866362	NA	NA	407.8755158791065	NA	NA	2	84db753c-c705-4db8-9ca4-0af81e3e9b8a
beads	202.0740260088927	NA	NA	122.7427178332971	NA	NA	3	84db753c-c705-4db8-9ca4-0af81e3e9b8a
beads	458.2478399063846	NA	NA	127.2915961914414	NA	NA	4	84db753c-c705-4db8-9ca4-0af81e3e9b8a
beads	1180.3324531715807	NA	NA	415.3647474146586	NA	NA	5	84db753c-c705-4db8-9ca4-0af81e3e9b8a
beads	2074.752523703654	NA	NA	4112.268328444962	NA	NA	6	84db753c-c705-4db8-9ca4-0af81e3e9b8a
croco	1224.0758934866294	NA	NA	116.22237338347912	NA	NA	1	84db753c-c705-4db8-9ca4-0af81e3e9b8a
croco	1058.2599420076797	NA	NA	71.11083538092436	NA	NA	2	84db753c-c705-4db8-9ca4-0af81e3e9b8a
croco	1495.3068699819314	NA	NA	77.88355614007273	NA	NA	3	84db753c-c705-4db8-9ca4-0af81e3e9b8a
croco	1495.3068699819314	NA	NA	132.0090572132457	NA	NA	4	84db753c-c705-4db8-9ca4-0af81e3e9b8a
picoeuk	2000.609397716085	NA	NA	NA	3823.6087867649658	NA	1	84db753c-c705-4db8-9ca4-0af81e3e9b8a
picoeuk	361.7216023650162	NA	NA	NA	2059.707271126674	NA	2	84db753c-c705-4db8-9ca4-0af81e3e9b8a
picoeuk	205.7844207474443	NA	NA	NA	8.460615462505798	NA	3	84db753c-c705-4db8-9ca4-0af81e3e9b8a
picoeuk	1390.3442164570429	NA	NA	NA	7.866724892465788	NA	4	84db753c-c705-4db8-9ca4-0af81e3e9b8a
picoeuk	3453.2041915004697	NA	NA	NA	35.61720515095077	NA	5	84db753c-c705-4db8-9ca4-0af81e3e9b8a
picoeuk	4142.306633660992	NA	NA	NA	379.2448064816298	NA	6	84db753c-c705-4db8-9ca4-0af81e3e9b8a
picoeuk	3453.2041915004697	NA	NA	NA	4112.268328444962	NA	7	84db753c-c705-4db8-9ca4-0af81e3e9b8a
prochloro	1.194392090213728	NA	NA	NA	1.706184880647608	NA	1	84db753c-c705-4db8-9ca4-0af81e3e9b8a
prochloro	3.190471263978916	NA	NA	NA	1.5578157725482722	NA	2	84db753c-c705-4db8-9ca4-0af81e3e9b8a
prochloro	14.710340008119864	NA	NA	NA	1.7694165543108216	NA	3	84db753c-c705-4db8-9ca4-0af81e3e9b8a
prochloro	135.4149230560395	NA	NA	NA	3.406450103621206	NA	4	84db753c-c705-4db8-9ca4-0af81e3e9b8a
prochloro	56.54192621807365	NA	NA	NA	310.45428511257614	NA	5	84db753c-c705-4db8-9ca4-0af81e3e9b8a
prochloro	1.0515572673991147	NA	NA	NA	7.448828361443073	NA	6	84db753c-c705-4db8-9ca4-0af81e3e9b8a
prochloro	1.0905282644607714	NA	NA	NA	2.6404263189545376	NA	7	84db753c-c705-4db8-9ca4-0af81e3e9b8a
synecho	8.3687531454485	NA	NA	1.868684922985838	NA	NA	1	84db753c-c705-4db8-9ca4-0af81e3e9b8a
synecho	19.68134103750833	NA	NA	1.7694165543108216	NA	NA	2	84db753c-c705-4db8-9ca4-0af81e3e9b8a
synecho	97.59567101637252	NA	NA	2.2827484946323744	NA	NA	3	84db753c-c705-4db8-9ca4-0af81e3e9b8a
synecho	198.4305315199613	NA	NA	13.333738055600424	NA	NA	4	84db753c-c705-4db8-9ca4-0af81e3e9b8a
synecho	2.8605058902880875	NA	NA	29.15666549380158	NA	NA	5	84db753c-c705-4db8-9ca4-0af81e3e9b8a
synecho	1.7186478081869812	NA	NA	3.66361666550136	NA	NA	6	84db753c-c705-4db8-9ca4-0af81e3e9b8a
synecho	3.6903777683291232	NA	NA	1.706184880647608	NA	NA	7	84db753c-c705-4db8-9ca4-0af81e3e9b8a
beads	635.8232423148086	NA	NA	3428.162973973344	NA	NA	1	8b2aefef-4767-4ea5-99fc-679a17914499
beads	355.1995832278988	NA	NA	1880.59600702569	NA	NA	2	8b2aefef-4767-4ea5-99fc-679a17914499
beads	174.7006441212668	NA	NA	619.8314401250432	NA	NA	3	8b2aefef-4767-4ea5-99fc-679a17914499
beads	143.01201401422918	NA	NA	223.7493002372516	NA	NA	4	8b2aefef-4767-4ea5-99fc-679a17914499
beads	270.3600201292469	NA	NA	164.2206290414991	NA	NA	5	8b2aefef-4767-4ea5-99fc-679a17914499
beads	647.4979501410867	NA	NA	304.85664102533906	NA	NA	6	8b2aefef-4767-4ea5-99fc-679a17914499
beads	1495.3068699819314	NA	NA	1129.8988114421877	NA	NA	7	8b2aefef-4767-4ea5-99fc-679a17914499
beads	1441.870749584671	NA	NA	1283.374900224267	NA	NA	8	8b2aefef-4767-4ea5-99fc-679a17914499
beads	2628.404983587654	NA	NA	2706.0478983760927	NA	NA	9	8b2aefef-4767-4ea5-99fc-679a17914499
beads	2112.8482206113163	NA	NA	3893.816216214933	NA	NA	10	8b2aefef-4767-4ea5-99fc-679a17914499
beads	898.409572721615	NA	NA	3366.3515024570584	NA	NA	11	8b2aefef-4767-4ea5-99fc-679a17914499
croco	776.7090810190075	NA	NA	85.30132271025236	NA	NA	1	8b2aefef-4767-4ea5-99fc-679a17914499
croco	441.8719459433496	NA	NA	73.74622219493624	NA	NA	2	8b2aefef-4767-4ea5-99fc-679a17914499
croco	492.8428047210631	NA	NA	46.79396169342019	NA	NA	3	8b2aefef-4767-4ea5-99fc-679a17914499
croco	1002.0430074217436	NA	NA	75.10031801924603	NA	NA	4	8b2aefef-4767-4ea5-99fc-679a17914499
picoeuk	2356.5697088393326	NA	NA	NA	3686.968727401051	NA	1	8b2aefef-4767-4ea5-99fc-679a17914499
picoeuk	492.8428047210631	NA	NA	NA	3686.968727401051	NA	2	8b2aefef-4767-4ea5-99fc-679a17914499
picoeuk	165.4201882589255	NA	NA	NA	1625.846429886105	NA	3	8b2aefef-4767-4ea5-99fc-679a17914499
picoeuk	130.5757503903674	NA	NA	NA	407.8755158791065	NA	4	8b2aefef-4767-4ea5-99fc-679a17914499
picoeuk	132.9733251148373	NA	NA	NA	58.21217109538015	NA	5	8b2aefef-4767-4ea5-99fc-679a17914499
picoeuk	174.7006441212668	NA	NA	NA	6.925959908041289	NA	6	8b2aefef-4767-4ea5-99fc-679a17914499
picoeuk	1180.3324531715807	NA	NA	NA	3.1673352776587365	NA	7	8b2aefef-4767-4ea5-99fc-679a17914499
picoeuk	3994.277623400808	NA	NA	NA	4.012545946265498	NA	8	8b2aefef-4767-4ea5-99fc-679a17914499
picoeuk	3851.538561427052	NA	NA	NA	36.27119266831818	NA	9	8b2aefef-4767-4ea5-99fc-679a17914499
picoeuk	3646.936948186188	NA	NA	NA	480.4471511506544	NA	10	8b2aefef-4767-4ea5-99fc-679a17914499
picoeuk	4067.6187992604255	NA	NA	NA	3018.196217680213	NA	11	8b2aefef-4767-4ea5-99fc-679a17914499
picoeuk	2272.355595192148	NA	NA	NA	3754.667231941906	NA	12	8b2aefef-4767-4ea5-99fc-679a17914499
prochloro	7.781310825430504	NA	NA	NA	12.174241892330762	NA	1	8b2aefef-4767-4ea5-99fc-679a17914499
prochloro	3.308710992910989	NA	NA	NA	14.603666668342273	NA	2	8b2aefef-4767-4ea5-99fc-679a17914499
prochloro	1.1105520667010385	NA	NA	NA	6.925959908041289	NA	3	8b2aefef-4767-4ea5-99fc-679a17914499
prochloro	1.0708655012642194	NA	NA	NA	3.468997848085193	NA	4	8b2aefef-4767-4ea5-99fc-679a17914499
prochloro	1.7186478081869812	NA	NA	NA	2.5928181283743355	NA	5	8b2aefef-4767-4ea5-99fc-679a17914499
prochloro	4.041855823491543	NA	NA	NA	2.5460683369829487	NA	6	8b2aefef-4767-4ea5-99fc-679a17914499
prochloro	13.928896631925852	NA	NA	NA	2.6404263189545376	NA	7	8b2aefef-4767-4ea5-99fc-679a17914499
prochloro	26.815670543804597	NA	NA	NA	4.086222557066352	NA	8	8b2aefef-4767-4ea5-99fc-679a17914499
prochloro	16.70847066038517	NA	NA	NA	9.436565259434536	NA	9	8b2aefef-4767-4ea5-99fc-679a17914499
prochloro	8.522416524421013	NA	NA	NA	13.0933241732131	NA	10	8b2aefef-4767-4ea5-99fc-679a17914499
synecho	7.104651361319782	NA	NA	1.9735224771617996	NA	NA	1	8b2aefef-4767-4ea5-99fc-679a17914499
synecho	16.407208682426123	NA	NA	1.737513099960029	NA	NA	2	8b2aefef-4767-4ea5-99fc-679a17914499
synecho	39.29439709439764	NA	NA	1.868684922985838	NA	NA	3	8b2aefef-4767-4ea5-99fc-679a17914499
synecho	92.4111891744262	NA	NA	2.009759432302938	NA	NA	4	8b2aefef-4767-4ea5-99fc-679a17914499
synecho	156.6327292109122	NA	NA	4.012545946265498	NA	NA	5	8b2aefef-4767-4ea5-99fc-679a17914499
synecho	130.5757503903674	NA	NA	11.739184534832086	NA	NA	6	8b2aefef-4767-4ea5-99fc-679a17914499
synecho	58.63738531366338	NA	NA	17.202037813023374	NA	NA	7	8b2aefef-4767-4ea5-99fc-679a17914499
synecho	14.710340008119864	NA	NA	18.500688545351707	NA	NA	8	8b2aefef-4767-4ea5-99fc-679a17914499
synecho	6.850760328552285	NA	NA	7.866724892465788	NA	NA	9	8b2aefef-4767-4ea5-99fc-679a17914499
beads	220.7389540191663	NA	NA	268.282764245	NA	NA	1	9993c417-50bb-4eb5-9e58-66f3ae7186c8
beads	265.0319063545171	NA	NA	175.0980671733141	NA	NA	2	9993c417-50bb-4eb5-9e58-66f3ae7186c8
beads	374.3795925829191	NA	NA	158.18291897867155	NA	NA	3	9993c417-50bb-4eb5-9e58-66f3ae7186c8
beads	389.9068580451344	NA	NA	262.88658154553127	NA	NA	4	9993c417-50bb-4eb5-9e58-66f3ae7186c8
beads	539.6976507062718	NA	NA	411.0590296790419	NA	NA	5	9993c417-50bb-4eb5-9e58-66f3ae7186c8
beads	661.2932063071604	NA	NA	604.7375085430176	NA	NA	6	9993c417-50bb-4eb5-9e58-66f3ae7186c8
beads	528.8422864644401	NA	NA	787.5597271801819	NA	NA	7	9993c417-50bb-4eb5-9e58-66f3ae7186c8
beads	259.7011107221471	NA	NA	514.0106051943749	NA	NA	8	9993c417-50bb-4eb5-9e58-66f3ae7186c8
beads	254.4775375840986	NA	NA	328.7277036176696	NA	NA	9	9993c417-50bb-4eb5-9e58-66f3ae7186c8
picoeuk	3428.993660775384	NA	NA	NA	322.1157442095067	NA	1	9993c417-50bb-4eb5-9e58-66f3ae7186c8
picoeuk	3795.670014360224	NA	NA	NA	2665.291416836604	NA	2	9993c417-50bb-4eb5-9e58-66f3ae7186c8
picoeuk	609.6725583746758	NA	NA	NA	3010.8617941737307	NA	3	9993c417-50bb-4eb5-9e58-66f3ae7186c8
picoeuk	180.1504896273934	NA	NA	NA	535.3290191126755	NA	4	9993c417-50bb-4eb5-9e58-66f3ae7186c8
picoeuk	90.2833016925514	NA	NA	NA	11.27180975594896	NA	5	9993c417-50bb-4eb5-9e58-66f3ae7186c8
picoeuk	622.1870978863567	NA	NA	NA	2.5060602182879554	NA	6	9993c417-50bb-4eb5-9e58-66f3ae7186c8
picoeuk	1650.022862240001	NA	NA	NA	5.423965640091045	NA	7	9993c417-50bb-4eb5-9e58-66f3ae7186c8
picoeuk	3360.0236085212355	NA	NA	NA	11.980272878878145	NA	8	9993c417-50bb-4eb5-9e58-66f3ae7186c8
prochloro	12.578972227830905	NA	NA	NA	3.99900207491231	NA	1	9993c417-50bb-4eb5-9e58-66f3ae7186c8
prochloro	7.121365307932378	NA	NA	NA	5.64892275853488	NA	2	9993c417-50bb-4eb5-9e58-66f3ae7186c8
prochloro	2.854088028437387	NA	NA	NA	5.423965640091045	NA	3	9993c417-50bb-4eb5-9e58-66f3ae7186c8
prochloro	1.4015706573680209	NA	NA	NA	3.4688151399016776	NA	4	9993c417-50bb-4eb5-9e58-66f3ae7186c8
prochloro	1.1912973341973023	NA	NA	NA	2.0872396795650885	NA	5	9993c417-50bb-4eb5-9e58-66f3ae7186c8
prochloro	1.7526003075006666	NA	NA	NA	1.4478846439962805	NA	6	9993c417-50bb-4eb5-9e58-66f3ae7186c8
prochloro	3.716926364365704	NA	NA	NA	1.4478846439962805	NA	7	9993c417-50bb-4eb5-9e58-66f3ae7186c8
prochloro	9.464642435545038	NA	NA	NA	1.4478846439962805	NA	8	9993c417-50bb-4eb5-9e58-66f3ae7186c8
synecho	10.476735463289286	NA	NA	1.8476776362138805	NA	NA	1	9993c417-50bb-4eb5-9e58-66f3ae7186c8
synecho	84.94432565151054	NA	NA	1.8476776362138805	NA	NA	2	9993c417-50bb-4eb5-9e58-66f3ae7186c8
synecho	70.7481670870843	NA	NA	4.51749571777243	NA	NA	3	9993c417-50bb-4eb5-9e58-66f3ae7186c8
synecho	37.68428147878584	NA	NA	14.384205877231352	NA	NA	4	9993c417-50bb-4eb5-9e58-66f3ae7186c8
synecho	9.857185241064307	NA	NA	13.53358423282738	NA	NA	5	9993c417-50bb-4eb5-9e58-66f3ae7186c8
synecho	4.743251989976848	NA	NA	4.250349956036493	NA	NA	6	9993c417-50bb-4eb5-9e58-66f3ae7186c8
synecho	6.177216048948439	NA	NA	2.004119508890569	NA	NA	7	9993c417-50bb-4eb5-9e58-66f3ae7186c8
beads	NA	NA	NA	360.039363944587	45.81848045373841	NA	1	9f4abaa0-a91f-4de9-af40-df144c0a331f
beads	NA	NA	NA	147.14068059531215	24.386982467108766	NA	2	9f4abaa0-a91f-4de9-af40-df144c0a331f
beads	NA	NA	NA	98.21689840336936	30.023063430804594	NA	3	9f4abaa0-a91f-4de9-af40-df144c0a331f
beads	NA	NA	NA	205.0630871284353	94.04087036922587	NA	4	9f4abaa0-a91f-4de9-af40-df144c0a331f
beads	NA	NA	NA	2132.611214955527	690.786537227001	NA	5	9f4abaa0-a91f-4de9-af40-df144c0a331f
beads	NA	NA	NA	2440.2179716284945	532.2478366388492	NA	6	9f4abaa0-a91f-4de9-af40-df144c0a331f
croco	NA	NA	NA	347.71908488054044	721.2428338517136	NA	1	9f4abaa0-a91f-4de9-af40-df144c0a331f
croco	NA	NA	NA	87.9315242433651	305.1063481012046	NA	2	9f4abaa0-a91f-4de9-af40-df144c0a331f
croco	NA	NA	NA	35.65722195119138	525.8100970630578	NA	3	9f4abaa0-a91f-4de9-af40-df144c0a331f
croco	NA	NA	NA	69.33715985306515	3294.337984919352	NA	4	9f4abaa0-a91f-4de9-af40-df144c0a331f
croco	NA	NA	NA	358.90245945833476	3656.819203180113	NA	5	9f4abaa0-a91f-4de9-af40-df144c0a331f
picoeuk	72.89568714541414	NA	NA	NA	3304.3583001215966	NA	1	9f4abaa0-a91f-4de9-af40-df144c0a331f
picoeuk	16.462279352836287	NA	NA	NA	60.64086379166883	NA	2	9f4abaa0-a91f-4de9-af40-df144c0a331f
picoeuk	34.122627324105984	NA	NA	NA	7.944582906282327	NA	3	9f4abaa0-a91f-4de9-af40-df144c0a331f
picoeuk	200.4803501706221	NA	NA	NA	2.997748431409042	NA	4	9f4abaa0-a91f-4de9-af40-df144c0a331f
picoeuk	3498.792918103302	NA	NA	NA	3.062422499868541	NA	5	9f4abaa0-a91f-4de9-af40-df144c0a331f
picoeuk	3745.557584158155	NA	NA	NA	3720.9883132423115	NA	6	9f4abaa0-a91f-4de9-af40-df144c0a331f
prochloro	7.738189452791744	NA	NA	NA	13.827109181800111	NA	1	9f4abaa0-a91f-4de9-af40-df144c0a331f
prochloro	4.630568094884525	NA	NA	NA	10.613402348376166	NA	2	9f4abaa0-a91f-4de9-af40-df144c0a331f
prochloro	1.421789328646902	NA	NA	NA	4.790717597838479	NA	3	9f4abaa0-a91f-4de9-af40-df144c0a331f
prochloro	1.1083924679750612	NA	NA	NA	1.9201794010836815	NA	4	9f4abaa0-a91f-4de9-af40-df144c0a331f
prochloro	2.2513609407715545	NA	NA	NA	1.4988441184988561	NA	5	9f4abaa0-a91f-4de9-af40-df144c0a331f
prochloro	4.679437635937986	NA	NA	NA	1.5941818641953236	NA	6	9f4abaa0-a91f-4de9-af40-df144c0a331f
prochloro	26.495386663416014	NA	NA	NA	2.0712368550230544	NA	7	9f4abaa0-a91f-4de9-af40-df144c0a331f
prochloro	38.57806019056041	NA	NA	NA	5.798072103938476	NA	8	9f4abaa0-a91f-4de9-af40-df144c0a331f
prochloro	16.73154183040212	NA	NA	NA	8.997544899220046	NA	9	9f4abaa0-a91f-4de9-af40-df144c0a331f
synecho	26.88252192127922	NA	NA	44.94843219721259	NA	NA	1	9f4abaa0-a91f-4de9-af40-df144c0a331f
synecho	6.800591751944174	NA	NA	14.32372173810232	NA	NA	2	9f4abaa0-a91f-4de9-af40-df144c0a331f
synecho	5.948552243339696	NA	NA	3.5917989644668116	NA	NA	3	9f4abaa0-a91f-4de9-af40-df144c0a331f
synecho	7.39973991067967	NA	NA	1.8832176256954436	NA	NA	4	9f4abaa0-a91f-4de9-af40-df144c0a331f
synecho	24.08866982638118	NA	NA	1.4797286175655198	NA	NA	5	9f4abaa0-a91f-4de9-af40-df144c0a331f
synecho	141.15679022166304	NA	NA	1.847122352532919	NA	NA	6	9f4abaa0-a91f-4de9-af40-df144c0a331f
synecho	191.3276591588652	NA	NA	15.990016120291205	NA	NA	7	9f4abaa0-a91f-4de9-af40-df144c0a331f
synecho	107.60855904913343	NA	NA	41.515373129125194	NA	NA	8	9f4abaa0-a91f-4de9-af40-df144c0a331f
beads	250.0714104023343	NA	NA	142.82124031439272	NA	NA	1	a505dadc-6fbb-41ae-ba92-bd821f815a9f
beads	388.37639433113577	NA	NA	126.4885072788252	NA	NA	2	a505dadc-6fbb-41ae-ba92-bd821f815a9f
beads	445.2329271105807	NA	NA	274.3339867453052	NA	NA	3	a505dadc-6fbb-41ae-ba92-bd821f815a9f
beads	936.7644247310066	NA	NA	511.1884071527418	NA	NA	4	a505dadc-6fbb-41ae-ba92-bd821f815a9f
beads	1569.5774633202088	NA	NA	1479.3507610577858	NA	NA	5	a505dadc-6fbb-41ae-ba92-bd821f815a9f
beads	2437.651048742288	NA	NA	3622.775649203608	NA	NA	6	a505dadc-6fbb-41ae-ba92-bd821f815a9f
beads	1158.586388480067	NA	NA	3734.451926665416	NA	NA	7	a505dadc-6fbb-41ae-ba92-bd821f815a9f
beads	567.6370585376346	NA	NA	2297.523389844011	NA	NA	8	a505dadc-6fbb-41ae-ba92-bd821f815a9f
beads	314.0181804586837	NA	NA	1012.1694943786888	NA	NA	9	a505dadc-6fbb-41ae-ba92-bd821f815a9f
beads	221.4737762063404	NA	NA	526.9463849908127	NA	NA	10	a505dadc-6fbb-41ae-ba92-bd821f815a9f
beads	228.30096322455165	NA	NA	190.56994826524368	NA	NA	11	a505dadc-6fbb-41ae-ba92-bd821f815a9f
croco	895.0601862622703	NA	NA	132.38208510976324	NA	NA	1	a505dadc-6fbb-41ae-ba92-bd821f815a9f
croco	650.7365349647614	NA	NA	122.70595339622284	NA	NA	2	a505dadc-6fbb-41ae-ba92-bd821f815a9f
croco	550.6622534278894	NA	NA	96.24588455384053	NA	NA	3	a505dadc-6fbb-41ae-ba92-bd821f815a9f
croco	757.4123053463702	NA	NA	75.49161256780822	NA	NA	4	a505dadc-6fbb-41ae-ba92-bd821f815a9f
croco	936.7644247310066	NA	NA	100.73034423898116	NA	NA	5	a505dadc-6fbb-41ae-ba92-bd821f815a9f
croco	936.7644247310066	NA	NA	134.40701430757974	NA	NA	6	a505dadc-6fbb-41ae-ba92-bd821f815a9f
picoeuk	3252.61868070138	NA	NA	NA	996.9205018103684	NA	1	a505dadc-6fbb-41ae-ba92-bd821f815a9f
picoeuk	3014.876793328224	NA	NA	NA	3065.642845398518	NA	2	a505dadc-6fbb-41ae-ba92-bd821f815a9f
picoeuk	1141.1315300538768	NA	NA	NA	3568.196174858441	NA	3	a505dadc-6fbb-41ae-ba92-bd821f815a9f
picoeuk	309.28729207810534	NA	NA	NA	1214.411422487155	NA	4	a505dadc-6fbb-41ae-ba92-bd821f815a9f
picoeuk	193.19143173019668	NA	NA	NA	76.64633958658919	NA	5	a505dadc-6fbb-41ae-ba92-bd821f815a9f
picoeuk	214.8507516319632	NA	NA	NA	14.213462054927897	NA	6	a505dadc-6fbb-41ae-ba92-bd821f815a9f
picoeuk	235.338606231639	NA	NA	NA	3.7371524296053034	NA	7	a505dadc-6fbb-41ae-ba92-bd821f815a9f
picoeuk	526.1470718876823	NA	NA	NA	2.8007812884394854	NA	8	a505dadc-6fbb-41ae-ba92-bd821f815a9f
picoeuk	1308.187981453052	NA	NA	NA	5.379798517138538	NA	9	a505dadc-6fbb-41ae-ba92-bd821f815a9f
picoeuk	3014.876793328224	NA	NA	NA	11.319027763246137	NA	10	a505dadc-6fbb-41ae-ba92-bd821f815a9f
picoeuk	4022.825409343154	NA	NA	NA	235.6961283802628	NA	11	a505dadc-6fbb-41ae-ba92-bd821f815a9f
prochloro	1.1594241997599115	NA	NA	NA	2.2304292254845475	NA	1	a505dadc-6fbb-41ae-ba92-bd821f815a9f
prochloro	1.6690431305906563	NA	NA	NA	1.6971473405745072	NA	2	a505dadc-6fbb-41ae-ba92-bd821f815a9f
prochloro	3.1576330394990677	NA	NA	NA	1.6715787106884108	NA	3	a505dadc-6fbb-41ae-ba92-bd821f815a9f
prochloro	6.5435293581169685	NA	NA	NA	1.7231070707001983	NA	4	a505dadc-6fbb-41ae-ba92-bd821f815a9f
prochloro	15.783002273924462	NA	NA	NA	1.77622385240492	NA	5	a505dadc-6fbb-41ae-ba92-bd821f815a9f
prochloro	25.65408627000905	NA	NA	NA	2.2991848032965234	NA	6	a505dadc-6fbb-41ae-ba92-bd821f815a9f
prochloro	25.2675907541384	NA	NA	NA	4.219709416473812	NA	7	a505dadc-6fbb-41ae-ba92-bd821f815a9f
prochloro	17.820970530372637	NA	NA	NA	6.454737873623531	NA	8	a505dadc-6fbb-41ae-ba92-bd821f815a9f
prochloro	8.864747862736735	NA	NA	NA	7.627785873900708	NA	9	a505dadc-6fbb-41ae-ba92-bd821f815a9f
prochloro	3.731483627255648	NA	NA	NA	6.858821124510398	NA	10	a505dadc-6fbb-41ae-ba92-bd821f815a9f
prochloro	1.6438979089297263	NA	NA	NA	4.093521839593383	NA	11	a505dadc-6fbb-41ae-ba92-bd821f815a9f
prochloro	1.21344615722752	NA	NA	NA	2.334353356771947	NA	12	a505dadc-6fbb-41ae-ba92-bd821f815a9f
synecho	5.707916426572408	NA	NA	2.84362231034178	NA	NA	1	a505dadc-6fbb-41ae-ba92-bd821f815a9f
synecho	12.193080374100823	NA	NA	2.2304292254845475	NA	NA	2	a505dadc-6fbb-41ae-ba92-bd821f815a9f
synecho	24.142691470475278	NA	NA	1.803393144515785	NA	NA	3	a505dadc-6fbb-41ae-ba92-bd821f815a9f
synecho	173.71560960557844	NA	NA	4.764576210063319	NA	NA	4	a505dadc-6fbb-41ae-ba92-bd821f815a9f
synecho	147.00055076235645	NA	NA	16.796537242021255	NA	NA	5	a505dadc-6fbb-41ae-ba92-bd821f815a9f
synecho	11.650251122513929	NA	NA	13.999326993113227	NA	NA	6	a505dadc-6fbb-41ae-ba92-bd821f815a9f
synecho	6.252215019555869	NA	NA	4.219709416473812	NA	NA	7	a505dadc-6fbb-41ae-ba92-bd821f815a9f
beads	1826.573451698342	NA	NA	3801.573114764465	NA	NA	1	a988e55a-93e5-4699-ae56-eaa97e5524f4
beads	217.7691393583826	NA	NA	701.4533251050766	NA	NA	2	a988e55a-93e5-4699-ae56-eaa97e5524f4
beads	511.8020438497248	NA	NA	137.01704205245483	NA	NA	3	a988e55a-93e5-4699-ae56-eaa97e5524f4
beads	734.160612878484	NA	NA	453.23406219469456	NA	NA	4	a988e55a-93e5-4699-ae56-eaa97e5524f4
beads	1297.7614480999089	NA	NA	1312.6318697696	NA	NA	5	a988e55a-93e5-4699-ae56-eaa97e5524f4
beads	2338.005072104629	NA	NA	3591.0625417865845	NA	NA	6	a988e55a-93e5-4699-ae56-eaa97e5524f4
croco	1347.9955375232298	NA	NA	111.18849852337274	NA	NA	1	a988e55a-93e5-4699-ae56-eaa97e5524f4
croco	904.702526825486	NA	NA	119.96292247173643	NA	NA	2	a988e55a-93e5-4699-ae56-eaa97e5524f4
croco	680.4620505989252	NA	NA	85.23240926362095	NA	NA	3	a988e55a-93e5-4699-ae56-eaa97e5524f4
croco	1629.8828259698932	NA	NA	85.23240926362095	NA	NA	4	a988e55a-93e5-4699-ae56-eaa97e5524f4
croco	1373.8371228755982	NA	NA	115.49241199363767	NA	NA	5	a988e55a-93e5-4699-ae56-eaa97e5524f4
picoeuk	2250.8775167122158	NA	NA	NA	3659.904571745958	NA	1	a988e55a-93e5-4699-ae56-eaa97e5524f4
picoeuk	584.560635234705	NA	NA	NA	2503.421071953866	NA	2	a988e55a-93e5-4699-ae56-eaa97e5524f4
picoeuk	180.106093142426	NA	NA	NA	200.31360454416128	NA	3	a988e55a-93e5-4699-ae56-eaa97e5524f4
picoeuk	163.7926619315746	NA	NA	NA	12.286604749945973	NA	4	a988e55a-93e5-4699-ae56-eaa97e5524f4
picoeuk	253.4957473923492	NA	NA	NA	2.4928794805354606	NA	5	a988e55a-93e5-4699-ae56-eaa97e5524f4
picoeuk	2936.344209972606	NA	NA	NA	25.76658194610488	NA	6	a988e55a-93e5-4699-ae56-eaa97e5524f4
picoeuk	3353.7795662913118	NA	NA	NA	145.0490759406329	NA	7	a988e55a-93e5-4699-ae56-eaa97e5524f4
picoeuk	3618.442585711564	NA	NA	NA	968.7110590680004	NA	8	a988e55a-93e5-4699-ae56-eaa97e5524f4
picoeuk	2936.344209972606	NA	NA	NA	3523.515415832499	NA	9	a988e55a-93e5-4699-ae56-eaa97e5524f4
prochloro	1.110165954572743	NA	NA	NA	2.267082467157913	NA	1	a988e55a-93e5-4699-ae56-eaa97e5524f4
prochloro	1.267988909812821	NA	NA	NA	1.521544529982673	NA	2	a988e55a-93e5-4699-ae56-eaa97e5524f4
prochloro	3.1547250548230807	NA	NA	NA	1.610738523986092	NA	3	a988e55a-93e5-4699-ae56-eaa97e5524f4
prochloro	16.460101103689183	NA	NA	NA	1.73784971684427	NA	4	a988e55a-93e5-4699-ae56-eaa97e5524f4
prochloro	123.19484836866714	NA	NA	NA	4.406614612453641	NA	5	a988e55a-93e5-4699-ae56-eaa97e5524f4
prochloro	170.1327911120192	NA	NA	NA	40.64244635544499	NA	6	a988e55a-93e5-4699-ae56-eaa97e5524f4
prochloro	2.0000390953739653	NA	NA	NA	150.6636734941662	NA	7	a988e55a-93e5-4699-ae56-eaa97e5524f4
prochloro	1.1531385485871395	NA	NA	NA	4.406614612453641	NA	8	a988e55a-93e5-4699-ae56-eaa97e5524f4
synecho	5.071440538113719	NA	NA	2.022956577433262	NA	NA	1	a988e55a-93e5-4699-ae56-eaa97e5524f4
synecho	13.106024742289772	NA	NA	1.73784971684427	NA	NA	2	a988e55a-93e5-4699-ae56-eaa97e5524f4
synecho	82.68179493813427	NA	NA	2.267082467157913	NA	NA	3	a988e55a-93e5-4699-ae56-eaa97e5524f4
synecho	173.3943011989414	NA	NA	7.789487014638593	NA	NA	4	a988e55a-93e5-4699-ae56-eaa97e5524f4
synecho	103.84160955569928	NA	NA	43.8497390103264	NA	NA	5	a988e55a-93e5-4699-ae56-eaa97e5524f4
synecho	1.962418783525788	NA	NA	2.4459889454081307	NA	NA	6	a988e55a-93e5-4699-ae56-eaa97e5524f4
beads	238.63101816884463	NA	NA	420.14303566282746	NA	NA	1	b18a6243-d347-49e3-b642-a1cca17d81a0
beads	229.21417172754963	NA	NA	243.97418735505528	NA	NA	2	b18a6243-d347-49e3-b642-a1cca17d81a0
beads	291.84619689156483	NA	NA	136.08340342065316	NA	NA	3	b18a6243-d347-49e3-b642-a1cca17d81a0
beads	386.8584077260837	NA	NA	141.67414200179255	NA	NA	4	b18a6243-d347-49e3-b642-a1cca17d81a0
beads	492.5662064411259	NA	NA	298.3809031435423	NA	NA	5	b18a6243-d347-49e3-b642-a1cca17d81a0
beads	883.0866726897082	NA	NA	641.2009712496614	NA	NA	6	b18a6243-d347-49e3-b642-a1cca17d81a0
beads	1460.734177140661	NA	NA	1901.5193508451089	NA	NA	7	b18a6243-d347-49e3-b642-a1cca17d81a0
beads	2098.6501658072693	NA	NA	2902.002297118599	NA	NA	8	b18a6243-d347-49e3-b642-a1cca17d81a0
beads	1101.9786716639776	NA	NA	3770.101469980441	NA	NA	9	b18a6243-d347-49e3-b642-a1cca17d81a0
beads	269.26703034487696	NA	NA	603.6233458866056	NA	NA	10	b18a6243-d347-49e3-b642-a1cca17d81a0
croco	938.061849471018	NA	NA	147.49456588692166	NA	NA	1	b18a6243-d347-49e3-b642-a1cca17d81a0
croco	782.6129755483884	NA	NA	159.8626020465166	NA	NA	2	b18a6243-d347-49e3-b642-a1cca17d81a0
croco	767.0158344663654	NA	NA	123.05282551579548	NA	NA	3	b18a6243-d347-49e3-b642-a1cca17d81a0
croco	957.1371831895744	NA	NA	120.6004354582876	NA	NA	4	b18a6243-d347-49e3-b642-a1cca17d81a0
croco	1037.397138667915	NA	NA	147.49456588692166	NA	NA	5	b18a6243-d347-49e3-b642-a1cca17d81a0
picoeuk	3614.043194550648	NA	NA	NA	1826.481680262864	NA	1	b18a6243-d347-49e3-b642-a1cca17d81a0
picoeuk	2838.446847173765	NA	NA	NA	3694.964963995951	NA	2	b18a6243-d347-49e3-b642-a1cca17d81a0
picoeuk	938.061849471018	NA	NA	NA	3846.7658644798594	NA	3	b18a6243-d347-49e3-b642-a1cca17d81a0
picoeuk	297.78084139644204	NA	NA	NA	2279.2143943291967	NA	4	b18a6243-d347-49e3-b642-a1cca17d81a0
picoeuk	195.1190847741535	NA	NA	NA	768.5614572791858	NA	5	b18a6243-d347-49e3-b642-a1cca17d81a0
picoeuk	159.54110884346844	NA	NA	NA	138.8506370900214	NA	6	b18a6243-d347-49e3-b642-a1cca17d81a0
picoeuk	183.6841178954608	NA	NA	NA	29.46855683251757	NA	7	b18a6243-d347-49e3-b642-a1cca17d81a0
picoeuk	224.6460315533741	NA	NA	NA	4.814094056918191	NA	8	b18a6243-d347-49e3-b642-a1cca17d81a0
picoeuk	502.5824593903811	NA	NA	NA	2.795511494161684	NA	9	b18a6243-d347-49e3-b642-a1cca17d81a0
picoeuk	2672.0994818100376	NA	NA	NA	2.579232096718282	NA	10	b18a6243-d347-49e3-b642-a1cca17d81a0
picoeuk	3614.043194550648	NA	NA	NA	28.88126112856078	NA	11	b18a6243-d347-49e3-b642-a1cca17d81a0
prochloro	1.2982665376231393	NA	NA	NA	1.9457741212150823	NA	1	b18a6243-d347-49e3-b642-a1cca17d81a0
prochloro	2.3275690901686765	NA	NA	NA	1.5909820467685003	NA	2	b18a6243-d347-49e3-b642-a1cca17d81a0
prochloro	5.53145394226409	NA	NA	NA	1.7594577840687031	NA	3	b18a6243-d347-49e3-b642-a1cca17d81a0
prochloro	17.425049546542116	NA	NA	NA	1.6900261406065231	NA	4	b18a6243-d347-49e3-b642-a1cca17d81a0
prochloro	29.40929381162333	NA	NA	NA	2.68519514607164	NA	5	b18a6243-d347-49e3-b642-a1cca17d81a0
prochloro	22.186387527775047	NA	NA	NA	4.353123607376479	NA	6	b18a6243-d347-49e3-b642-a1cca17d81a0
prochloro	15.134741958963902	NA	NA	NA	8.290254444403532	NA	7	b18a6243-d347-49e3-b642-a1cca17d81a0
prochloro	2.021638875532145	NA	NA	NA	5.770308077751636	NA	8	b18a6243-d347-49e3-b642-a1cca17d81a0
prochloro	1.2982665376231393	NA	NA	NA	2.332259402574918	NA	9	b18a6243-d347-49e3-b642-a1cca17d81a0
synecho	12.128446096309013	NA	NA	2.195577185907938	NA	NA	1	b18a6243-d347-49e3-b642-a1cca17d81a0
synecho	25.03472821566566	NA	NA	1.8317419000447872	NA	NA	2	b18a6243-d347-49e3-b642-a1cca17d81a0
synecho	82.10375705242357	NA	NA	2.285778472564337	NA	NA	3	b18a6243-d347-49e3-b642-a1cca17d81a0
synecho	138.57140019851664	NA	NA	5.011872336272726	NA	NA	4	b18a6243-d347-49e3-b642-a1cca17d81a0
synecho	120.35790080798078	NA	NA	13.991956124851438	NA	NA	5	b18a6243-d347-49e3-b642-a1cca17d81a0
synecho	56.00817957832313	NA	NA	18.177481942926377	NA	NA	6	b18a6243-d347-49e3-b642-a1cca17d81a0
synecho	18.50981869646768	NA	NA	13.439806185366889	NA	NA	7	b18a6243-d347-49e3-b642-a1cca17d81a0
beads	249.3590302898292	NA	NA	268.282764245	NA	NA	1	b35d3534-11aa-4049-9ea4-ebedc2451a48
beads	254.4775375840986	NA	NA	214.54820510650373	NA	NA	2	b35d3534-11aa-4049-9ea4-ebedc2451a48
beads	259.7011107221471	NA	NA	164.74350140151287	NA	NA	3	b35d3534-11aa-4049-9ea4-ebedc2451a48
beads	359.47066959855243	NA	NA	134.4512234928721	NA	NA	4	b35d3534-11aa-4049-9ea4-ebedc2451a48
beads	382.06435408216703	NA	NA	197.80053969164825	NA	NA	5	b35d3534-11aa-4049-9ea4-ebedc2451a48
beads	406.0781115278262	NA	NA	315.63677635250906	NA	NA	6	b35d3534-11aa-4049-9ea4-ebedc2451a48
beads	406.0781115278262	NA	NA	428.1075622404251	NA	NA	7	b35d3534-11aa-4049-9ea4-ebedc2451a48
beads	345.1554648321588	NA	NA	557.531606951512	NA	NA	8	b35d3534-11aa-4049-9ea4-ebedc2451a48
beads	281.6898642261625	NA	NA	524.5615246014694	NA	NA	9	b35d3534-11aa-4049-9ea4-ebedc2451a48
beads	276.0240139572098	NA	NA	411.0590296790419	NA	NA	10	b35d3534-11aa-4049-9ea4-ebedc2451a48
croco	487.560777413656	NA	NA	103.24004022749872	NA	NA	1	b35d3534-11aa-4049-9ea4-ebedc2451a48
croco	597.4097336602343	NA	NA	67.38089026927534	NA	NA	2	b35d3534-11aa-4049-9ea4-ebedc2451a48
croco	992.84425700313	NA	NA	71.61595783868015	NA	NA	3	b35d3534-11aa-4049-9ea4-ebedc2451a48
croco	1521.2218274798174	NA	NA	85.98624522675814	NA	NA	4	b35d3534-11aa-4049-9ea4-ebedc2451a48
croco	1374.265935480871	NA	NA	137.2110576459475	NA	NA	5	b35d3534-11aa-4049-9ea4-ebedc2451a48
croco	896.9316749140045	NA	NA	142.90183929812352	NA	NA	6	b35d3534-11aa-4049-9ea4-ebedc2451a48
croco	647.9920948131245	NA	NA	140.027541968167	NA	NA	7	b35d3534-11aa-4049-9ea4-ebedc2451a48
croco	518.2052647198725	NA	NA	101.16349192393596	NA	NA	8	b35d3534-11aa-4049-9ea4-ebedc2451a48
picoeuk	3161.3258958000533	NA	NA	NA	349.3891111946918	NA	1	b35d3534-11aa-4049-9ea4-ebedc2451a48
picoeuk	3719.3247115897584	NA	NA	NA	1158.6338526990487	NA	2	b35d3534-11aa-4049-9ea4-ebedc2451a48
picoeuk	3161.3258958000533	NA	NA	NA	3921.0954500071703	NA	3	b35d3534-11aa-4049-9ea4-ebedc2451a48
picoeuk	915.3426837921352	NA	NA	NA	4167.546693238047	NA	4	b35d3534-11aa-4049-9ea4-ebedc2451a48
picoeuk	220.7389540191663	NA	NA	NA	2950.3019577267914	NA	5	b35d3534-11aa-4049-9ea4-ebedc2451a48
picoeuk	124.96750138166404	NA	NA	NA	503.6719047456197	NA	6	b35d3534-11aa-4049-9ea4-ebedc2451a48
picoeuk	150.04318232235258	NA	NA	NA	99.1287108731516	NA	7	b35d3534-11aa-4049-9ea4-ebedc2451a48
picoeuk	187.62216952397645	NA	NA	NA	33.768263728152874	NA	8	b35d3534-11aa-4049-9ea4-ebedc2451a48
picoeuk	191.473425450657	NA	NA	NA	9.01417039684426	NA	9	b35d3534-11aa-4049-9ea4-ebedc2451a48
picoeuk	225.26998682340508	NA	NA	NA	3.2636839520126677	NA	10	b35d3534-11aa-4049-9ea4-ebedc2451a48
picoeuk	449.50170921740937	NA	NA	NA	2.6635727461728287	NA	11	b35d3534-11aa-4049-9ea4-ebedc2451a48
picoeuk	1584.313982100839	NA	NA	NA	2.557501256907151	NA	12	b35d3534-11aa-4049-9ea4-ebedc2451a48
picoeuk	3499.3794376380893	NA	NA	NA	2.557501256907151	NA	13	b35d3534-11aa-4049-9ea4-ebedc2451a48
prochloro	46.17466704529087	NA	NA	NA	2.830985353975824	NA	1	b35d3534-11aa-4049-9ea4-ebedc2451a48
prochloro	45.24591957183792	NA	NA	NA	5.423965640091045	NA	2	b35d3534-11aa-4049-9ea4-ebedc2451a48
prochloro	30.13646804614821	NA	NA	NA	7.979572836954088	NA	3	b35d3534-11aa-4049-9ea4-ebedc2451a48
prochloro	14.209908399322474	NA	NA	NA	9.777395360912529	NA	4	b35d3534-11aa-4049-9ea4-ebedc2451a48
prochloro	6.177216048948439	NA	NA	NA	9.58073490141227	NA	5	b35d3534-11aa-4049-9ea4-ebedc2451a48
prochloro	1.55144635524814	NA	NA	NA	4.164859317217422	NA	6	b35d3534-11aa-4049-9ea4-ebedc2451a48
prochloro	1.4303402175673583	NA	NA	NA	2.406261352300451	NA	7	b35d3534-11aa-4049-9ea4-ebedc2451a48
prochloro	2.0204744223947806	NA	NA	NA	1.8105138395652547	NA	8	b35d3534-11aa-4049-9ea4-ebedc2451a48
prochloro	4.031636522483035	NA	NA	NA	1.6691848547855774	NA	9	b35d3534-11aa-4049-9ea4-ebedc2451a48
prochloro	8.725831012242454	NA	NA	NA	1.7034476398339993	NA	10	b35d3534-11aa-4049-9ea4-ebedc2451a48
prochloro	20.072676495270105	NA	NA	NA	1.7034476398339993	NA	11	b35d3534-11aa-4049-9ea4-ebedc2451a48
prochloro	36.92630782240874	NA	NA	NA	2.774043514150353	NA	12	b35d3534-11aa-4049-9ea4-ebedc2451a48
synecho	10.266008625085542	NA	NA	1.9638090735483016	NA	NA	1	b35d3534-11aa-4049-9ea4-ebedc2451a48
synecho	22.675214569275365	NA	NA	1.8856042813705696	NA	NA	2	b35d3534-11aa-4049-9ea4-ebedc2451a48
synecho	104.08254583687057	NA	NA	2.218428226364858	NA	NA	3	b35d3534-11aa-4049-9ea4-ebedc2451a48
synecho	144.06801088167708	NA	NA	4.337595431878625	NA	NA	4	b35d3534-11aa-4049-9ea4-ebedc2451a48
synecho	169.497144768808	NA	NA	10.39193057765974	NA	NA	5	b35d3534-11aa-4049-9ea4-ebedc2451a48
synecho	117.57744714929322	NA	NA	19.117312405756586	NA	NA	6	b35d3534-11aa-4049-9ea4-ebedc2451a48
synecho	55.43996566748231	NA	NA	23.42450221940814	NA	NA	7	b35d3534-11aa-4049-9ea4-ebedc2451a48
synecho	27.78401078195518	NA	NA	20.73596497516812	NA	NA	8	b35d3534-11aa-4049-9ea4-ebedc2451a48
synecho	12.078039666647896	NA	NA	8.143366791893792	NA	NA	9	b35d3534-11aa-4049-9ea4-ebedc2451a48
synecho	7.267543131255802	NA	NA	3.0089202879633308	NA	NA	10	b35d3534-11aa-4049-9ea4-ebedc2451a48
synecho	11.363795025677977	NA	NA	1.9638090735483016	NA	NA	11	b35d3534-11aa-4049-9ea4-ebedc2451a48
beads	246.3039217554692	NA	NA	445.9093169103135	NA	NA	1	b9019b26-793a-46d3-ae75-72bebc5a7aea
beads	187.41417167789987	NA	NA	266.13021306643765	NA	NA	2	b9019b26-793a-46d3-ae75-72bebc5a7aea
beads	257.7801527914737	NA	NA	130.38766278896736	NA	NA	3	b9019b26-793a-46d3-ae75-72bebc5a7aea
beads	394.3170372812124	NA	NA	166.23404260652123	NA	NA	4	b9019b26-793a-46d3-ae75-72bebc5a7aea
beads	681.0568106859027	NA	NA	314.4952311915924	NA	NA	5	b9019b26-793a-46d3-ae75-72bebc5a7aea
beads	1288.4792776065792	NA	NA	671.8153078308495	NA	NA	6	b9019b26-793a-46d3-ae75-72bebc5a7aea
beads	2094.326413387698	NA	NA	1501.9790536050275	NA	NA	7	b9019b26-793a-46d3-ae75-72bebc5a7aea
beads	3456.24100528314	NA	NA	3208.4827373373705	NA	NA	8	b9019b26-793a-46d3-ae75-72bebc5a7aea
beads	1617.9615161196384	NA	NA	3622.775649203608	NA	NA	9	b9019b26-793a-46d3-ae75-72bebc5a7aea
beads	670.7962463215048	NA	NA	2973.9668544567207	NA	NA	10	b9019b26-793a-46d3-ae75-72bebc5a7aea
beads	295.5179914475028	NA	NA	1178.095264284104	NA	NA	11	b9019b26-793a-46d3-ae75-72bebc5a7aea
beads	196.14650658457796	NA	NA	488.4305796013031	NA	NA	12	b9019b26-793a-46d3-ae75-72bebc5a7aea
croco	922.6514586415084	NA	NA	128.4232877392232	NA	NA	1	b9019b26-793a-46d3-ae75-72bebc5a7aea
croco	612.3987900744996	NA	NA	124.58287554601289	NA	NA	2	b9019b26-793a-46d3-ae75-72bebc5a7aea
croco	603.1726035014427	NA	NA	83.95522284214957	NA	NA	3	b9019b26-793a-46d3-ae75-72bebc5a7aea
croco	1158.586388480067	NA	NA	93.36771599816976	NA	NA	4	b9019b26-793a-46d3-ae75-72bebc5a7aea
croco	1073.9024640113366	NA	NA	124.58287554601289	NA	NA	5	b9019b26-793a-46d3-ae75-72bebc5a7aea
picoeuk	3456.24100528314	NA	NA	NA	511.1884071527418	NA	1	b9019b26-793a-46d3-ae75-72bebc5a7aea
picoeuk	3404.170483797765	NA	NA	NA	1914.9054799393723	NA	2	b9019b26-793a-46d3-ae75-72bebc5a7aea
picoeuk	2474.9375953214053	NA	NA	NA	3568.196174858441	NA	3	b9019b26-793a-46d3-ae75-72bebc5a7aea
picoeuk	612.3987900744996	NA	NA	NA	3257.560000096431	NA	4	b9019b26-793a-46d3-ae75-72bebc5a7aea
picoeuk	235.338606231639	NA	NA	NA	377.33462942513455	NA	5	b9019b26-793a-46d3-ae75-72bebc5a7aea
picoeuk	149.2490854268994	NA	NA	NA	56.57663151202295	NA	6	b9019b26-793a-46d3-ae75-72bebc5a7aea
picoeuk	221.4737762063404	NA	NA	NA	11.319027763246137	NA	7	b9019b26-793a-46d3-ae75-72bebc5a7aea
picoeuk	228.30096322455165	NA	NA	NA	2.518431715815657	NA	8	b9019b26-793a-46d3-ae75-72bebc5a7aea
picoeuk	518.2203236171435	NA	NA	NA	2.09902485205861	NA	9	b9019b26-793a-46d3-ae75-72bebc5a7aea
picoeuk	1693.3484609722157	NA	NA	NA	2.1968263567234647	NA	10	b9019b26-793a-46d3-ae75-72bebc5a7aea
picoeuk	3302.3710511256304	NA	NA	NA	5.140292837429446	NA	11	b9019b26-793a-46d3-ae75-72bebc5a7aea
picoeuk	3617.2803424160697	NA	NA	NA	39.90291328896797	NA	12	b9019b26-793a-46d3-ae75-72bebc5a7aea
picoeuk	3617.2803424160697	NA	NA	NA	305.09046246282975	NA	13	b9019b26-793a-46d3-ae75-72bebc5a7aea
prochloro	1.1247523975327116	NA	NA	NA	2.84362231034178	NA	1	b9019b26-793a-46d3-ae75-72bebc5a7aea
prochloro	1.2508520478653524	NA	NA	NA	1.8309780207506927	NA	2	b9019b26-793a-46d3-ae75-72bebc5a7aea
prochloro	2.5146115634678523	NA	NA	NA	1.6971473405745072	NA	3	b9019b26-793a-46d3-ae75-72bebc5a7aea
prochloro	6.745241269352002	NA	NA	NA	1.6715787106884108	NA	4	b9019b26-793a-46d3-ae75-72bebc5a7aea
prochloro	19.818937511725917	NA	NA	NA	1.803393144515785	NA	5	b9019b26-793a-46d3-ae75-72bebc5a7aea
prochloro	35.82583459360392	NA	NA	NA	3.162430058428192	NA	6	b9019b26-793a-46d3-ae75-72bebc5a7aea
prochloro	36.373830030030085	NA	NA	NA	7.512868312415366	NA	7	b9019b26-793a-46d3-ae75-72bebc5a7aea
prochloro	16.518392028364353	NA	NA	NA	10.491692225997424	NA	8	b9019b26-793a-46d3-ae75-72bebc5a7aea
prochloro	4.97901180688074	NA	NA	NA	8.612717967820261	NA	9	b9019b26-793a-46d3-ae75-72bebc5a7aea
prochloro	1.6945729759979529	NA	NA	NA	5.218919254615784	NA	10	b9019b26-793a-46d3-ae75-72bebc5a7aea
synecho	7.167510782615119	NA	NA	2.717025804523828	NA	NA	1	b9019b26-793a-46d3-ae75-72bebc5a7aea
synecho	11.131588331520884	NA	NA	1.9162902100094672	NA	NA	2	b9019b26-793a-46d3-ae75-72bebc5a7aea
synecho	30.78003790155115	NA	NA	1.8874200500871736	NA	NA	3	b9019b26-793a-46d3-ae75-72bebc5a7aea
synecho	122.51982349918708	NA	NA	2.2991848032965234	NA	NA	4	b9019b26-793a-46d3-ae75-72bebc5a7aea
synecho	179.07059553246717	NA	NA	8.4829617629418	NA	NA	5	b9019b26-793a-46d3-ae75-72bebc5a7aea
synecho	142.60459799168177	NA	NA	26.890196285355294	NA	NA	6	b9019b26-793a-46d3-ae75-72bebc5a7aea
synecho	76.53007648035387	NA	NA	41.762140899515245	NA	NA	7	b9019b26-793a-46d3-ae75-72bebc5a7aea
synecho	20.12208989978444	NA	NA	35.339701061882764	NA	NA	8	b9019b26-793a-46d3-ae75-72bebc5a7aea
synecho	6.745241269352002	NA	NA	8.744458936178155	NA	NA	9	b9019b26-793a-46d3-ae75-72bebc5a7aea
beads	635.8232423148086	NA	NA	3428.162973973344	NA	NA	1	badfedd4-d137-4d64-8d3a-184f77dcbb55
beads	355.1995832278988	NA	NA	1880.59600702569	NA	NA	2	badfedd4-d137-4d64-8d3a-184f77dcbb55
beads	174.7006441212668	NA	NA	619.8314401250432	NA	NA	3	badfedd4-d137-4d64-8d3a-184f77dcbb55
beads	143.01201401422918	NA	NA	223.7493002372516	NA	NA	4	badfedd4-d137-4d64-8d3a-184f77dcbb55
beads	270.3600201292469	NA	NA	164.2206290414991	NA	NA	5	badfedd4-d137-4d64-8d3a-184f77dcbb55
beads	647.4979501410867	NA	NA	304.85664102533906	NA	NA	6	badfedd4-d137-4d64-8d3a-184f77dcbb55
beads	1495.3068699819314	NA	NA	1129.8988114421877	NA	NA	7	badfedd4-d137-4d64-8d3a-184f77dcbb55
beads	1441.870749584671	NA	NA	1283.374900224267	NA	NA	8	badfedd4-d137-4d64-8d3a-184f77dcbb55
beads	2628.404983587654	NA	NA	2706.0478983760927	NA	NA	9	badfedd4-d137-4d64-8d3a-184f77dcbb55
beads	2112.8482206113163	NA	NA	3893.816216214933	NA	NA	10	badfedd4-d137-4d64-8d3a-184f77dcbb55
beads	898.409572721615	NA	NA	3366.3515024570584	NA	NA	11	badfedd4-d137-4d64-8d3a-184f77dcbb55
croco	776.7090810190075	NA	NA	85.30132271025236	NA	NA	1	badfedd4-d137-4d64-8d3a-184f77dcbb55
croco	441.8719459433496	NA	NA	73.74622219493624	NA	NA	2	badfedd4-d137-4d64-8d3a-184f77dcbb55
croco	492.8428047210631	NA	NA	46.79396169342019	NA	NA	3	badfedd4-d137-4d64-8d3a-184f77dcbb55
croco	1002.0430074217436	NA	NA	75.10031801924603	NA	NA	4	badfedd4-d137-4d64-8d3a-184f77dcbb55
picoeuk	2356.5697088393326	NA	NA	NA	3686.968727401051	NA	1	badfedd4-d137-4d64-8d3a-184f77dcbb55
picoeuk	492.8428047210631	NA	NA	NA	3686.968727401051	NA	2	badfedd4-d137-4d64-8d3a-184f77dcbb55
picoeuk	165.4201882589255	NA	NA	NA	1625.846429886105	NA	3	badfedd4-d137-4d64-8d3a-184f77dcbb55
picoeuk	130.5757503903674	NA	NA	NA	407.8755158791065	NA	4	badfedd4-d137-4d64-8d3a-184f77dcbb55
picoeuk	132.9733251148373	NA	NA	NA	58.21217109538015	NA	5	badfedd4-d137-4d64-8d3a-184f77dcbb55
picoeuk	174.7006441212668	NA	NA	NA	6.925959908041289	NA	6	badfedd4-d137-4d64-8d3a-184f77dcbb55
picoeuk	1180.3324531715807	NA	NA	NA	3.1673352776587365	NA	7	badfedd4-d137-4d64-8d3a-184f77dcbb55
picoeuk	3994.277623400808	NA	NA	NA	4.012545946265498	NA	8	badfedd4-d137-4d64-8d3a-184f77dcbb55
picoeuk	3851.538561427052	NA	NA	NA	36.27119266831818	NA	9	badfedd4-d137-4d64-8d3a-184f77dcbb55
picoeuk	3646.936948186188	NA	NA	NA	480.4471511506544	NA	10	badfedd4-d137-4d64-8d3a-184f77dcbb55
picoeuk	4067.6187992604255	NA	NA	NA	3018.196217680213	NA	11	badfedd4-d137-4d64-8d3a-184f77dcbb55
picoeuk	2272.355595192148	NA	NA	NA	3754.667231941906	NA	12	badfedd4-d137-4d64-8d3a-184f77dcbb55
prochloro	7.781310825430504	NA	NA	NA	12.174241892330762	NA	1	badfedd4-d137-4d64-8d3a-184f77dcbb55
prochloro	3.308710992910989	NA	NA	NA	14.603666668342273	NA	2	badfedd4-d137-4d64-8d3a-184f77dcbb55
prochloro	1.1105520667010385	NA	NA	NA	6.925959908041289	NA	3	badfedd4-d137-4d64-8d3a-184f77dcbb55
prochloro	1.0708655012642194	NA	NA	NA	3.468997848085193	NA	4	badfedd4-d137-4d64-8d3a-184f77dcbb55
prochloro	1.7186478081869812	NA	NA	NA	2.5928181283743355	NA	5	badfedd4-d137-4d64-8d3a-184f77dcbb55
prochloro	4.041855823491543	NA	NA	NA	2.5460683369829487	NA	6	badfedd4-d137-4d64-8d3a-184f77dcbb55
prochloro	13.928896631925852	NA	NA	NA	2.6404263189545376	NA	7	badfedd4-d137-4d64-8d3a-184f77dcbb55
prochloro	26.815670543804597	NA	NA	NA	4.086222557066352	NA	8	badfedd4-d137-4d64-8d3a-184f77dcbb55
prochloro	16.70847066038517	NA	NA	NA	9.436565259434536	NA	9	badfedd4-d137-4d64-8d3a-184f77dcbb55
prochloro	8.522416524421013	NA	NA	NA	13.0933241732131	NA	10	badfedd4-d137-4d64-8d3a-184f77dcbb55
synecho	7.104651361319782	NA	NA	1.9735224771617996	NA	NA	1	badfedd4-d137-4d64-8d3a-184f77dcbb55
synecho	16.407208682426123	NA	NA	1.737513099960029	NA	NA	2	badfedd4-d137-4d64-8d3a-184f77dcbb55
synecho	39.29439709439764	NA	NA	1.868684922985838	NA	NA	3	badfedd4-d137-4d64-8d3a-184f77dcbb55
synecho	92.4111891744262	NA	NA	2.009759432302938	NA	NA	4	badfedd4-d137-4d64-8d3a-184f77dcbb55
synecho	156.6327292109122	NA	NA	4.012545946265498	NA	NA	5	badfedd4-d137-4d64-8d3a-184f77dcbb55
synecho	130.5757503903674	NA	NA	11.739184534832086	NA	NA	6	badfedd4-d137-4d64-8d3a-184f77dcbb55
synecho	58.63738531366338	NA	NA	17.202037813023374	NA	NA	7	badfedd4-d137-4d64-8d3a-184f77dcbb55
synecho	14.710340008119864	NA	NA	18.500688545351707	NA	NA	8	badfedd4-d137-4d64-8d3a-184f77dcbb55
synecho	6.850760328552285	NA	NA	7.866724892465788	NA	NA	9	badfedd4-d137-4d64-8d3a-184f77dcbb55
beads	243.48354075009743	NA	NA	867.2311874086294	NA	NA	1	c0902a2a-cc7a-4c02-b02d-a5395ea54dc3
beads	183.6841178954608	NA	NA	428.68657532315535	NA	NA	2	c0902a2a-cc7a-4c02-b02d-a5395ea54dc3
beads	183.6841178954608	NA	NA	248.9353624045852	NA	NA	3	c0902a2a-cc7a-4c02-b02d-a5395ea54dc3
beads	253.48661820794248	NA	NA	176.79112100826123	NA	NA	4	c0902a2a-cc7a-4c02-b02d-a5395ea54dc3
beads	445.4008492778346	NA	NA	304.4484298273289	NA	NA	5	c0902a2a-cc7a-4c02-b02d-a5395ea54dc3
beads	883.0866726897082	NA	NA	816.4070462659756	NA	NA	6	c0902a2a-cc7a-4c02-b02d-a5395ea54dc3
beads	2098.6501658072693	NA	NA	2019.895457855525	NA	NA	7	c0902a2a-cc7a-4c02-b02d-a5395ea54dc3
beads	2098.6501658072693	NA	NA	3209.307447196813	NA	NA	8	c0902a2a-cc7a-4c02-b02d-a5395ea54dc3
beads	938.061849471018	NA	NA	3274.5681873017998	NA	NA	9	c0902a2a-cc7a-4c02-b02d-a5395ea54dc3
beads	322.751010242184	NA	NA	1245.9589867411569	NA	NA	10	c0902a2a-cc7a-4c02-b02d-a5395ea54dc3
beads	233.87520428227035	NA	NA	723.5198622020071	NA	NA	11	c0902a2a-cc7a-4c02-b02d-a5395ea54dc3
croco	1080.016709176349	NA	NA	141.67414200179255	NA	NA	1	c0902a2a-cc7a-4c02-b02d-a5395ea54dc3
croco	707.674378402103	NA	NA	144.55506242244334	NA	NA	2	c0902a2a-cc7a-4c02-b02d-a5395ea54dc3
croco	1080.016709176349	NA	NA	106.87905113432237	NA	NA	3	c0902a2a-cc7a-4c02-b02d-a5395ea54dc3
picoeuk	3402.2419539099155	NA	NA	NA	1618.672670284314	NA	1	c0902a2a-cc7a-4c02-b02d-a5395ea54dc3
picoeuk	3267.9828358708937	NA	NA	NA	3341.155993843742	NA	2	c0902a2a-cc7a-4c02-b02d-a5395ea54dc3
picoeuk	938.061849471018	NA	NA	NA	3341.155993843742	NA	3	c0902a2a-cc7a-4c02-b02d-a5395ea54dc3
picoeuk	336.0106471979475	NA	NA	NA	1754.4051428417974	NA	4	c0902a2a-cc7a-4c02-b02d-a5395ea54dc3
picoeuk	150.19119159920376	NA	NA	NA	395.52052524731	NA	5	c0902a2a-cc7a-4c02-b02d-a5395ea54dc3
picoeuk	147.19794554037313	NA	NA	NA	64.6137176246499	NA	6	c0902a2a-cc7a-4c02-b02d-a5395ea54dc3
picoeuk	238.63101816884463	NA	NA	NA	15.473622828252925	NA	7	c0902a2a-cc7a-4c02-b02d-a5395ea54dc3
picoeuk	263.90065386985907	NA	NA	NA	5.655308311599829	NA	8	c0902a2a-cc7a-4c02-b02d-a5395ea54dc3
picoeuk	707.674378402103	NA	NA	NA	3.631755220852416	NA	9	c0902a2a-cc7a-4c02-b02d-a5395ea54dc3
picoeuk	2368.079817183988	NA	NA	NA	2.7397981485705167	NA	10	c0902a2a-cc7a-4c02-b02d-a5395ea54dc3
picoeuk	3402.2419539099155	NA	NA	NA	20.51114988939206	NA	11	c0902a2a-cc7a-4c02-b02d-a5395ea54dc3
picoeuk	3687.5341696374257	NA	NA	NA	323.4013896761865	NA	12	c0902a2a-cc7a-4c02-b02d-a5395ea54dc3
prochloro	15.442504452209183	NA	NA	NA	5.113787937491472	NA	1	c0902a2a-cc7a-4c02-b02d-a5395ea54dc3
prochloro	11.190108686817831	NA	NA	NA	9.936931356464152	NA	2	c0902a2a-cc7a-4c02-b02d-a5395ea54dc3
prochloro	3.148062146425939	NA	NA	NA	11.440665569089717	NA	3	c0902a2a-cc7a-4c02-b02d-a5395ea54dc3
prochloro	1.2723926421191836	NA	NA	NA	6.254172541018367	NA	4	c0902a2a-cc7a-4c02-b02d-a5395ea54dc3
prochloro	1.0403848154727264	NA	NA	NA	3.2185501692577283	NA	5	c0902a2a-cc7a-4c02-b02d-a5395ea54dc3
prochloro	1.435745406465502	NA	NA	NA	2.151820273877335	NA	6	c0902a2a-cc7a-4c02-b02d-a5395ea54dc3
prochloro	2.235718664051335	NA	NA	NA	1.868990070886957	NA	7	c0902a2a-cc7a-4c02-b02d-a5395ea54dc3
prochloro	4.708662743453007	NA	NA	NA	1.9069956771686156	NA	8	c0902a2a-cc7a-4c02-b02d-a5395ea54dc3
prochloro	10.53431162652082	NA	NA	NA	2.0669052395961214	NA	9	c0902a2a-cc7a-4c02-b02d-a5395ea54dc3
synecho	9.335764226035668	NA	NA	2.195577185907938	NA	NA	1	c0902a2a-cc7a-4c02-b02d-a5395ea54dc3
synecho	28.24874558995405	NA	NA	1.8317419000447872	NA	NA	2	c0902a2a-cc7a-4c02-b02d-a5395ea54dc3
synecho	122.8053589631888	NA	NA	6.643516250640975	NA	NA	3	c0902a2a-cc7a-4c02-b02d-a5395ea54dc3
synecho	22.6375440760775	NA	NA	14.276480255757583	NA	NA	4	c0902a2a-cc7a-4c02-b02d-a5395ea54dc3
synecho	9.719307082335186	NA	NA	5.432138790901417	NA	NA	5	c0902a2a-cc7a-4c02-b02d-a5395ea54dc3
beads	NA	NA	NA	248.25089140097987	37.52235347008282	NA	1	c42e7eb3-12d5-4fbd-9033-21873d1f2127
beads	NA	NA	NA	149.30849197806762	28.524189523649504	NA	2	c42e7eb3-12d5-4fbd-9033-21873d1f2127
beads	NA	NA	NA	123.78463818282532	32.390602112438934	NA	3	c42e7eb3-12d5-4fbd-9033-21873d1f2127
beads	NA	NA	NA	177.68165503422193	79.42450912338123	NA	4	c42e7eb3-12d5-4fbd-9033-21873d1f2127
beads	NA	NA	NA	1643.4737385425997	691.8247169443382	NA	5	c42e7eb3-12d5-4fbd-9033-21873d1f2127
beads	NA	NA	NA	2222.261038809474	430.6596664129137	NA	6	c42e7eb3-12d5-4fbd-9033-21873d1f2127
croco	NA	NA	NA	470.685074296844	853.973394904945	NA	1	c42e7eb3-12d5-4fbd-9033-21873d1f2127
croco	NA	NA	NA	98.31003609625446	423.0548013236171	NA	2	c42e7eb3-12d5-4fbd-9033-21873d1f2127
croco	NA	NA	NA	39.43165693697728	635.4027081086358	NA	3	c42e7eb3-12d5-4fbd-9033-21873d1f2127
croco	NA	NA	NA	41.83394265389357	3837.4669588699558	NA	4	c42e7eb3-12d5-4fbd-9033-21873d1f2127
croco	NA	NA	NA	910.1753231984637	3907.057243226616	NA	5	c42e7eb3-12d5-4fbd-9033-21873d1f2127
picoeuk	83.12868906655063	NA	NA	NA	3524.559994416207	NA	1	c42e7eb3-12d5-4fbd-9033-21873d1f2127
picoeuk	18.856367210674893	NA	NA	NA	61.96235049191416	NA	2	c42e7eb3-12d5-4fbd-9033-21873d1f2127
picoeuk	30.435012559548213	NA	NA	NA	6.028269937460818	NA	3	c42e7eb3-12d5-4fbd-9033-21873d1f2127
picoeuk	3754.7397598817843	NA	NA	NA	2.736813273223113	NA	4	c42e7eb3-12d5-4fbd-9033-21873d1f2127
picoeuk	3575.3527358329025	NA	NA	NA	3752.6099136537496	NA	5	c42e7eb3-12d5-4fbd-9033-21873d1f2127
prochloro	8.856410595955941	NA	NA	NA	12.848986972238071	NA	1	c42e7eb3-12d5-4fbd-9033-21873d1f2127
prochloro	1.8966676309846169	NA	NA	NA	7.162454416020057	NA	2	c42e7eb3-12d5-4fbd-9033-21873d1f2127
prochloro	1.2256361555310502	NA	NA	NA	3.0596153541578692	NA	3	c42e7eb3-12d5-4fbd-9033-21873d1f2127
prochloro	1.3896446610843318	NA	NA	NA	2.1409836799778907	NA	4	c42e7eb3-12d5-4fbd-9033-21873d1f2127
prochloro	1.9754033930700268	NA	NA	NA	1.7038444691515962	NA	5	c42e7eb3-12d5-4fbd-9033-21873d1f2127
prochloro	3.758872939598647	NA	NA	NA	1.3363906520459745	NA	6	c42e7eb3-12d5-4fbd-9033-21873d1f2127
prochloro	11.24196806174208	NA	NA	NA	1.4252097673093402	NA	7	c42e7eb3-12d5-4fbd-9033-21873d1f2127
prochloro	21.69298378510375	NA	NA	NA	2.1177461751585938	NA	8	c42e7eb3-12d5-4fbd-9033-21873d1f2127
prochloro	28.597188127568653	NA	NA	NA	6.072186697570667	NA	9	c42e7eb3-12d5-4fbd-9033-21873d1f2127
prochloro	15.397506002896375	NA	NA	NA	11.105920241781515	NA	10	c42e7eb3-12d5-4fbd-9033-21873d1f2127
synecho	28.096444869452206	NA	NA	49.093396959312095	NA	NA	1	c42e7eb3-12d5-4fbd-9033-21873d1f2127
synecho	7.990156734144392	NA	NA	20.45541405088211	NA	NA	2	c42e7eb3-12d5-4fbd-9033-21873d1f2127
synecho	5.342675160583185	NA	NA	5.335288834075523	NA	NA	3	c42e7eb3-12d5-4fbd-9033-21873d1f2127
synecho	6.945942963216328	NA	NA	2.1422155117372927	NA	NA	4	c42e7eb3-12d5-4fbd-9033-21873d1f2127
synecho	30.305933475055426	NA	NA	1.2896457650647373	NA	NA	5	c42e7eb3-12d5-4fbd-9033-21873d1f2127
synecho	135.5087152334113	NA	NA	1.9152414200406152	NA	NA	6	c42e7eb3-12d5-4fbd-9033-21873d1f2127
synecho	163.97049399081962	NA	NA	8.967911235270282	NA	NA	7	c42e7eb3-12d5-4fbd-9033-21873d1f2127
synecho	109.90005555786854	NA	NA	41.631470685409894	NA	NA	8	c42e7eb3-12d5-4fbd-9033-21873d1f2127
beads	1550.7233474700995	NA	NA	3491.1094006505045	NA	NA	1	c855fe7f-0a4b-4de8-a5b5-d1868b0c4781
beads	125.90950986215624	NA	NA	283.45731314885427	NA	NA	2	c855fe7f-0a4b-4de8-a5b5-d1868b0c4781
beads	174.70064412126715	NA	NA	72.41654138709727	NA	NA	3	c855fe7f-0a4b-4de8-a5b5-d1868b0c4781
beads	966.2341096879508	NA	NA	211.8632793497717	NA	NA	4	c855fe7f-0a4b-4de8-a5b5-d1868b0c4781
beads	1826.6372594319769	NA	NA	3366.3515024570584	NA	NA	5	c855fe7f-0a4b-4de8-a5b5-d1868b0c4781
croco	1097.4793420052258	NA	NA	63.756400431188766	NA	NA	1	c855fe7f-0a4b-4de8-a5b5-d1868b0c4781
croco	748.952691477724	NA	NA	75.10031801924603	NA	NA	2	c855fe7f-0a4b-4de8-a5b5-d1868b0c4781
croco	635.8232423148091	NA	NA	60.36952991837777	NA	NA	3	c855fe7f-0a4b-4de8-a5b5-d1868b0c4781
croco	1340.6590298002543	NA	NA	71.11083538092436	NA	NA	4	c855fe7f-0a4b-4de8-a5b5-d1868b0c4781
picoeuk	3390.941214464854	NA	NA	NA	3620.4908603318927	NA	1	c855fe7f-0a4b-4de8-a5b5-d1868b0c4781
picoeuk	709.1667912527874	NA	NA	NA	3187.5240190621303	NA	2	c855fe7f-0a4b-4de8-a5b5-d1868b0c4781
picoeuk	198.4305315199617	NA	NA	NA	829.2883748531433	NA	3	c855fe7f-0a4b-4de8-a5b5-d1868b0c4781
picoeuk	159.50875076513003	NA	NA	NA	134.43294968967683	NA	4	c855fe7f-0a4b-4de8-a5b5-d1868b0c4781
picoeuk	153.80856374572227	NA	NA	NA	14.603666668342273	NA	5	c855fe7f-0a4b-4de8-a5b5-d1868b0c4781
picoeuk	285.5278437193389	NA	NA	NA	3.468997848085193	NA	6	c855fe7f-0a4b-4de8-a5b5-d1868b0c4781
picoeuk	1002.0430074217446	NA	NA	NA	1.9735224771617996	NA	7	c855fe7f-0a4b-4de8-a5b5-d1868b0c4781
picoeuk	3040.2428089888167	NA	NA	NA	6.097699017508123	NA	8	c855fe7f-0a4b-4de8-a5b5-d1868b0c4781
picoeuk	3210.8074752280927	NA	NA	NA	114.1268265916584	NA	9	c855fe7f-0a4b-4de8-a5b5-d1868b0c4781
picoeuk	3390.941214464854	NA	NA	NA	1511.7205879397784	NA	10	c855fe7f-0a4b-4de8-a5b5-d1868b0c4781
picoeuk	3096.066415541268	NA	NA	NA	3893.816216214933	NA	11	c855fe7f-0a4b-4de8-a5b5-d1868b0c4781
prochloro	1.1728566109427538	NA	NA	NA	1.8349916109213351	NA	1	c855fe7f-0a4b-4de8-a5b5-d1868b0c4781
prochloro	2.9130292462806757	NA	NA	NA	1.6155488468911832	NA	2	c855fe7f-0a4b-4de8-a5b5-d1868b0c4781
prochloro	12.042058356321888	NA	NA	NA	1.6754215246017194	NA	3	c855fe7f-0a4b-4de8-a5b5-d1868b0c4781
prochloro	37.89017687965381	NA	NA	NA	2.1225115933403647	NA	4	c855fe7f-0a4b-4de8-a5b5-d1868b0c4781
prochloro	151.03531937866376	NA	NA	NA	7.448828361443073	NA	5	c855fe7f-0a4b-4de8-a5b5-d1868b0c4781
prochloro	140.43343677101203	NA	NA	NA	108.06417592302223	NA	6	c855fe7f-0a4b-4de8-a5b5-d1868b0c4781
prochloro	10.410815248975815	NA	NA	NA	161.25964999486388	NA	7	c855fe7f-0a4b-4de8-a5b5-d1868b0c4781
prochloro	1.5691949292347362	NA	NA	NA	27.6078037333352	NA	8	c855fe7f-0a4b-4de8-a5b5-d1868b0c4781
prochloro	1.0708655012642203	NA	NA	NA	2.738281233287457	NA	9	c855fe7f-0a4b-4de8-a5b5-d1868b0c4781
synecho	4.937451029387014	NA	NA	2.3673477719469167	NA	NA	1	c855fe7f-0a4b-4de8-a5b5-d1868b0c4781
synecho	17.015264278803034	NA	NA	1.737513099960029	NA	NA	2	c855fe7f-0a4b-4de8-a5b5-d1868b0c4781
synecho	78.45246114426779	NA	NA	2.009759432302938	NA	NA	3	c855fe7f-0a4b-4de8-a5b5-d1868b0c4781
synecho	181.1750972963744	NA	NA	10.915155712568197	NA	NA	4	c855fe7f-0a4b-4de8-a5b5-d1868b0c4781
synecho	25.39116722755971	NA	NA	83.76329773330801	NA	NA	5	c855fe7f-0a4b-4de8-a5b5-d1868b0c4781
synecho	1.0708655012642203	NA	NA	8.460615462505798	NA	NA	6	c855fe7f-0a4b-4de8-a5b5-d1868b0c4781
synecho	1.6572304008023189	NA	NA	2.2827484946323744	NA	NA	7	c855fe7f-0a4b-4de8-a5b5-d1868b0c4781
beads	250.0714104023343	NA	NA	339.29514673003325	NA	NA	1	c92834e4-bb5d-4782-af26-a6532d2709e3
beads	250.0714104023343	NA	NA	196.4444888051835	NA	NA	2	c92834e4-bb5d-4782-af26-a6532d2709e3
beads	282.36169252990965	NA	NA	115.4768072133126	NA	NA	3	c92834e4-bb5d-4782-af26-a6532d2709e3
beads	419.0023015668124	NA	NA	156.4404656746978	NA	NA	4	c92834e4-bb5d-4782-af26-a6532d2709e3
beads	855.2125976196178	NA	NA	577.1952244084657	NA	NA	5	c92834e4-bb5d-4782-af26-a6532d2709e3
beads	1176.308238111614	NA	NA	1043.3707975334855	NA	NA	6	c92834e4-bb5d-4782-af26-a6532d2709e3
beads	1941.246952444901	NA	NA	2555.106211384042	NA	NA	7	c92834e4-bb5d-4782-af26-a6532d2709e3
beads	2158.8864635493774	NA	NA	3568.196174858441	NA	NA	8	c92834e4-bb5d-4782-af26-a6532d2709e3
beads	922.6514586415084	NA	NA	3908.454162593325	NA	NA	9	c92834e4-bb5d-4782-af26-a6532d2709e3
beads	419.0023015668124	NA	NA	1973.93467092388	NA	NA	10	c92834e4-bb5d-4782-af26-a6532d2709e3
beads	250.0714104023343	NA	NA	818.3803845441415	NA	NA	11	c92834e4-bb5d-4782-af26-a6532d2709e3
beads	199.14678255019268	NA	NA	246.67810221285583	NA	NA	12	c92834e4-bb5d-4782-af26-a6532d2709e3
croco	1026.0929152401477	NA	NA	156.4404656746978	NA	NA	1	c92834e4-bb5d-4782-af26-a6532d2709e3
croco	746.0013957314039	NA	NA	132.38208510976324	NA	NA	2	c92834e4-bb5d-4782-af26-a6532d2709e3
croco	670.7962463215048	NA	NA	100.73034423898116	NA	NA	3	c92834e4-bb5d-4782-af26-a6532d2709e3
croco	965.6412788181792	NA	NA	90.57561714068147	NA	NA	4	c92834e4-bb5d-4782-af26-a6532d2709e3
croco	1176.308238111614	NA	NA	136.4629170185627	NA	NA	5	c92834e4-bb5d-4782-af26-a6532d2709e3
picoeuk	3352.8844386274423	NA	NA	NA	426.0576786575068	NA	1	c92834e4-bb5d-4782-af26-a6532d2709e3
picoeuk	3728.787220647857	NA	NA	NA	1479.3507610577858	NA	2	c92834e4-bb5d-4782-af26-a6532d2709e3
picoeuk	3252.61868070138	NA	NA	NA	3208.4827373373705	NA	3	c92834e4-bb5d-4782-af26-a6532d2709e3
picoeuk	1010.6341572694698	NA	NA	NA	3908.454162593325	NA	4	c92834e4-bb5d-4782-af26-a6532d2709e3
picoeuk	246.3039217554692	NA	NA	NA	1721.8619366582202	NA	5	c92834e4-bb5d-4782-af26-a6532d2709e3
picoeuk	156.2031646557797	NA	NA	NA	211.93536512754275	NA	6	c92834e4-bb5d-4782-af26-a6532d2709e3
picoeuk	163.48126073061383	NA	NA	NA	38.12645747204446	NA	7	c92834e4-bb5d-4782-af26-a6532d2709e3
picoeuk	202.19295102761703	NA	NA	NA	5.716587789837744	NA	8	c92834e4-bb5d-4782-af26-a6532d2709e3
picoeuk	242.593192778498	NA	NA	NA	2.518431715815657	NA	9	c92834e4-bb5d-4782-af26-a6532d2709e3
picoeuk	855.2125976196178	NA	NA	NA	2.480489901987461	NA	10	c92834e4-bb5d-4782-af26-a6532d2709e3
picoeuk	2512.7944805289803	NA	NA	NA	2.976117426050972	NA	11	c92834e4-bb5d-4782-af26-a6532d2709e3
picoeuk	3155.35130294514	NA	NA	NA	14.213462054927897	NA	12	c92834e4-bb5d-4782-af26-a6532d2709e3
picoeuk	3672.610612943024	NA	NA	NA	119.03651424777748	NA	13	c92834e4-bb5d-4782-af26-a6532d2709e3
prochloro	1.1419567191611977	NA	NA	NA	2.758585694430676	NA	1	c92834e4-bb5d-4782-af26-a6532d2709e3
prochloro	1.2320071471961462	NA	NA	NA	1.9753620869106547	NA	2	c92834e4-bb5d-4782-af26-a6532d2709e3
prochloro	2.55307530553545	NA	NA	NA	1.858984837924664	NA	3	c92834e4-bb5d-4782-af26-a6532d2709e3
prochloro	5.537225018274667	NA	NA	NA	1.803393144515785	NA	4	c92834e4-bb5d-4782-af26-a6532d2709e3
prochloro	14.191901974462509	NA	NA	NA	1.858984837924664	NA	5	c92834e4-bb5d-4782-af26-a6532d2709e3
prochloro	27.67707138905689	NA	NA	NA	2.406312516931944	NA	6	c92834e4-bb5d-4782-af26-a6532d2709e3
prochloro	22.378042859645543	NA	NA	NA	4.622094757557891	NA	7	c92834e4-bb5d-4782-af26-a6532d2709e3
prochloro	5.707916426572408	NA	NA	NA	9.291884635464372	NA	8	c92834e4-bb5d-4782-af26-a6532d2709e3
prochloro	2.1934940403014407	NA	NA	NA	6.454737873623531	NA	9	c92834e4-bb5d-4782-af26-a6532d2709e3
prochloro	1.2320071471961462	NA	NA	NA	3.30977963259274	NA	10	c92834e4-bb5d-4782-af26-a6532d2709e3
synecho	9.710077301405155	NA	NA	2.370059851848142	NA	NA	1	c92834e4-bb5d-4782-af26-a6532d2709e3
synecho	17.02759069535555	NA	NA	1.945601970694612	NA	NA	2	c92834e4-bb5d-4782-af26-a6532d2709e3
synecho	34.754487064450224	NA	NA	1.77622385240492	NA	NA	3	c92834e4-bb5d-4782-af26-a6532d2709e3
synecho	85.11011232226207	NA	NA	2.131131739530216	NA	NA	4	c92834e4-bb5d-4782-af26-a6532d2709e3
synecho	142.60459799168177	NA	NA	12.780588680173985	NA	NA	5	c92834e4-bb5d-4782-af26-a6532d2709e3
synecho	54.801491899588605	NA	NA	24.549218574673866	NA	NA	6	c92834e4-bb5d-4782-af26-a6532d2709e3
synecho	14.629383876760087	NA	NA	13.999326993113227	NA	NA	7	c92834e4-bb5d-4782-af26-a6532d2709e3
synecho	6.953171185108341	NA	NA	4.552459890078171	NA	NA	8	c92834e4-bb5d-4782-af26-a6532d2709e3
synecho	8.342486665128552	NA	NA	3.162430058428192	NA	NA	9	c92834e4-bb5d-4782-af26-a6532d2709e3
beads	242.593192778498	NA	NA	419.63884227525415	NA	NA	1	cc027cc7-0e21-4f22-bad9-3b2b437855e1
beads	235.338606231639	NA	NA	205.5975803321477	NA	NA	2	cc027cc7-0e21-4f22-bad9-3b2b437855e1
beads	278.10772975501857	NA	NA	112.0235508276364	NA	NA	3	cc027cc7-0e21-4f22-bad9-3b2b437855e1
beads	425.4114013607264	NA	NA	132.38208510976324	NA	NA	4	cc027cc7-0e21-4f22-bad9-3b2b437855e1
beads	780.7604215300059	NA	NA	291.5080023851638	NA	NA	5	cc027cc7-0e21-4f22-bad9-3b2b437855e1
beads	1593.5858722456037	NA	NA	473.8243910629233	NA	NA	6	cc027cc7-0e21-4f22-bad9-3b2b437855e1
beads	1799.356445245293	NA	NA	1012.1694943786888	NA	NA	7	cc027cc7-0e21-4f22-bad9-3b2b437855e1
beads	2474.9375953214053	NA	NA	2798.7574164551675	NA	NA	8	cc027cc7-0e21-4f22-bad9-3b2b437855e1
beads	995.4082955545284	NA	NA	3307.3879534208186	NA	NA	9	cc027cc7-0e21-4f22-bad9-3b2b437855e1
beads	278.10772975501857	NA	NA	2129.5917628671577	NA	NA	10	cc027cc7-0e21-4f22-bad9-3b2b437855e1
beads	205.28571399315751	NA	NA	388.9664087159375	NA	NA	11	cc027cc7-0e21-4f22-bad9-3b2b437855e1
croco	995.4082955545284	NA	NA	149.4758219345908	NA	NA	1	cc027cc7-0e21-4f22-bad9-3b2b437855e1
croco	723.6927248761897	NA	NA	122.70595339622284	NA	NA	2	cc027cc7-0e21-4f22-bad9-3b2b437855e1
croco	855.2125976196178	NA	NA	87.86701412484092	NA	NA	3	cc027cc7-0e21-4f22-bad9-3b2b437855e1
croco	1123.9396404366646	NA	NA	99.21277600635288	NA	NA	4	cc027cc7-0e21-4f22-bad9-3b2b437855e1
picoeuk	3562.783658446263	NA	NA	NA	1214.411422487155	NA	1	cc027cc7-0e21-4f22-bad9-3b2b437855e1
picoeuk	3562.783658446263	NA	NA	NA	3307.3879534208186	NA	2	cc027cc7-0e21-4f22-bad9-3b2b437855e1
picoeuk	1194.3011628718575	NA	NA	NA	3791.5744650955735	NA	3	cc027cc7-0e21-4f22-bad9-3b2b437855e1
picoeuk	314.0181804586837	NA	NA	NA	2195.2389084867395	NA	4	cc027cc7-0e21-4f22-bad9-3b2b437855e1
picoeuk	165.98188593133318	NA	NA	NA	488.4305796013031	NA	5	cc027cc7-0e21-4f22-bad9-3b2b437855e1
picoeuk	158.5924633939022	NA	NA	NA	100.73034423898116	NA	6	cc027cc7-0e21-4f22-bad9-3b2b437855e1
picoeuk	187.41417167789987	NA	NA	NA	33.257684191749725	NA	7	cc027cc7-0e21-4f22-bad9-3b2b437855e1
picoeuk	165.98188593133318	NA	NA	NA	7.39968205882933	NA	8	cc027cc7-0e21-4f22-bad9-3b2b437855e1
picoeuk	257.7801527914737	NA	NA	NA	2.887118632665144	NA	9	cc027cc7-0e21-4f22-bad9-3b2b437855e1
picoeuk	585.1351317790155	NA	NA	NA	2.370059851848142	NA	10	cc027cc7-0e21-4f22-bad9-3b2b437855e1
picoeuk	2062.7740221224485	NA	NA	NA	2.5569538913036296	NA	11	cc027cc7-0e21-4f22-bad9-3b2b437855e1
picoeuk	3456.24100528314	NA	NA	NA	4.622094757557891	NA	12	cc027cc7-0e21-4f22-bad9-3b2b437855e1
picoeuk	3456.24100528314	NA	NA	NA	1251.8470685504956	NA	13	cc027cc7-0e21-4f22-bad9-3b2b437855e1
prochloro	1.1419567191611977	NA	NA	NA	2.2304292254845475	NA	1	cc027cc7-0e21-4f22-bad9-3b2b437855e1
prochloro	1.6945729759979529	NA	NA	NA	1.6971473405745072	NA	2	cc027cc7-0e21-4f22-bad9-3b2b437855e1
prochloro	3.619896114794692	NA	NA	NA	1.7494638833726353	NA	3	cc027cc7-0e21-4f22-bad9-3b2b437855e1
prochloro	10.798705656495637	NA	NA	NA	1.803393144515785	NA	4	cc027cc7-0e21-4f22-bad9-3b2b437855e1
prochloro	22.04090307114621	NA	NA	NA	1.8309780207506927	NA	5	cc027cc7-0e21-4f22-bad9-3b2b437855e1
prochloro	39.24213397580537	NA	NA	NA	2.5569538913036296	NA	6	cc027cc7-0e21-4f22-bad9-3b2b437855e1
prochloro	36.373830030030085	NA	NA	NA	5.218919254615784	NA	7	cc027cc7-0e21-4f22-bad9-3b2b437855e1
prochloro	8.864747862736735	NA	NA	NA	9.151896342457311	NA	8	cc027cc7-0e21-4f22-bad9-3b2b437855e1
prochloro	3.06320614356723	NA	NA	NA	7.39968205882933	NA	9	cc027cc7-0e21-4f22-bad9-3b2b437855e1
prochloro	1.5237413735705116	NA	NA	NA	4.692794766716174	NA	10	cc027cc7-0e21-4f22-bad9-3b2b437855e1
prochloro	1.2320071471961462	NA	NA	NA	3.114785990189988	NA	11	cc027cc7-0e21-4f22-bad9-3b2b437855e1
synecho	9.000343904781635	NA	NA	2.334353356771947	NA	NA	1	cc027cc7-0e21-4f22-bad9-3b2b437855e1
synecho	21.05965415361893	NA	NA	1.8309780207506927	NA	NA	2	cc027cc7-0e21-4f22-bad9-3b2b437855e1
synecho	42.98420668893469	NA	NA	1.6215912716853371	NA	NA	3	cc027cc7-0e21-4f22-bad9-3b2b437855e1
synecho	110.1684771281834	NA	NA	2.6760920414226663	NA	NA	4	cc027cc7-0e21-4f22-bad9-3b2b437855e1
synecho	168.52076093736065	NA	NA	8.229284487095285	NA	NA	5	cc027cc7-0e21-4f22-bad9-3b2b437855e1
synecho	153.84986225908352	NA	NA	19.84904608267433	NA	NA	6	cc027cc7-0e21-4f22-bad9-3b2b437855e1
synecho	41.69879284858151	NA	NA	23.102916379543405	NA	NA	7	cc027cc7-0e21-4f22-bad9-3b2b437855e1
synecho	13.978091729300212	NA	NA	13.58068651888504	NA	NA	8	cc027cc7-0e21-4f22-bad9-3b2b437855e1
synecho	7.05952756511601	NA	NA	3.911280492176288	NA	NA	9	cc027cc7-0e21-4f22-bad9-3b2b437855e1
beads	1637.722520499525	NA	NA	3893.816216214933	NA	NA	1	cf0f6483-b61d-4908-81c2-c49db96b5f03
beads	389.02941489956766	NA	NA	2706.0478983760927	NA	NA	2	cf0f6483-b61d-4908-81c2-c49db96b5f03
beads	221.3199108800788	NA	NA	82.25300410629535	NA	NA	3	cf0f6483-b61d-4908-81c2-c49db96b5f03
beads	635.8232423148086	NA	NA	132.0090572132457	NA	NA	4	cf0f6483-b61d-4908-81c2-c49db96b5f03
beads	1608.1935746191857	NA	NA	379.2448064816298	NA	NA	5	cf0f6483-b61d-4908-81c2-c49db96b5f03
beads	2931.5970292901	NA	NA	1484.4635191331222	NA	NA	6	cf0f6483-b61d-4908-81c2-c49db96b5f03
beads	2191.1509477664704	NA	NA	3555.211622037979	NA	NA	7	cf0f6483-b61d-4908-81c2-c49db96b5f03
croco	1159.0504761002262	NA	NA	129.62886871527246	NA	NA	1	cf0f6483-b61d-4908-81c2-c49db96b5f03
croco	696.380163764359	NA	NA	129.62886871527246	NA	NA	2	cf0f6483-b61d-4908-81c2-c49db96b5f03
croco	776.7090810190075	NA	NA	80.7699418192791	NA	NA	3	cf0f6483-b61d-4908-81c2-c49db96b5f03
croco	1180.3324531715807	NA	NA	76.4792771578632	NA	NA	4	cf0f6483-b61d-4908-81c2-c49db96b5f03
croco	1365.2756235733837	NA	NA	134.43294968967683	NA	NA	5	cf0f6483-b61d-4908-81c2-c49db96b5f03
croco	1039.178992601583	NA	NA	158.35205886280318	NA	NA	6	cf0f6483-b61d-4908-81c2-c49db96b5f03
picoeuk	1608.1935746191857	NA	NA	NA	3823.6087867649658	NA	1	cf0f6483-b61d-4908-81c2-c49db96b5f03
picoeuk	361.7216023650162	NA	NA	NA	2470.731129536983	NA	2	cf0f6483-b61d-4908-81c2-c49db96b5f03
picoeuk	143.01201401422918	NA	NA	NA	393.2997216985622	NA	3	cf0f6483-b61d-4908-81c2-c49db96b5f03
picoeuk	137.90135254899337	NA	NA	NA	57.16257690079807	NA	4	cf0f6483-b61d-4908-81c2-c49db96b5f03
picoeuk	151.03531937866362	NA	NA	NA	6.2096622955141525	NA	5	cf0f6483-b61d-4908-81c2-c49db96b5f03
picoeuk	184.5017550615606	NA	NA	NA	2.3673477719469167	NA	6	cf0f6483-b61d-4908-81c2-c49db96b5f03
picoeuk	2112.8482206113163	NA	NA	NA	2.6404263189545376	NA	7	cf0f6483-b61d-4908-81c2-c49db96b5f03
picoeuk	3581.180873867107	NA	NA	NA	7.585600484543413	NA	8	cf0f6483-b61d-4908-81c2-c49db96b5f03
picoeuk	3453.2041915004697	NA	NA	NA	507.4013495914284	NA	9	cf0f6483-b61d-4908-81c2-c49db96b5f03
picoeuk	3851.538561427052	NA	NA	NA	2382.437356026271	NA	10	cf0f6483-b61d-4908-81c2-c49db96b5f03
picoeuk	1667.7936639477227	NA	NA	NA	3555.211622037979	NA	11	cf0f6483-b61d-4908-81c2-c49db96b5f03
prochloro	1.1517094269989407	NA	NA	NA	2.2415894118740414	NA	1	cf0f6483-b61d-4908-81c2-c49db96b5f03
prochloro	2.8605058902880875	NA	NA	NA	1.7694165543108216	NA	2	cf0f6483-b61d-4908-81c2-c49db96b5f03
prochloro	7.781310825430504	NA	NA	NA	1.737513099960029	NA	3	cf0f6483-b61d-4908-81c2-c49db96b5f03
prochloro	35.23048635882851	NA	NA	NA	2.3673477719469167	NA	4	cf0f6483-b61d-4908-81c2-c49db96b5f03
prochloro	119.22093893671828	NA	NA	NA	4.012545946265498	NA	5	cf0f6483-b61d-4908-81c2-c49db96b5f03
prochloro	221.3199108800788	NA	NA	NA	21.39951250380495	NA	6	cf0f6483-b61d-4908-81c2-c49db96b5f03
prochloro	15.535624168428658	NA	NA	NA	55.1198213950165	NA	7	cf0f6483-b61d-4908-81c2-c49db96b5f03
prochloro	0.9428029618480496	NA	NA	NA	3.730886389711965	NA	8	cf0f6483-b61d-4908-81c2-c49db96b5f03
prochloro	0.8608172191835661	NA	NA	NA	2.201172447705422	NA	9	cf0f6483-b61d-4908-81c2-c49db96b5f03
synecho	9.334106430802546	NA	NA	2.046661754539258	NA	NA	1	cf0f6483-b61d-4908-81c2-c49db96b5f03
synecho	22.765158312425516	NA	NA	1.7694165543108216	NA	NA	2	cf0f6483-b61d-4908-81c2-c49db96b5f03
synecho	77.03792452386278	NA	NA	1.737513099960029	NA	NA	3	cf0f6483-b61d-4908-81c2-c49db96b5f03
synecho	213.41084710092176	NA	NA	4.901646663818145	NA	NA	4	cf0f6483-b61d-4908-81c2-c49db96b5f03
synecho	205.7844207474443	NA	NA	15.706155955929091	NA	NA	5	cf0f6483-b61d-4908-81c2-c49db96b5f03
synecho	17.969860031519346	NA	NA	23.437639630195783	NA	NA	6	cf0f6483-b61d-4908-81c2-c49db96b5f03
synecho	8.3687531454485	NA	NA	8.460615462505798	NA	NA	7	cf0f6483-b61d-4908-81c2-c49db96b5f03
synecho	6.3698730958489564	NA	NA	2.6889086702734053	NA	NA	8	cf0f6483-b61d-4908-81c2-c49db96b5f03
beads	196.14650658457796	NA	NA	452.72998901742966	NA	NA	1	d2bac39a-8a05-4aaa-9c94-aa9c501ced83
beads	161.01830907697695	NA	NA	221.81023515628027	NA	NA	2	d2bac39a-8a05-4aaa-9c94-aa9c501ced83
beads	181.80967670846903	NA	NA	136.4629170185627	NA	NA	3	d2bac39a-8a05-4aaa-9c94-aa9c501ced83
beads	304.6276776117854	NA	NA	117.24315164279476	NA	NA	4	d2bac39a-8a05-4aaa-9c94-aa9c501ced83
beads	480.3423274834865	NA	NA	250.45131436024408	NA	NA	5	d2bac39a-8a05-4aaa-9c94-aa9c501ced83
beads	951.0932641169452	NA	NA	641.9064587487866	NA	NA	6	d2bac39a-8a05-4aaa-9c94-aa9c501ced83
beads	1772.2479686376792	NA	NA	1596.0068190430034	NA	NA	7	d2bac39a-8a05-4aaa-9c94-aa9c501ced83
beads	2794.512044365762	NA	NA	3065.642845398518	NA	NA	8	d2bac39a-8a05-4aaa-9c94-aa9c501ced83
beads	1454.853191851766	NA	NA	3908.454162593325	NA	NA	9	d2bac39a-8a05-4aaa-9c94-aa9c501ced83
beads	594.0854154372988	NA	NA	3160.144855501412	NA	NA	10	d2bac39a-8a05-4aaa-9c94-aa9c501ced83
beads	228.30096322455165	NA	NA	703.1177232826242	NA	NA	11	d2bac39a-8a05-4aaa-9c94-aa9c501ced83
beads	196.14650658457796	NA	NA	287.1162444961297	NA	NA	12	d2bac39a-8a05-4aaa-9c94-aa9c501ced83
croco	792.7030085707272	NA	NA	96.24588455384053	NA	NA	1	d2bac39a-8a05-4aaa-9c94-aa9c501ced83
croco	631.276695807545	NA	NA	108.6735617555704	NA	NA	2	d2bac39a-8a05-4aaa-9c94-aa9c501ced83
croco	495.14943900100286	NA	NA	81.444598272707	NA	NA	3	d2bac39a-8a05-4aaa-9c94-aa9c501ced83
croco	603.1726035014427	NA	NA	69.9737452078251	NA	NA	4	d2bac39a-8a05-4aaa-9c94-aa9c501ced83
picoeuk	3456.24100528314	NA	NA	NA	967.1082635612728	NA	1	d2bac39a-8a05-4aaa-9c94-aa9c501ced83
picoeuk	3155.35130294514	NA	NA	NA	2841.567481015536	NA	2	d2bac39a-8a05-4aaa-9c94-aa9c501ced83
picoeuk	965.6412788181792	NA	NA	NA	3461.491664026115	NA	3	d2bac39a-8a05-4aaa-9c94-aa9c501ced83
picoeuk	328.6494748480089	NA	NA	NA	1774.940335656361	NA	4	d2bac39a-8a05-4aaa-9c94-aa9c501ced83
picoeuk	108.50871727736693	NA	NA	NA	481.0720548484378	NA	5	d2bac39a-8a05-4aaa-9c94-aa9c501ced83
picoeuk	73.12299944443444	NA	NA	NA	97.71807092740563	NA	6	d2bac39a-8a05-4aaa-9c94-aa9c501ced83
picoeuk	140.45616685731085	NA	NA	NA	4.219709416473812	NA	7	d2bac39a-8a05-4aaa-9c94-aa9c501ced83
picoeuk	518.2203236171435	NA	NA	NA	2.480489901987461	NA	8	d2bac39a-8a05-4aaa-9c94-aa9c501ced83
picoeuk	3014.876793328224	NA	NA	NA	4.031850267335088	NA	9	d2bac39a-8a05-4aaa-9c94-aa9c501ced83
picoeuk	3352.8844386274423	NA	NA	NA	91.96107055461088	NA	10	d2bac39a-8a05-4aaa-9c94-aa9c501ced83
picoeuk	3672.610612943024	NA	NA	NA	1371.2213808425315	NA	11	d2bac39a-8a05-4aaa-9c94-aa9c501ced83
prochloro	10.162506518504744	NA	NA	NA	6.653712683967229	NA	1	d2bac39a-8a05-4aaa-9c94-aa9c501ced83
prochloro	2.971603020557636	NA	NA	NA	5.892808264404827	NA	2	d2bac39a-8a05-4aaa-9c94-aa9c501ced83
prochloro	1.2508520478653524	NA	NA	NA	2.717025804523828	NA	3	d2bac39a-8a05-4aaa-9c94-aa9c501ced83
prochloro	1.4339710826464802	NA	NA	NA	1.9162902100094672	NA	4	d2bac39a-8a05-4aaa-9c94-aa9c501ced83
prochloro	4.21330863429927	NA	NA	NA	1.6715787106884108	NA	5	d2bac39a-8a05-4aaa-9c94-aa9c501ced83
prochloro	12.009383678001788	NA	NA	NA	1.7494638833726353	NA	6	d2bac39a-8a05-4aaa-9c94-aa9c501ced83
prochloro	19.818937511725917	NA	NA	NA	2.635774972119125	NA	7	d2bac39a-8a05-4aaa-9c94-aa9c501ced83
prochloro	17.820970530372637	NA	NA	NA	4.91144981923643	NA	8	d2bac39a-8a05-4aaa-9c94-aa9c501ced83
synecho	8.599653529916656	NA	NA	2.8007812884394854	NA	NA	1	d2bac39a-8a05-4aaa-9c94-aa9c501ced83
synecho	13.978091729300212	NA	NA	1.8874200500871736	NA	NA	2	d2bac39a-8a05-4aaa-9c94-aa9c501ced83
synecho	29.859581534598227	NA	NA	1.858984837924664	NA	NA	3	d2bac39a-8a05-4aaa-9c94-aa9c501ced83
synecho	65.75139648231529	NA	NA	2.4431197062926984	NA	NA	4	d2bac39a-8a05-4aaa-9c94-aa9c501ced83
synecho	74.24149592743045	NA	NA	6.261713271386461	NA	NA	5	d2bac39a-8a05-4aaa-9c94-aa9c501ced83
synecho	40.451818446064834	NA	NA	17.314310059073833	NA	NA	6	d2bac39a-8a05-4aaa-9c94-aa9c501ced83
synecho	10.963883704298189	NA	NA	12.027628116196423	NA	NA	7	d2bac39a-8a05-4aaa-9c94-aa9c501ced83
beads	263.90065386985907	NA	NA	420.14303566282746	NA	NA	1	d504d8cc-48e2-4ee3-991d-93dd1cd2a1bc
beads	238.63101816884463	NA	NA	225.09871846748464	NA	NA	2	d504d8cc-48e2-4ee3-991d-93dd1cd2a1bc
beads	258.6412269773237	NA	NA	141.67414200179255	NA	NA	3	d504d8cc-48e2-4ee3-991d-93dd1cd2a1bc
beads	336.0106471979475	NA	NA	113.53263895535878	NA	NA	4	d504d8cc-48e2-4ee3-991d-93dd1cd2a1bc
beads	482.7495731189956	NA	NA	243.97418735505528	NA	NA	5	d504d8cc-48e2-4ee3-991d-93dd1cd2a1bc
beads	814.7652031273368	NA	NA	411.7697650851565	NA	NA	6	d504d8cc-48e2-4ee3-991d-93dd1cd2a1bc
beads	2515.500914804476	NA	NA	2470.336052778258	NA	NA	7	d504d8cc-48e2-4ee3-991d-93dd1cd2a1bc
beads	1520.7457782297734	NA	NA	3846.7658644798594	NA	NA	8	d504d8cc-48e2-4ee3-991d-93dd1cd2a1bc
beads	454.4580024317494	NA	NA	2731.930260403936	NA	NA	9	d504d8cc-48e2-4ee3-991d-93dd1cd2a1bc
beads	258.6412269773237	NA	NA	681.1179327857608	NA	NA	10	d504d8cc-48e2-4ee3-991d-93dd1cd2a1bc
beads	224.6460315533741	NA	NA	310.6393386701967	NA	NA	11	d504d8cc-48e2-4ee3-991d-93dd1cd2a1bc
croco	957.1371831895744	NA	NA	130.71328631243054	NA	NA	1	d504d8cc-48e2-4ee3-991d-93dd1cd2a1bc
croco	782.6129755483884	NA	NA	138.8506370900214	NA	NA	2	d504d8cc-48e2-4ee3-991d-93dd1cd2a1bc
croco	590.4036618832117	NA	NA	106.87905113432237	NA	NA	3	d504d8cc-48e2-4ee3-991d-93dd1cd2a1bc
croco	831.3333197826358	NA	NA	85.64908566145282	NA	NA	4	d504d8cc-48e2-4ee3-991d-93dd1cd2a1bc
croco	976.6004106879284	NA	NA	111.26998213452038	NA	NA	5	d504d8cc-48e2-4ee3-991d-93dd1cd2a1bc
croco	976.6004106879284	NA	NA	153.55411127809205	NA	NA	6	d504d8cc-48e2-4ee3-991d-93dd1cd2a1bc
picoeuk	269.26703034487696	NA	NA	NA	428.68657532315535	NA	1	d504d8cc-48e2-4ee3-991d-93dd1cd2a1bc
picoeuk	224.6460315533741	NA	NA	NA	144.55506242244334	NA	2	d504d8cc-48e2-4ee3-991d-93dd1cd2a1bc
picoeuk	195.1190847741535	NA	NA	NA	33.25179956792898	NA	3	d504d8cc-48e2-4ee3-991d-93dd1cd2a1bc
picoeuk	211.4806360042101	NA	NA	NA	6.1295295635553	NA	4	d504d8cc-48e2-4ee3-991d-93dd1cd2a1bc
picoeuk	454.4580024317494	NA	NA	NA	4.016336957503532	NA	5	d504d8cc-48e2-4ee3-991d-93dd1cd2a1bc
picoeuk	1294.5383009522156	NA	NA	NA	6.254172541018367	NA	6	d504d8cc-48e2-4ee3-991d-93dd1cd2a1bc
picoeuk	3015.149907058523	NA	NA	NA	187.79697516886404	NA	7	d504d8cc-48e2-4ee3-991d-93dd1cd2a1bc
picoeuk	3542.0168630904063	NA	NA	NA	2520.5699308858707	NA	8	d504d8cc-48e2-4ee3-991d-93dd1cd2a1bc
picoeuk	1897.695282307905	NA	NA	NA	4169.333269070605	NA	9	d504d8cc-48e2-4ee3-991d-93dd1cd2a1bc
picoeuk	544.7261003682042	NA	NA	NA	2520.5699308858707	NA	10	d504d8cc-48e2-4ee3-991d-93dd1cd2a1bc
picoeuk	180.0233721745827	NA	NA	NA	503.59521933568	NA	11	d504d8cc-48e2-4ee3-991d-93dd1cd2a1bc
prochloro	21.74422233606112	NA	NA	NA	2.332259402574918	NA	1	d504d8cc-48e2-4ee3-991d-93dd1cd2a1bc
prochloro	28.24874558995405	NA	NA	NA	4.531963756053523	NA	2	d504d8cc-48e2-4ee3-991d-93dd1cd2a1bc
prochloro	19.662118449705872	NA	NA	NA	7.34702594823059	NA	3	d504d8cc-48e2-4ee3-991d-93dd1cd2a1bc
prochloro	9.335764226035668	NA	NA	NA	8.630844437045896	NA	4	d504d8cc-48e2-4ee3-991d-93dd1cd2a1bc
prochloro	4.804412627376072	NA	NA	NA	8.125033227511961	NA	5	d504d8cc-48e2-4ee3-991d-93dd1cd2a1bc
prochloro	2.2811816360735278	NA	NA	NA	5.217775975730732	NA	6	d504d8cc-48e2-4ee3-991d-93dd1cd2a1bc
prochloro	1.4071316160452514	NA	NA	NA	2.910359988331958	NA	7	d504d8cc-48e2-4ee3-991d-93dd1cd2a1bc
prochloro	1.2470344022600053	NA	NA	NA	1.724392544744304	NA	8	d504d8cc-48e2-4ee3-991d-93dd1cd2a1bc
prochloro	2.2811816360735278	NA	NA	NA	1.6233344055169736	NA	9	d504d8cc-48e2-4ee3-991d-93dd1cd2a1bc
prochloro	17.779385068608303	NA	NA	NA	2.151820273877335	NA	10	d504d8cc-48e2-4ee3-991d-93dd1cd2a1bc
synecho	8.108693302327799	NA	NA	1.98534111855544	NA	NA	1	d504d8cc-48e2-4ee3-991d-93dd1cd2a1bc
synecho	18.14092594534866	NA	NA	1.9069956771686156	NA	NA	2	d504d8cc-48e2-4ee3-991d-93dd1cd2a1bc
synecho	56.00817957832313	NA	NA	1.98534111855544	NA	NA	3	d504d8cc-48e2-4ee3-991d-93dd1cd2a1bc
synecho	133.10310187402396	NA	NA	3.631755220852416	NA	NA	4	d504d8cc-48e2-4ee3-991d-93dd1cd2a1bc
synecho	117.9592194445357	NA	NA	10.55553944429937	NA	NA	5	d504d8cc-48e2-4ee3-991d-93dd1cd2a1bc
synecho	53.79798733008668	NA	NA	19.30909259243117	NA	NA	6	d504d8cc-48e2-4ee3-991d-93dd1cd2a1bc
synecho	27.13399486969525	NA	NA	28.305669976199315	NA	NA	7	d504d8cc-48e2-4ee3-991d-93dd1cd2a1bc
synecho	11.41765771001747	NA	NA	18.54711805425518	NA	NA	8	d504d8cc-48e2-4ee3-991d-93dd1cd2a1bc
synecho	8.78864114560728	NA	NA	6.778611063010859	NA	NA	9	d504d8cc-48e2-4ee3-991d-93dd1cd2a1bc
synecho	7.481350755125462	NA	NA	2.285778472564337	NA	NA	10	d504d8cc-48e2-4ee3-991d-93dd1cd2a1bc
beads	229.21417172754963	NA	NA	379.9125121766917	NA	NA	1	da5d0f20-b40c-4eb3-9f39-4d624f967014
beads	180.0233721745827	NA	NA	203.5445368880651	NA	NA	2	da5d0f20-b40c-4eb3-9f39-4d624f967014
beads	195.1190847741535	NA	NA	111.26998213452038	NA	NA	3	da5d0f20-b40c-4eb3-9f39-4d624f967014
beads	356.92846342299254	NA	NA	104.74899746624106	NA	NA	4	da5d0f20-b40c-4eb3-9f39-4d624f967014
beads	454.4580024317494	NA	NA	229.6760639557466	NA	NA	5	da5d0f20-b40c-4eb3-9f39-4d624f967014
beads	831.3333197826358	NA	NA	464.6337373955169	NA	NA	6	da5d0f20-b40c-4eb3-9f39-4d624f967014
beads	1551.669893987361	NA	NA	1060.625420002538	NA	NA	7	da5d0f20-b40c-4eb3-9f39-4d624f967014
beads	1715.9827031526345	NA	NA	2279.2143943291967	NA	NA	8	da5d0f20-b40c-4eb3-9f39-4d624f967014
beads	402.7517802545965	NA	NA	1405.9181361490978	NA	NA	9	da5d0f20-b40c-4eb3-9f39-4d624f967014
beads	263.90065386985907	NA	NA	403.5633702003225	NA	NA	10	da5d0f20-b40c-4eb3-9f39-4d624f967014
croco	938.061849471018	NA	NA	123.05282551579548	NA	NA	1	da5d0f20-b40c-4eb3-9f39-4d624f967014
croco	865.48713389859	NA	NA	150.4938436718069	NA	NA	2	da5d0f20-b40c-4eb3-9f39-4d624f967014
croco	578.6371700188475	NA	NA	133.3713195319512	NA	NA	3	da5d0f20-b40c-4eb3-9f39-4d624f967014
croco	679.7481641027692	NA	NA	109.05241909407846	NA	NA	4	da5d0f20-b40c-4eb3-9f39-4d624f967014
picoeuk	3076.462485457336	NA	NA	NA	833.0085495319779	NA	1	da5d0f20-b40c-4eb3-9f39-4d624f967014
picoeuk	3614.043194550648	NA	NA	NA	2731.930260403936	NA	2	da5d0f20-b40c-4eb3-9f39-4d624f967014
picoeuk	1490.4379668414924	NA	NA	NA	3621.3258963633234	NA	3	da5d0f20-b40c-4eb3-9f39-4d624f967014
picoeuk	243.48354075009743	NA	NA	NA	1618.672670284314	NA	4	da5d0f20-b40c-4eb3-9f39-4d624f967014
picoeuk	203.135196715383	NA	NA	NA	243.97418735505528	NA	5	da5d0f20-b40c-4eb3-9f39-4d624f967014
picoeuk	316.31872097738375	NA	NA	NA	6.254172541018367	NA	6	da5d0f20-b40c-4eb3-9f39-4d624f967014
picoeuk	1460.734177140661	NA	NA	NA	7.804403533933051	NA	7	da5d0f20-b40c-4eb3-9f39-4d624f967014
picoeuk	3015.149907058523	NA	NA	NA	21.78803937943813	NA	8	da5d0f20-b40c-4eb3-9f39-4d624f967014
prochloro	26.59322598478763	NA	NA	NA	3.2185501692577283	NA	1	da5d0f20-b40c-4eb3-9f39-4d624f967014
prochloro	25.03472821566566	NA	NA	NA	6.254172541018367	NA	2	da5d0f20-b40c-4eb3-9f39-4d624f967014
prochloro	15.134741958963902	NA	NA	NA	9.544800620906114	NA	3	da5d0f20-b40c-4eb3-9f39-4d624f967014
prochloro	5.995289487402111	NA	NA	NA	10.345172068529449	NA	4	da5d0f20-b40c-4eb3-9f39-4d624f967014
prochloro	2.021638875532145	NA	NA	NA	6.381350112966994	NA	5	da5d0f20-b40c-4eb3-9f39-4d624f967014
prochloro	1.3790880862008152	NA	NA	NA	4.016336957503532	NA	6	da5d0f20-b40c-4eb3-9f39-4d624f967014
prochloro	1.2982665376231393	NA	NA	NA	2.0669052395961214	NA	7	da5d0f20-b40c-4eb3-9f39-4d624f967014
prochloro	5.875805938209662	NA	NA	NA	1.8317419000447872	NA	8	da5d0f20-b40c-4eb3-9f39-4d624f967014
prochloro	18.50981869646768	NA	NA	NA	2.151820273877335	NA	9	da5d0f20-b40c-4eb3-9f39-4d624f967014
prochloro	28.82317919426582	NA	NA	NA	3.1544058442364	NA	10	da5d0f20-b40c-4eb3-9f39-4d624f967014
prochloro	28.82317919426582	NA	NA	NA	4.441643661332049	NA	11	da5d0f20-b40c-4eb3-9f39-4d624f967014
synecho	8.613487295428321	NA	NA	2.240223887561632	NA	NA	1	da5d0f20-b40c-4eb3-9f39-4d624f967014
synecho	15.756525245232924	NA	NA	1.795236069278522	NA	NA	2	da5d0f20-b40c-4eb3-9f39-4d624f967014
synecho	38.98365885007703	NA	NA	1.724392544744304	NA	NA	3	da5d0f20-b40c-4eb3-9f39-4d624f967014
synecho	113.3043180642874	NA	NA	1.98534111855544	NA	NA	4	da5d0f20-b40c-4eb3-9f39-4d624f967014
synecho	144.2643535922349	NA	NA	9.936931356464152	NA	NA	5	da5d0f20-b40c-4eb3-9f39-4d624f967014
synecho	90.79806698044536	NA	NA	29.46855683251757	NA	NA	6	da5d0f20-b40c-4eb3-9f39-4d624f967014
synecho	31.240123305837148	NA	NA	51.77914452836476	NA	NA	7	da5d0f20-b40c-4eb3-9f39-4d624f967014
synecho	9.525605459030931	NA	NA	18.924270655229098	NA	NA	8	da5d0f20-b40c-4eb3-9f39-4d624f967014
synecho	7.042905698908828	NA	NA	6.381350112966994	NA	NA	9	da5d0f20-b40c-4eb3-9f39-4d624f967014
beads	NA	NA	NA	384.21187703359345	45.636361923142104	NA	1	dd8c5ed5-600e-4fe8-bc0b-362c2fa428aa
beads	NA	NA	NA	151.0596114979633	25.24163980219742	NA	2	dd8c5ed5-600e-4fe8-bc0b-362c2fa428aa
beads	NA	NA	NA	60.277918032087044	34.28345841448224	NA	3	dd8c5ed5-600e-4fe8-bc0b-362c2fa428aa
beads	NA	NA	NA	59.21945579149951	51.87339166521634	NA	4	dd8c5ed5-600e-4fe8-bc0b-362c2fa428aa
beads	NA	NA	NA	848.8127889120676	531.1081624995227	NA	5	dd8c5ed5-600e-4fe8-bc0b-362c2fa428aa
beads	NA	NA	NA	2389.187246784293	867.4708125906765	NA	6	dd8c5ed5-600e-4fe8-bc0b-362c2fa428aa
beads	NA	NA	NA	3049.991002072999	568.5180787611841	NA	7	dd8c5ed5-600e-4fe8-bc0b-362c2fa428aa
croco	NA	NA	NA	215.82716034391518	1342.6097137775917	NA	1	dd8c5ed5-600e-4fe8-bc0b-362c2fa428aa
croco	NA	NA	NA	102.47385299931233	742.5707981524475	NA	2	dd8c5ed5-600e-4fe8-bc0b-362c2fa428aa
croco	NA	NA	NA	43.16136619200968	1994.605147053971	NA	3	dd8c5ed5-600e-4fe8-bc0b-362c2fa428aa
croco	NA	NA	NA	94.67753555263465	3700.4379127363795	NA	4	dd8c5ed5-600e-4fe8-bc0b-362c2fa428aa
croco	NA	NA	NA	217.29539091764698	3633.9299818887275	NA	5	dd8c5ed5-600e-4fe8-bc0b-362c2fa428aa
picoeuk	84.47182528308062	NA	NA	NA	3642.2544290647716	NA	1	dd8c5ed5-600e-4fe8-bc0b-362c2fa428aa
picoeuk	14.58012979358155	NA	NA	NA	47.35940882255416	NA	2	dd8c5ed5-600e-4fe8-bc0b-362c2fa428aa
picoeuk	25.382899849122612	NA	NA	NA	5.449021338157923	NA	3	dd8c5ed5-600e-4fe8-bc0b-362c2fa428aa
picoeuk	3555.3041161616	NA	NA	NA	1.6310098873184786	NA	4	dd8c5ed5-600e-4fe8-bc0b-362c2fa428aa
picoeuk	3784.45382093012	NA	NA	NA	3178.816156555633	NA	5	dd8c5ed5-600e-4fe8-bc0b-362c2fa428aa
prochloro	5.537774188953831	NA	NA	NA	13.314983405611699	NA	1	dd8c5ed5-600e-4fe8-bc0b-362c2fa428aa
prochloro	1.2099819922179562	NA	NA	NA	5.618077257999364	NA	2	dd8c5ed5-600e-4fe8-bc0b-362c2fa428aa
prochloro	1.0694212363551807	NA	NA	NA	2.17429844269788	NA	3	dd8c5ed5-600e-4fe8-bc0b-362c2fa428aa
prochloro	1.6176883441674785	NA	NA	NA	1.7038540026254967	NA	4	dd8c5ed5-600e-4fe8-bc0b-362c2fa428aa
prochloro	2.663882979895278	NA	NA	NA	1.5051437789569193	NA	5	dd8c5ed5-600e-4fe8-bc0b-362c2fa428aa
prochloro	6.6014240367405295	NA	NA	NA	1.4196671904646487	NA	6	dd8c5ed5-600e-4fe8-bc0b-362c2fa428aa
prochloro	34.99639750452841	NA	NA	NA	2.053962723451445	NA	7	dd8c5ed5-600e-4fe8-bc0b-362c2fa428aa
prochloro	51.65096179878134	NA	NA	NA	4.814240514593084	NA	8	dd8c5ed5-600e-4fe8-bc0b-362c2fa428aa
prochloro	32.51682297516212	NA	NA	NA	7.230847587484703	NA	9	dd8c5ed5-600e-4fe8-bc0b-362c2fa428aa
synecho	27.14783028472046	NA	NA	55.623119011743576	NA	NA	1	dd8c5ed5-600e-4fe8-bc0b-362c2fa428aa
synecho	8.405813457519098	NA	NA	22.196023756766596	NA	NA	2	dd8c5ed5-600e-4fe8-bc0b-362c2fa428aa
synecho	5.278647104806035	NA	NA	4.709523346350199	NA	NA	3	dd8c5ed5-600e-4fe8-bc0b-362c2fa428aa
synecho	6.586358168685378	NA	NA	1.9067046343039376	NA	NA	4	dd8c5ed5-600e-4fe8-bc0b-362c2fa428aa
synecho	23.18380132383965	NA	NA	1.4080587623793168	NA	NA	5	dd8c5ed5-600e-4fe8-bc0b-362c2fa428aa
synecho	123.78471288349324	NA	NA	1.9597912248599725	NA	NA	6	dd8c5ed5-600e-4fe8-bc0b-362c2fa428aa
synecho	130.92140118224907	NA	NA	12.73984450717918	NA	NA	7	dd8c5ed5-600e-4fe8-bc0b-362c2fa428aa
synecho	67.22982866659213	NA	NA	54.8713755252284	NA	NA	8	dd8c5ed5-600e-4fe8-bc0b-362c2fa428aa
beads	NA	NA	NA	291.65805180398917	49.0971737522821	NA	1	dd9b9a50-1b44-49ac-9fbc-38a1f0ffdadd
beads	NA	NA	NA	284.2257854147264	48.91756370166652	NA	2	dd9b9a50-1b44-49ac-9fbc-38a1f0ffdadd
beads	NA	NA	NA	178.78587954832435	33.762843538028825	NA	3	dd9b9a50-1b44-49ac-9fbc-38a1f0ffdadd
beads	NA	NA	NA	127.939123861513	32.67398546817533	NA	4	dd9b9a50-1b44-49ac-9fbc-38a1f0ffdadd
beads	NA	NA	NA	146.93460113043574	64.02888696084104	NA	5	dd9b9a50-1b44-49ac-9fbc-38a1f0ffdadd
beads	NA	NA	NA	1876.227564055725	703.317566557112	NA	6	dd9b9a50-1b44-49ac-9fbc-38a1f0ffdadd
beads	NA	NA	NA	2271.6237585224017	519.3713872253604	NA	7	dd9b9a50-1b44-49ac-9fbc-38a1f0ffdadd
croco	NA	NA	NA	594.666357925657	968.5173119052231	NA	1	dd9b9a50-1b44-49ac-9fbc-38a1f0ffdadd
croco	NA	NA	NA	214.5301965425678	462.8331356217789	NA	2	dd9b9a50-1b44-49ac-9fbc-38a1f0ffdadd
croco	NA	NA	NA	82.59472740920073	778.8335104464039	NA	3	dd9b9a50-1b44-49ac-9fbc-38a1f0ffdadd
croco	NA	NA	NA	118.1758197073603	3796.070048385389	NA	4	dd9b9a50-1b44-49ac-9fbc-38a1f0ffdadd
croco	NA	NA	NA	986.7625730634793	3552.620237953618	NA	5	dd9b9a50-1b44-49ac-9fbc-38a1f0ffdadd
picoeuk	315.9184646240501	NA	NA	NA	3607.6667988273593	NA	1	dd9b9a50-1b44-49ac-9fbc-38a1f0ffdadd
picoeuk	47.029015702431096	NA	NA	NA	143.1153880447429	NA	2	dd9b9a50-1b44-49ac-9fbc-38a1f0ffdadd
picoeuk	35.60088617184573	NA	NA	NA	8.381729296364691	NA	3	dd9b9a50-1b44-49ac-9fbc-38a1f0ffdadd
picoeuk	76.64155906961813	NA	NA	NA	2.2194456009332	NA	4	dd9b9a50-1b44-49ac-9fbc-38a1f0ffdadd
picoeuk	3813.1269596999996	NA	NA	NA	1.3690377708369839	NA	5	dd9b9a50-1b44-49ac-9fbc-38a1f0ffdadd
prochloro	8.788196133895774	NA	NA	NA	13.26847948573487	NA	1	dd9b9a50-1b44-49ac-9fbc-38a1f0ffdadd
prochloro	2.4158828400817085	NA	NA	NA	9.010674004112262	NA	2	dd9b9a50-1b44-49ac-9fbc-38a1f0ffdadd
prochloro	1.1918296069328076	NA	NA	NA	3.0333818119969305	NA	3	dd9b9a50-1b44-49ac-9fbc-38a1f0ffdadd
prochloro	1.336567564148952	NA	NA	NA	1.9864215976619493	NA	4	dd9b9a50-1b44-49ac-9fbc-38a1f0ffdadd
prochloro	2.0451355238939164	NA	NA	NA	1.6262185305928534	NA	5	dd9b9a50-1b44-49ac-9fbc-38a1f0ffdadd
prochloro	4.430814117970581	NA	NA	NA	1.6363279983999213	NA	6	dd9b9a50-1b44-49ac-9fbc-38a1f0ffdadd
prochloro	30.05768865189646	NA	NA	NA	2.044780157934234	NA	7	dd9b9a50-1b44-49ac-9fbc-38a1f0ffdadd
prochloro	82.30386024993345	NA	NA	NA	5.019813452591128	NA	8	dd9b9a50-1b44-49ac-9fbc-38a1f0ffdadd
prochloro	31.37032351200594	NA	NA	NA	8.476255858750305	NA	9	dd9b9a50-1b44-49ac-9fbc-38a1f0ffdadd
prochloro	16.65020887321979	NA	NA	NA	10.847196111744358	NA	10	dd9b9a50-1b44-49ac-9fbc-38a1f0ffdadd
synecho	22.972780244775745	NA	NA	41.53012611217413	NA	NA	1	dd9b9a50-1b44-49ac-9fbc-38a1f0ffdadd
synecho	7.479533322559935	NA	NA	16.264380521439623	NA	NA	2	dd9b9a50-1b44-49ac-9fbc-38a1f0ffdadd
synecho	6.263992912855091	NA	NA	3.87022393763596	NA	NA	3	dd9b9a50-1b44-49ac-9fbc-38a1f0ffdadd
synecho	8.271278255515433	NA	NA	1.7472153317883845	NA	NA	4	dd9b9a50-1b44-49ac-9fbc-38a1f0ffdadd
synecho	31.11181061886925	NA	NA	1.3351230782625	NA	NA	5	dd9b9a50-1b44-49ac-9fbc-38a1f0ffdadd
synecho	117.81101829914202	NA	NA	1.6270340152628413	NA	NA	6	dd9b9a50-1b44-49ac-9fbc-38a1f0ffdadd
synecho	190.90409281123016	NA	NA	2.760994848681758	NA	NA	7	dd9b9a50-1b44-49ac-9fbc-38a1f0ffdadd
synecho	211.53948651236894	NA	NA	20.567034765254025	NA	NA	8	dd9b9a50-1b44-49ac-9fbc-38a1f0ffdadd
synecho	101.73038712238093	NA	NA	50.20389945644824	NA	NA	9	dd9b9a50-1b44-49ac-9fbc-38a1f0ffdadd
synecho	44.794028698291555	NA	NA	60.17975117960444	NA	NA	10	dd9b9a50-1b44-49ac-9fbc-38a1f0ffdadd
beads	338.21308091422134	NA	NA	123.95594060500642	NA	NA	1	e5868345-2c16-43c0-a308-305cd9004034
beads	414.41353765409184	NA	NA	232.71388635329373	NA	NA	2	e5868345-2c16-43c0-a308-305cd9004034
beads	406.0781115278262	NA	NA	363.8799049949072	NA	NA	3	e5868345-2c16-43c0-a308-305cd9004034
beads	389.9068580451344	NA	NA	524.5615246014694	NA	NA	4	e5868345-2c16-43c0-a308-305cd9004034
beads	324.7444173557544	NA	NA	655.940308457923	NA	NA	5	e5868345-2c16-43c0-a308-305cd9004034
beads	270.4721254005763	NA	NA	546.3175342908801	NA	NA	6	e5868345-2c16-43c0-a308-305cd9004034
beads	265.0319063545171	NA	NA	402.7910754157233	NA	NA	7	e5868345-2c16-43c0-a308-305cd9004034
beads	249.3590302898292	NA	NA	290.9981217417598	NA	NA	8	e5868345-2c16-43c0-a308-305cd9004034
beads	270.4721254005763	NA	NA	193.82202152916628	NA	NA	9	e5868345-2c16-43c0-a308-305cd9004034
beads	305.54039367451554	NA	NA	137.2110576459475	NA	NA	10	e5868345-2c16-43c0-a308-305cd9004034
croco	1192.0660189584216	NA	NA	131.74690005943646	NA	NA	1	e5868345-2c16-43c0-a308-305cd9004034
croco	747.0336778332637	NA	NA	148.8286441715206	NA	NA	2	e5868345-2c16-43c0-a308-305cd9004034
croco	622.1870978863567	NA	NA	123.95594060500642	NA	NA	3	e5868345-2c16-43c0-a308-305cd9004034
croco	732.00800065423	NA	NA	71.61595783868015	NA	NA	4	e5868345-2c16-43c0-a308-305cd9004034
croco	1216.535149297102	NA	NA	82.5620139566826	NA	NA	5	e5868345-2c16-43c0-a308-305cd9004034
croco	1192.0660189584216	NA	NA	119.01964170264196	NA	NA	6	e5868345-2c16-43c0-a308-305cd9004034
picoeuk	97.92754033645204	NA	NA	NA	73.08599404373467	NA	1	e5868345-2c16-43c0-a308-305cd9004034
picoeuk	132.8220401123931	NA	NA	NA	20.318886167400947	NA	2	e5868345-2c16-43c0-a308-305cd9004034
picoeuk	119.9909190824158	NA	NA	NA	5.103215046603781	NA	3	e5868345-2c16-43c0-a308-305cd9004034
picoeuk	172.97635452852114	NA	NA	NA	2.6099982080837987	NA	4	e5868345-2c16-43c0-a308-305cd9004034
picoeuk	674.8673451550676	NA	NA	NA	2.310436777744457	NA	5	e5868345-2c16-43c0-a308-305cd9004034
picoeuk	2427.463314768076	NA	NA	NA	2.830985353975824	NA	6	e5868345-2c16-43c0-a308-305cd9004034
picoeuk	3795.670014360224	NA	NA	NA	11.04509096181425	NA	7	e5868345-2c16-43c0-a308-305cd9004034
picoeuk	3644.515002069769	NA	NA	NA	85.98624522675814	NA	8	e5868345-2c16-43c0-a308-305cd9004034
picoeuk	3499.3794376380893	NA	NA	NA	926.5701960831312	NA	9	e5868345-2c16-43c0-a308-305cd9004034
picoeuk	3571.20999920286	NA	NA	NA	3471.0533933256097	NA	10	e5868345-2c16-43c0-a308-305cd9004034
picoeuk	915.3426837921352	NA	NA	NA	3921.0954500071703	NA	11	e5868345-2c16-43c0-a308-305cd9004034
picoeuk	183.84837694333365	NA	NA	NA	1886.8209677804043	NA	12	e5868345-2c16-43c0-a308-305cd9004034
picoeuk	127.53266642351224	NA	NA	NA	419.4966974039364	NA	13	e5868345-2c16-43c0-a308-305cd9004034
prochloro	24.595112803164323	NA	NA	NA	6.003972528301018	NA	1	e5868345-2c16-43c0-a308-305cd9004034
prochloro	12.578972227830905	NA	NA	NA	8.31052288917156	NA	2	e5868345-2c16-43c0-a308-305cd9004034
prochloro	3.1592873652133338	NA	NA	NA	7.819073398933543	NA	3	e5868345-2c16-43c0-a308-305cd9004034
prochloro	1.3457558923492268	NA	NA	NA	4.426631765681548	NA	4	e5868345-2c16-43c0-a308-305cd9004034
prochloro	1.2921638393840325	NA	NA	NA	2.26396514173248	NA	5	e5868345-2c16-43c0-a308-305cd9004034
prochloro	1.6157920618133006	NA	NA	NA	1.8476776362138805	NA	6	e5868345-2c16-43c0-a308-305cd9004034
prochloro	2.526511293148823	NA	NA	NA	1.6356112241389833	NA	7	e5868345-2c16-43c0-a308-305cd9004034
prochloro	4.462755948556652	NA	NA	NA	1.5079351640336849	NA	8	e5868345-2c16-43c0-a308-305cd9004034
prochloro	28.354323642436693	NA	NA	NA	2.774043514150353	NA	9	e5868345-2c16-43c0-a308-305cd9004034
synecho	12.837176476651262	NA	NA	2.1300837326251445	NA	NA	1	e5868345-2c16-43c0-a308-305cd9004034
synecho	27.22516907356081	NA	NA	1.9638090735483016	NA	NA	2	e5868345-2c16-43c0-a308-305cd9004034
synecho	61.3683885416222	NA	NA	1.9638090735483016	NA	NA	3	e5868345-2c16-43c0-a308-305cd9004034
synecho	138.3307887646087	NA	NA	8.143366791893792	NA	NA	4	e5868345-2c16-43c0-a308-305cd9004034
synecho	110.6244097489272	NA	NA	16.582742760585536	NA	NA	5	e5868345-2c16-43c0-a308-305cd9004034
synecho	52.16147847366224	NA	NA	20.318886167400947	NA	NA	6	e5868345-2c16-43c0-a308-305cd9004034
synecho	16.718068684168863	NA	NA	12.477150596001367	NA	NA	7	e5868345-2c16-43c0-a308-305cd9004034
synecho	12.578972227830905	NA	NA	3.762517853957071	NA	NA	8	e5868345-2c16-43c0-a308-305cd9004034
beads	265.0319063545171	NA	NA	371.3491430080218	NA	NA	1	e860728d-b473-4f42-ab4b-3b38d2062d8a
beads	281.6898642261625	NA	NA	262.88658154553127	NA	NA	2	e860728d-b473-4f42-ab4b-3b38d2062d8a
beads	299.3948189076269	NA	NA	178.69224514632486	NA	NA	3	e860728d-b473-4f42-ab4b-3b38d2062d8a
beads	406.0781115278262	NA	NA	262.88658154553127	NA	NA	4	e860728d-b473-4f42-ab4b-3b38d2062d8a
beads	573.6190787054552	NA	NA	378.9716995081735	NA	NA	5	e860728d-b473-4f42-ab4b-3b38d2062d8a
beads	702.85723730626	NA	NA	524.5615246014694	NA	NA	6	e860728d-b473-4f42-ab4b-3b38d2062d8a
beads	647.9920948131245	NA	NA	726.0826954870898	NA	NA	7	e860728d-b473-4f42-ab4b-3b38d2062d8a
beads	487.560777413656	NA	NA	871.7767183913584	NA	NA	8	e860728d-b473-4f42-ab4b-3b38d2062d8a
beads	324.7444173557544	NA	NA	803.7256955975229	NA	NA	9	e860728d-b473-4f42-ab4b-3b38d2062d8a
beads	249.3590302898292	NA	NA	386.75072161136086	NA	NA	10	e860728d-b473-4f42-ab4b-3b38d2062d8a
croco	1168.08905552497	NA	NA	123.95594060500642	NA	NA	1	e860728d-b473-4f42-ab4b-3b38d2062d8a
croco	793.9867247520795	NA	NA	111.98131896132703	NA	NA	2	e860728d-b473-4f42-ab4b-3b38d2062d8a
croco	953.3062083049988	NA	NA	77.6796425086833	NA	NA	3	e860728d-b473-4f42-ab4b-3b38d2062d8a
croco	1292.9976082708515	NA	NA	109.7289504286584	NA	NA	4	e860728d-b473-4f42-ab4b-3b38d2062d8a
picoeuk	159.47379407183018	NA	NA	NA	21.595982025144824	NA	1	e860728d-b473-4f42-ab4b-3b38d2062d8a
picoeuk	159.47379407183018	NA	NA	NA	5.883209896469345	NA	2	e860728d-b473-4f42-ab4b-3b38d2062d8a
picoeuk	299.3948189076269	NA	NA	NA	2.948399502561104	NA	3	e860728d-b473-4f42-ab4b-3b38d2062d8a
picoeuk	793.9867247520795	NA	NA	NA	2.218428226364858	NA	4	e860728d-b473-4f42-ab4b-3b38d2062d8a
picoeuk	2687.0419214310205	NA	NA	NA	2.218428226364858	NA	5	e860728d-b473-4f42-ab4b-3b38d2062d8a
picoeuk	3161.3258958000533	NA	NA	NA	15.288291346848284	NA	6	e860728d-b473-4f42-ab4b-3b38d2062d8a
picoeuk	3499.3794376380893	NA	NA	NA	93.26665440856522	NA	7	e860728d-b473-4f42-ab4b-3b38d2062d8a
picoeuk	3499.3794376380893	NA	NA	NA	803.7256955975229	NA	8	e860728d-b473-4f42-ab4b-3b38d2062d8a
picoeuk	3035.432376915135	NA	NA	NA	3072.664721613748	NA	9	e860728d-b473-4f42-ab4b-3b38d2062d8a
picoeuk	688.7201156957019	NA	NA	NA	2665.291416836604	NA	10	e860728d-b473-4f42-ab4b-3b38d2062d8a
picoeuk	90.2833016925514	NA	NA	NA	303.0671692400946	NA	11	e860728d-b473-4f42-ab4b-3b38d2062d8a
picoeuk	104.08254583687057	NA	NA	NA	45.80090201404818	NA	12	e860728d-b473-4f42-ab4b-3b38d2062d8a
prochloro	8.20982194036357	NA	NA	NA	3.39904412685032	NA	1	e860728d-b473-4f42-ab4b-3b38d2062d8a
prochloro	4.743251989976848	NA	NA	NA	4.250349956036493	NA	2	e860728d-b473-4f42-ab4b-3b38d2062d8a
prochloro	1.2661735295906114	NA	NA	NA	3.762517853957071	NA	3	e860728d-b473-4f42-ab4b-3b38d2062d8a
prochloro	1.1438562862371504	NA	NA	NA	1.7740975476513676	NA	4	e860728d-b473-4f42-ab4b-3b38d2062d8a
prochloro	1.55144635524814	NA	NA	NA	1.4187621989195482	NA	5	e860728d-b473-4f42-ab4b-3b38d2062d8a
prochloro	2.9126729145554604	NA	NA	NA	1.3348625491951631	NA	6	e860728d-b473-4f42-ab4b-3b38d2062d8a
prochloro	8.904943152808645	NA	NA	NA	1.3348625491951631	NA	7	e860728d-b473-4f42-ab4b-3b38d2062d8a
prochloro	12.837176476651262	NA	NA	NA	1.7384137253203016	NA	8	e860728d-b473-4f42-ab4b-3b38d2062d8a
synecho	8.20982194036357	NA	NA	1.7740975476513676	NA	NA	1	e860728d-b473-4f42-ab4b-3b38d2062d8a
synecho	23.615661332414195	NA	NA	1.7740975476513676	NA	NA	2	e860728d-b473-4f42-ab4b-3b38d2062d8a
synecho	88.46736248372714	NA	NA	1.7034476398339993	NA	NA	3	e860728d-b473-4f42-ab4b-3b38d2062d8a
synecho	119.9909190824158	NA	NA	4.337595431878625	NA	NA	4	e860728d-b473-4f42-ab4b-3b38d2062d8a
synecho	106.2190125589818	NA	NA	9.58073490141227	NA	NA	5	e860728d-b473-4f42-ab4b-3b38d2062d8a
synecho	16.718068684168863	NA	NA	9.388030028742987	NA	NA	6	e860728d-b473-4f42-ab4b-3b38d2062d8a
synecho	5.250467376145124	NA	NA	3.68683936671954	NA	NA	7	e860728d-b473-4f42-ab4b-3b38d2062d8a
beads	1117.63077688615	NA	NA	2657.2565183098427	NA	NA	1	e9d26a8b-b944-4217-b045-0657114ae7bf
beads	324.3115792615431	NA	NA	1511.7205879397784	NA	NA	2	e9d26a8b-b944-4217-b045-0657114ae7bf
beads	165.4201882589255	NA	NA	489.2689112600053	NA	NA	3	e9d26a8b-b944-4217-b045-0657114ae7bf
beads	151.03531937866362	NA	NA	129.62886871527246	NA	NA	4	e9d26a8b-b944-4217-b045-0657114ae7bf
beads	330.2664464016193	NA	NA	93.42557038654272	NA	NA	5	e9d26a8b-b944-4217-b045-0657114ae7bf
beads	983.97567711056	NA	NA	299.3599252255508	NA	NA	6	e9d26a8b-b944-4217-b045-0657114ae7bf
beads	1468.345748616434	NA	NA	941.9320336976502	NA	NA	7	e9d26a8b-b944-4217-b045-0657114ae7bf
beads	1729.6025487247869	NA	NA	2175.261621658029	NA	NA	8	e9d26a8b-b944-4217-b045-0657114ae7bf
croco	735.4487045588436	NA	NA	86.86758822802672	NA	NA	1	e9d26a8b-b944-4217-b045-0657114ae7bf
croco	466.66198598801054	NA	NA	80.7699418192791	NA	NA	2	e9d26a8b-b944-4217-b045-0657114ae7bf
croco	559.7864861259785	NA	NA	49.41921137237794	NA	NA	3	e9d26a8b-b944-4217-b045-0657114ae7bf
croco	931.7048747504768	NA	NA	63.756400431188766	NA	NA	4	e9d26a8b-b944-4217-b045-0657114ae7bf
croco	820.2842602044758	NA	NA	91.74106121160462	NA	NA	5	e9d26a8b-b944-4217-b045-0657114ae7bf
picoeuk	1826.637259431975	NA	NA	NA	3686.968727401051	NA	1	e9d26a8b-b944-4217-b045-0657114ae7bf
picoeuk	418.3988035759545	NA	NA	NA	2755.735164388009	NA	2	e9d26a8b-b944-4217-b045-0657114ae7bf
picoeuk	181.17509729637416	NA	NA	NA	891.894675747277	NA	3	e9d26a8b-b944-4217-b045-0657114ae7bf
picoeuk	125.90950986215624	NA	NA	NA	189.95192508330848	NA	4	e9d26a8b-b944-4217-b045-0657114ae7bf
picoeuk	121.410021587729	NA	NA	NA	51.25070072715731	NA	5	e9d26a8b-b944-4217-b045-0657114ae7bf
picoeuk	205.7844207474443	NA	NA	NA	7.724883957449342	NA	6	e9d26a8b-b944-4217-b045-0657114ae7bf
picoeuk	492.8428047210631	NA	NA	NA	3.2847175806732167	NA	7	e9d26a8b-b944-4217-b045-0657114ae7bf
picoeuk	1522.763039646489	NA	NA	NA	4.475401564604311	NA	8	e9d26a8b-b944-4217-b045-0657114ae7bf
picoeuk	3516.610414043502	NA	NA	NA	8.158267847066266	NA	9	e9d26a8b-b944-4217-b045-0657114ae7bf
picoeuk	3851.538561427052	NA	NA	NA	83.76329773330801	NA	10	e9d26a8b-b944-4217-b045-0657114ae7bf
picoeuk	4142.306633660992	NA	NA	NA	908.2712550513836	NA	11	e9d26a8b-b944-4217-b045-0657114ae7bf
picoeuk	3713.900406734703	NA	NA	NA	4187.775997939812	NA	12	e9d26a8b-b944-4217-b045-0657114ae7bf
picoeuk	931.7048747504768	NA	NA	NA	3823.6087867649658	NA	13	e9d26a8b-b944-4217-b045-0657114ae7bf
prochloro	11.61172469499988	NA	NA	NA	16.288230348436837	NA	1	e9d26a8b-b944-4217-b045-0657114ae7bf
prochloro	1.4069054276603008	NA	NA	NA	8.774168162440661	NA	2	e9d26a8b-b944-4217-b045-0657114ae7bf
prochloro	0.960114296799022	NA	NA	NA	3.110226658324157	NA	3	e9d26a8b-b944-4217-b045-0657114ae7bf
prochloro	2.299422964909252	NA	NA	NA	2.084241661049866	NA	4	e9d26a8b-b944-4217-b045-0657114ae7bf
prochloro	17.645854580225826	NA	NA	NA	2.1614842213618277	NA	5	e9d26a8b-b944-4217-b045-0657114ae7bf
prochloro	45.45133225121558	NA	NA	NA	5.176640399438577	NA	6	e9d26a8b-b944-4217-b045-0657114ae7bf
prochloro	20.785509874049527	NA	NA	NA	11.319674338790172	NA	7	e9d26a8b-b944-4217-b045-0657114ae7bf
synecho	51.625064476801015	NA	NA	59.28103747874418	NA	NA	1	e9d26a8b-b944-4217-b045-0657114ae7bf
synecho	9.505495203887136	NA	NA	19.53862004135093	NA	NA	2	e9d26a8b-b944-4217-b045-0657114ae7bf
synecho	4.508092397843963	NA	NA	4.012545946265498	NA	NA	3	e9d26a8b-b944-4217-b045-0657114ae7bf
synecho	7.924187845876656	NA	NA	1.7694165543108216	NA	NA	4	e9d26a8b-b944-4217-b045-0657114ae7bf
synecho	33.97149360722887	NA	NA	1.868684922985838	NA	NA	5	e9d26a8b-b944-4217-b045-0657114ae7bf
synecho	130.5757503903674	NA	NA	4.237659071464256	NA	NA	6	e9d26a8b-b944-4217-b045-0657114ae7bf
synecho	143.01201401422918	NA	NA	15.706155955929091	NA	NA	7	e9d26a8b-b944-4217-b045-0657114ae7bf
beads	1608.1935746191857	NA	NA	3965.3127637271455	NA	NA	1	f2b79882-3aec-4c2f-ac03-3b7f8a0d48a5
beads	433.9047765269935	NA	NA	2806.334766210837	NA	NA	2	f2b79882-3aec-4c2f-ac03-3b7f8a0d48a5
beads	143.01201401422918	NA	NA	116.22237338347912	NA	NA	3	f2b79882-3aec-4c2f-ac03-3b7f8a0d48a5
beads	324.3115792615431	NA	NA	90.08692456903344	NA	NA	4	f2b79882-3aec-4c2f-ac03-3b7f8a0d48a5
beads	748.9526914777232	NA	NA	245.0595762654285	NA	NA	5	f2b79882-3aec-4c2f-ac03-3b7f8a0d48a5
beads	1292.7493874611216	NA	NA	829.2883748531433	NA	NA	6	f2b79882-3aec-4c2f-ac03-3b7f8a0d48a5
beads	2878.738886999627	NA	NA	3018.196217680213	NA	NA	7	f2b79882-3aec-4c2f-ac03-3b7f8a0d48a5
beads	1860.1771725544047	NA	NA	3893.816216214933	NA	NA	8	f2b79882-3aec-4c2f-ac03-3b7f8a0d48a5
croco	898.409572721615	NA	NA	104.20240652225496	NA	NA	1	f2b79882-3aec-4c2f-ac03-3b7f8a0d48a5
croco	549.6932593146885	NA	NA	95.1410097809808	NA	NA	2	f2b79882-3aec-4c2f-ac03-3b7f8a0d48a5
croco	1077.6912474475582	NA	NA	77.88355614007273	NA	NA	3	f2b79882-3aec-4c2f-ac03-3b7f8a0d48a5
croco	983.97567711056	NA	NA	106.11572546057072	NA	NA	4	f2b79882-3aec-4c2f-ac03-3b7f8a0d48a5
picoeuk	1929.115842252424	NA	NA	NA	3754.667231941906	NA	1	f2b79882-3aec-4c2f-ac03-3b7f8a0d48a5
picoeuk	530.0494819897993	NA	NA	NA	3246.051938671217	NA	2	f2b79882-3aec-4c2f-ac03-3b7f8a0d48a5
picoeuk	132.9733251148373	NA	NA	NA	1050.5858758539075	NA	3	f2b79882-3aec-4c2f-ac03-3b7f8a0d48a5
picoeuk	67.82512213716709	NA	NA	NA	141.9749496666481	NA	4	f2b79882-3aec-4c2f-ac03-3b7f8a0d48a5
picoeuk	65.40133109785732	NA	NA	NA	18.167111993789067	NA	5	f2b79882-3aec-4c2f-ac03-3b7f8a0d48a5
picoeuk	324.3115792615431	NA	NA	NA	2.788560353673846	NA	6	f2b79882-3aec-4c2f-ac03-3b7f8a0d48a5
picoeuk	1002.0430074217436	NA	NA	NA	2.5001614674190598	NA	7	f2b79882-3aec-4c2f-ac03-3b7f8a0d48a5
picoeuk	3269.7629154589986	NA	NA	NA	3.3450301258808817	NA	8	f2b79882-3aec-4c2f-ac03-3b7f8a0d48a5
picoeuk	3390.941214464851	NA	NA	NA	27.6078037333352	NA	9	f2b79882-3aec-4c2f-ac03-3b7f8a0d48a5
picoeuk	3210.8074752280863	NA	NA	NA	299.3599252255508	NA	10	f2b79882-3aec-4c2f-ac03-3b7f8a0d48a5
picoeuk	3453.2041915004697	NA	NA	NA	2806.334766210837	NA	11	f2b79882-3aec-4c2f-ac03-3b7f8a0d48a5
picoeuk	898.409572721615	NA	NA	NA	3366.3515024570584	NA	12	f2b79882-3aec-4c2f-ac03-3b7f8a0d48a5
prochloro	35.87737311515336	NA	NA	NA	40.455151066602845	NA	1	f2b79882-3aec-4c2f-ac03-3b7f8a0d48a5
prochloro	9.505495203887136	NA	NA	NA	52.19174364138493	NA	2	f2b79882-3aec-4c2f-ac03-3b7f8a0d48a5
prochloro	1.7823413613194106	NA	NA	NA	17.517894095270115	NA	3	f2b79882-3aec-4c2f-ac03-3b7f8a0d48a5
prochloro	1.032597170526517	NA	NA	NA	3.869154049532773	NA	4	f2b79882-3aec-4c2f-ac03-3b7f8a0d48a5
prochloro	1.1517094269989407	NA	NA	NA	1.9735224771617996	NA	5	f2b79882-3aec-4c2f-ac03-3b7f8a0d48a5
prochloro	2.217251040962563	NA	NA	NA	1.706184880647608	NA	6	f2b79882-3aec-4c2f-ac03-3b7f8a0d48a5
prochloro	31.58687397844215	NA	NA	NA	2.6404263189545376	NA	7	f2b79882-3aec-4c2f-ac03-3b7f8a0d48a5
prochloro	63.06415638620204	NA	NA	NA	9.609835336644066	NA	8	f2b79882-3aec-4c2f-ac03-3b7f8a0d48a5
prochloro	26.332170760220077	NA	NA	NA	36.27119266831818	NA	9	f2b79882-3aec-4c2f-ac03-3b7f8a0d48a5
synecho	9.857771429961351	NA	NA	2.1225115933403647	NA	NA	1	f2b79882-3aec-4c2f-ac03-3b7f8a0d48a5
synecho	24.042336443712507	NA	NA	1.868684922985838	NA	NA	2	f2b79882-3aec-4c2f-ac03-3b7f8a0d48a5
synecho	49.78019690060109	NA	NA	2.788560353673846	NA	NA	3	f2b79882-3aec-4c2f-ac03-3b7f8a0d48a5
synecho	70.33873952868746	NA	NA	7.053131349664778	NA	NA	4	f2b79882-3aec-4c2f-ac03-3b7f8a0d48a5
synecho	18.299814728965316	NA	NA	90.08692456903344	NA	NA	5	f2b79882-3aec-4c2f-ac03-3b7f8a0d48a5
synecho	2.518424043508322	NA	NA	11.954734298417268	NA	NA	6	f2b79882-3aec-4c2f-ac03-3b7f8a0d48a5
synecho	3.4943373463454983	NA	NA	2.41081597461917	NA	NA	7	f2b79882-3aec-4c2f-ac03-3b7f8a0d48a5
synecho	8.3687531454485	NA	NA	1.737513099960029	NA	NA	8	f2b79882-3aec-4c2f-ac03-3b7f8a0d48a5
beads	NA	NA	NA	349.69193118766066	37.86581489894519	NA	1	f35b4100-1aa3-48be-96b3-b7aa476f27e8
beads	NA	NA	NA	190.31121824806772	28.752158832420225	NA	2	f35b4100-1aa3-48be-96b3-b7aa476f27e8
beads	NA	NA	NA	139.98525296869764	50.49005609220685	NA	3	f35b4100-1aa3-48be-96b3-b7aa476f27e8
beads	NA	NA	NA	2238.7636499409764	737.7378558159039	NA	4	f35b4100-1aa3-48be-96b3-b7aa476f27e8
beads	NA	NA	NA	2772.7625801868394	413.22680654986084	NA	5	f35b4100-1aa3-48be-96b3-b7aa476f27e8
croco	NA	NA	NA	504.1247386280996	1318.8789102379378	NA	1	f35b4100-1aa3-48be-96b3-b7aa476f27e8
croco	NA	NA	NA	95.64044322356351	237.95633758868703	NA	2	f35b4100-1aa3-48be-96b3-b7aa476f27e8
croco	NA	NA	NA	16.244235757544622	383.9197446071521	NA	3	f35b4100-1aa3-48be-96b3-b7aa476f27e8
croco	NA	NA	NA	19.606513744451213	1476.5393317838393	NA	4	f35b4100-1aa3-48be-96b3-b7aa476f27e8
croco	NA	NA	NA	43.6927690512932	3214.335965396553	NA	5	f35b4100-1aa3-48be-96b3-b7aa476f27e8
croco	NA	NA	NA	548.7700163105279	3458.77009355023	NA	6	f35b4100-1aa3-48be-96b3-b7aa476f27e8
picoeuk	132.52440743802427	NA	NA	NA	3587.1308850296737	NA	1	f35b4100-1aa3-48be-96b3-b7aa476f27e8
picoeuk	30.835459597159595	NA	NA	NA	151.59990860831604	NA	2	f35b4100-1aa3-48be-96b3-b7aa476f27e8
picoeuk	20.952852373927485	NA	NA	NA	7.181905506308229	NA	3	f35b4100-1aa3-48be-96b3-b7aa476f27e8
picoeuk	44.623871395671856	NA	NA	NA	2.0563246293927766	NA	4	f35b4100-1aa3-48be-96b3-b7aa476f27e8
picoeuk	3489.2603556960107	NA	NA	NA	1.4576415799402227	NA	5	f35b4100-1aa3-48be-96b3-b7aa476f27e8
prochloro	4.670924244590861	NA	NA	NA	5.034214689103166	NA	1	f35b4100-1aa3-48be-96b3-b7aa476f27e8
prochloro	1.7000387584069374	NA	NA	NA	2.7512009340849937	NA	2	f35b4100-1aa3-48be-96b3-b7aa476f27e8
prochloro	1.440394087422935	NA	NA	NA	1.360724310932717	NA	3	f35b4100-1aa3-48be-96b3-b7aa476f27e8
prochloro	4.3797438844306384	NA	NA	NA	0.9766454088917054	NA	4	f35b4100-1aa3-48be-96b3-b7aa476f27e8
prochloro	12.68453604504528	NA	NA	NA	1.2469867180824041	NA	5	f35b4100-1aa3-48be-96b3-b7aa476f27e8
prochloro	12.656532573971367	NA	NA	NA	3.6787433954179622	NA	6	f35b4100-1aa3-48be-96b3-b7aa476f27e8
synecho	18.805823739912984	NA	NA	19.618826339119128	NA	NA	1	f35b4100-1aa3-48be-96b3-b7aa476f27e8
synecho	6.758087026857147	NA	NA	5.720425185813705	NA	NA	2	f35b4100-1aa3-48be-96b3-b7aa476f27e8
synecho	6.253942022953167	NA	NA	1.967779404781939	NA	NA	3	f35b4100-1aa3-48be-96b3-b7aa476f27e8
synecho	19.534364062268246	NA	NA	1.3782531291094322	NA	NA	4	f35b4100-1aa3-48be-96b3-b7aa476f27e8
synecho	62.160771910490894	NA	NA	2.0450341654621953	NA	NA	5	f35b4100-1aa3-48be-96b3-b7aa476f27e8
synecho	50.7216179253201	NA	NA	9.420516600774878	NA	NA	6	f35b4100-1aa3-48be-96b3-b7aa476f27e8
beads	1772.2479686376792	NA	NA	2756.592313395769	NA	NA	1	f5ac7a26-bf4d-434a-9a83-90e45c21c14a
beads	1057.7234240543362	NA	NA	3409.3420379474887	NA	NA	2	f5ac7a26-bf4d-434a-9a83-90e45c21c14a
beads	400.3485488813286	NA	NA	1371.2213808425315	NA	NA	3	f5ac7a26-bf4d-434a-9a83-90e45c21c14a
beads	218.13712954172055	NA	NA	439.191402670185	NA	NA	4	f5ac7a26-bf4d-434a-9a83-90e45c21c14a
beads	161.01830907697695	NA	NA	176.64072273198377	NA	NA	5	f5ac7a26-bf4d-434a-9a83-90e45c21c14a
beads	246.3039217554692	NA	NA	105.42375185743758	NA	NA	6	f5ac7a26-bf4d-434a-9a83-90e45c21c14a
beads	487.6896902558881	NA	NA	168.77677462547905	NA	NA	7	f5ac7a26-bf4d-434a-9a83-90e45c21c14a
beads	908.7511135766624	NA	NA	445.9093169103135	NA	NA	8	f5ac7a26-bf4d-434a-9a83-90e45c21c14a
beads	1799.356445245293	NA	NA	1027.6517370145186	NA	NA	9	f5ac7a26-bf4d-434a-9a83-90e45c21c14a
beads	2001.0881499893285	NA	NA	2332.66653017832	NA	NA	10	f5ac7a26-bf4d-434a-9a83-90e45c21c14a
croco	804.8282705797129	NA	NA	140.66954532235056	NA	NA	1	f5ac7a26-bf4d-434a-9a83-90e45c21c14a
croco	621.7661012911275	NA	NA	140.66954532235056	NA	NA	2	f5ac7a26-bf4d-434a-9a83-90e45c21c14a
croco	702.0511798442961	NA	NA	115.4768072133126	NA	NA	3	f5ac7a26-bf4d-434a-9a83-90e45c21c14a
croco	817.1390017709738	NA	NA	107.0363237783473	NA	NA	4	f5ac7a26-bf4d-434a-9a83-90e45c21c14a
croco	1026.0929152401477	NA	NA	115.4768072133126	NA	NA	5	f5ac7a26-bf4d-434a-9a83-90e45c21c14a
croco	908.7511135766624	NA	NA	145.00584784146992	NA	NA	6	f5ac7a26-bf4d-434a-9a83-90e45c21c14a
picoeuk	3456.24100528314	NA	NA	NA	1214.411422487155	NA	1	f5ac7a26-bf4d-434a-9a83-90e45c21c14a
picoeuk	3404.170483797765	NA	NA	NA	2841.567481015536	NA	2	f5ac7a26-bf4d-434a-9a83-90e45c21c14a
picoeuk	1593.5858722456037	NA	NA	NA	3734.451926665416	NA	3	f5ac7a26-bf4d-434a-9a83-90e45c21c14a
picoeuk	452.0432530937976	NA	NA	NA	2097.5080761468307	NA	4	f5ac7a26-bf4d-434a-9a83-90e45c21c14a
picoeuk	231.79307687376425	NA	NA	NA	344.485038162257	NA	5	f5ac7a26-bf4d-434a-9a83-90e45c21c14a
picoeuk	179.07059553246717	NA	NA	NA	82.69038273750131	NA	6	f5ac7a26-bf4d-434a-9a83-90e45c21c14a
picoeuk	179.07059553246717	NA	NA	NA	51.65124413628209	NA	7	f5ac7a26-bf4d-434a-9a83-90e45c21c14a
picoeuk	273.91785569955715	NA	NA	NA	12.780588680173985	NA	8	f5ac7a26-bf4d-434a-9a83-90e45c21c14a
picoeuk	1123.9396404366646	NA	NA	NA	5.140292837429446	NA	9	f5ac7a26-bf4d-434a-9a83-90e45c21c14a
picoeuk	3509.10800250928	NA	NA	NA	14.430872547391544	NA	10	f5ac7a26-bf4d-434a-9a83-90e45c21c14a
picoeuk	4210.264056223352	NA	NA	NA	91.96107055461088	NA	11	f5ac7a26-bf4d-434a-9a83-90e45c21c14a
picoeuk	4146.833686447753	NA	NA	NA	594.9879392415912	NA	12	f5ac7a26-bf4d-434a-9a83-90e45c21c14a
prochloro	1.1247523975327116	NA	NA	NA	2.758585694430676	NA	1	f5ac7a26-bf4d-434a-9a83-90e45c21c14a
prochloro	1.2508520478653524	NA	NA	NA	2.005577416747228	NA	2	f5ac7a26-bf4d-434a-9a83-90e45c21c14a
prochloro	2.6720327376778874	NA	NA	NA	1.8874200500871736	NA	3	f5ac7a26-bf4d-434a-9a83-90e45c21c14a
prochloro	5.883869596270586	NA	NA	NA	1.8309780207506927	NA	4	f5ac7a26-bf4d-434a-9a83-90e45c21c14a
prochloro	15.080351668065513	NA	NA	NA	1.945601970694612	NA	5	f5ac7a26-bf4d-434a-9a83-90e45c21c14a
prochloro	27.67707138905689	NA	NA	NA	2.5569538913036296	NA	6	f5ac7a26-bf4d-434a-9a83-90e45c21c14a
prochloro	24.142691470475278	NA	NA	NA	5.140292837429446	NA	7	f5ac7a26-bf4d-434a-9a83-90e45c21c14a
prochloro	15.31102218802813	NA	NA	NA	8.4829617629418	NA	8	f5ac7a26-bf4d-434a-9a83-90e45c21c14a
prochloro	7.971083733804946	NA	NA	NA	10.17794521436548	NA	9	f5ac7a26-bf4d-434a-9a83-90e45c21c14a
prochloro	3.511645551971216	NA	NA	NA	8.612717967820261	NA	10	f5ac7a26-bf4d-434a-9a83-90e45c21c14a
prochloro	1.619131516407953	NA	NA	NA	4.764576210063319	NA	11	f5ac7a26-bf4d-434a-9a83-90e45c21c14a
synecho	6.953171185108341	NA	NA	3.2108028949494902	NA	NA	1	f5ac7a26-bf4d-434a-9a83-90e45c21c14a
synecho	13.35579475107754	NA	NA	1.803393144515785	NA	NA	2	f5ac7a26-bf4d-434a-9a83-90e45c21c14a
synecho	26.44490334888299	NA	NA	1.7494638833726353	NA	NA	3	f5ac7a26-bf4d-434a-9a83-90e45c21c14a
synecho	147.00055076235645	NA	NA	5.804029270442354	NA	NA	4	f5ac7a26-bf4d-434a-9a83-90e45c21c14a
synecho	124.39389858804148	NA	NA	21.74182219351014	NA	NA	5	f5ac7a26-bf4d-434a-9a83-90e45c21c14a
synecho	68.81500266281337	NA	NA	36.429088493884535	NA	NA	6	f5ac7a26-bf4d-434a-9a83-90e45c21c14a
synecho	30.316316586277264	NA	NA	41.13296705091512	NA	NA	7	f5ac7a26-bf4d-434a-9a83-90e45c21c14a
synecho	8.599653529916656	NA	NA	25.305976820418017	NA	NA	8	f5ac7a26-bf4d-434a-9a83-90e45c21c14a
synecho	6.158021328777553	NA	NA	8.355160419788445	NA	NA	9	f5ac7a26-bf4d-434a-9a83-90e45c21c14a
beads	502.72329278555526	NA	NA	1914.9054799393723	NA	NA	1	fb0f51bb-2ccb-43a5-aa4c-e3a7b6f4e888
beads	228.30096322455165	NA	NA	295.9669370283021	NA	NA	2	fb0f51bb-2ccb-43a5-aa4c-e3a7b6f4e888
beads	273.91785569955715	NA	NA	145.00584784146992	NA	NA	3	fb0f51bb-2ccb-43a5-aa4c-e3a7b6f4e888
beads	438.52520312325737	NA	NA	184.87108191583624	NA	NA	4	fb0f51bb-2ccb-43a5-aa4c-e3a7b6f4e888
beads	681.0568106859027	NA	NA	407.08982445310414	NA	NA	5	fb0f51bb-2ccb-43a5-aa4c-e3a7b6f4e888
beads	1090.3289801307983	NA	NA	981.9012452453952	NA	NA	6	fb0f51bb-2ccb-43a5-aa4c-e3a7b6f4e888
beads	951.0932641169452	NA	NA	3568.196174858441	NA	NA	7	fb0f51bb-2ccb-43a5-aa4c-e3a7b6f4e888
croco	1328.19815154276	NA	NA	140.66954532235056	NA	NA	1	fb0f51bb-2ccb-43a5-aa4c-e3a7b6f4e888
croco	980.4118213615634	NA	NA	173.9795152137151	NA	NA	2	fb0f51bb-2ccb-43a5-aa4c-e3a7b6f4e888
croco	965.6412788181792	NA	NA	119.03651424777748	NA	NA	3	fb0f51bb-2ccb-43a5-aa4c-e3a7b6f4e888
croco	1288.4792776065792	NA	NA	119.03651424777748	NA	NA	4	fb0f51bb-2ccb-43a5-aa4c-e3a7b6f4e888
picoeuk	3352.8844386274423	NA	NA	NA	1160.346491939537	NA	1	fb0f51bb-2ccb-43a5-aa4c-e3a7b6f4e888
picoeuk	3060.99264081293	NA	NA	NA	3208.4827373373705	NA	2	fb0f51bb-2ccb-43a5-aa4c-e3a7b6f4e888
picoeuk	1249.9481699272046	NA	NA	NA	3357.978079946133	NA	3	fb0f51bb-2ccb-43a5-aa4c-e3a7b6f4e888
picoeuk	480.3423274834865	NA	NA	NA	1829.654938103936	NA	4	fb0f51bb-2ccb-43a5-aa4c-e3a7b6f4e888
picoeuk	161.01830907697695	NA	NA	NA	47.87592785374651	NA	5	fb0f51bb-2ccb-43a5-aa4c-e3a7b6f4e888
picoeuk	231.79307687376425	NA	NA	NA	6.454737873623531	NA	6	fb0f51bb-2ccb-43a5-aa4c-e3a7b6f4e888
picoeuk	480.3423274834865	NA	NA	NA	2.334353356771947	NA	7	fb0f51bb-2ccb-43a5-aa4c-e3a7b6f4e888
picoeuk	1073.9024640113366	NA	NA	NA	3.5707764528883934	NA	8	fb0f51bb-2ccb-43a5-aa4c-e3a7b6f4e888
picoeuk	2590.254296091601	NA	NA	NA	10.652174166626398	NA	9	fb0f51bb-2ccb-43a5-aa4c-e3a7b6f4e888
prochloro	1.0911174322715944	NA	NA	NA	2.131131739530216	NA	1	fb0f51bb-2ccb-43a5-aa4c-e3a7b6f4e888
prochloro	4.615083606122266	NA	NA	NA	1.573098673482824	NA	2	fb0f51bb-2ccb-43a5-aa4c-e3a7b6f4e888
prochloro	13.35579475107754	NA	NA	NA	3.162430058428192	NA	3	fb0f51bb-2ccb-43a5-aa4c-e3a7b6f4e888
prochloro	5.132495642997696	NA	NA	NA	5.545637070243724	NA	4	fb0f51bb-2ccb-43a5-aa4c-e3a7b6f4e888
prochloro	1.3701314764347774	NA	NA	NA	3.680849794580015	NA	5	fb0f51bb-2ccb-43a5-aa4c-e3a7b6f4e888
synecho	5.132495642997696	NA	NA	2.4431197062926984	NA	NA	1	fb0f51bb-2ccb-43a5-aa4c-e3a7b6f4e888
synecho	12.379586912658263	NA	NA	1.7231070707001983	NA	NA	2	fb0f51bb-2ccb-43a5-aa4c-e3a7b6f4e888
synecho	33.20723635965257	NA	NA	1.8309780207506927	NA	NA	3	fb0f51bb-2ccb-43a5-aa4c-e3a7b6f4e888
synecho	117.06530814670177	NA	NA	2.2991848032965234	NA	NA	4	fb0f51bb-2ccb-43a5-aa4c-e3a7b6f4e888
synecho	19.818937511725917	NA	NA	17.053458702771604	NA	NA	5	fb0f51bb-2ccb-43a5-aa4c-e3a7b6f4e888
beads	1441.870749584671	NA	NA	3754.667231941906	NA	NA	1	fb26ccfd-a8b1-4793-beb8-f953583b3ee8
beads	375.1271028926014	NA	NA	1717.060181909441	NA	NA	2	fb26ccfd-a8b1-4793-beb8-f953583b3ee8
beads	177.90842081365838	NA	NA	304.85664102533906	NA	NA	3	fb26ccfd-a8b1-4793-beb8-f953583b3ee8
beads	198.4305315199613	NA	NA	95.1410097809808	NA	NA	4	fb26ccfd-a8b1-4793-beb8-f953583b3ee8
beads	426.081259110027	NA	NA	95.1410097809808	NA	NA	5	fb26ccfd-a8b1-4793-beb8-f953583b3ee8
beads	790.9706728946057	NA	NA	340.0224960650312	NA	NA	6	fb26ccfd-a8b1-4793-beb8-f953583b3ee8
beads	1860.1771725544047	NA	NA	959.2273770474718	NA	NA	7	fb26ccfd-a8b1-4793-beb8-f953583b3ee8
beads	3329.8008696555216	NA	NA	2910.33829252237	NA	NA	8	fb26ccfd-a8b1-4793-beb8-f953583b3ee8
beads	2534.4765947229357	NA	NA	3823.6087867649658	NA	NA	9	fb26ccfd-a8b1-4793-beb8-f953583b3ee8
croco	914.9057757098388	NA	NA	134.43294968967683	NA	NA	1	fb26ccfd-a8b1-4793-beb8-f953583b3ee8
croco	511.1076925118613	NA	NA	104.20240652225496	NA	NA	2	fb26ccfd-a8b1-4793-beb8-f953583b3ee8
croco	735.4487045588436	NA	NA	72.41654138709727	NA	NA	3	fb26ccfd-a8b1-4793-beb8-f953583b3ee8
croco	1159.0504761002262	NA	NA	82.25300410629535	NA	NA	4	fb26ccfd-a8b1-4793-beb8-f953583b3ee8
croco	1365.2756235733837	NA	NA	136.90134861787246	NA	NA	5	fb26ccfd-a8b1-4793-beb8-f953583b3ee8
picoeuk	2037.3437110258776	NA	NA	NA	3555.211622037979	NA	1	fb26ccfd-a8b1-4793-beb8-f953583b3ee8
picoeuk	580.5323248760907	NA	NA	NA	3187.5240190621303	NA	2	fb26ccfd-a8b1-4793-beb8-f953583b3ee8
picoeuk	187.88949545924908	NA	NA	NA	535.8677410212639	NA	3	fb26ccfd-a8b1-4793-beb8-f953583b3ee8
picoeuk	132.9733251148373	NA	NA	NA	71.11083538092436	NA	4	fb26ccfd-a8b1-4793-beb8-f953583b3ee8
picoeuk	209.5629441286904	NA	NA	NA	9.609835336644066	NA	5	fb26ccfd-a8b1-4793-beb8-f953583b3ee8
picoeuk	238.0282373857709	NA	NA	NA	3.2847175806732167	NA	6	fb26ccfd-a8b1-4793-beb8-f953583b3ee8
picoeuk	580.5323248760907	NA	NA	NA	2.5001614674190598	NA	7	fb26ccfd-a8b1-4793-beb8-f953583b3ee8
picoeuk	3516.610414043502	NA	NA	NA	18.840390083416917	NA	8	fb26ccfd-a8b1-4793-beb8-f953583b3ee8
picoeuk	3713.900406734703	NA	NA	NA	219.71498984903351	NA	9	fb26ccfd-a8b1-4793-beb8-f953583b3ee8
picoeuk	3516.610414043502	NA	NA	NA	1567.745362259833	NA	10	fb26ccfd-a8b1-4793-beb8-f953583b3ee8
picoeuk	3329.8008696555216	NA	NA	NA	4264.670106182619	NA	11	fb26ccfd-a8b1-4793-beb8-f953583b3ee8
picoeuk	1224.0758934866294	NA	NA	NA	3965.3127637271455	NA	12	fb26ccfd-a8b1-4793-beb8-f953583b3ee8
prochloro	106.8908540015651	NA	NA	NA	57.16257690079807	NA	1	fb26ccfd-a8b1-4793-beb8-f953583b3ee8
prochloro	20.04272119940004	NA	NA	NA	52.19174364138493	NA	2	fb26ccfd-a8b1-4793-beb8-f953583b3ee8
prochloro	3.5584988378576874	NA	NA	NA	21.01366872460492	NA	3	fb26ccfd-a8b1-4793-beb8-f953583b3ee8
prochloro	0.9091110598100318	NA	NA	NA	5.27169160260807	NA	4	fb26ccfd-a8b1-4793-beb8-f953583b3ee8
prochloro	1.1105520667010385	NA	NA	NA	2.084241661049866	NA	5	fb26ccfd-a8b1-4793-beb8-f953583b3ee8
prochloro	3.190471263978916	NA	NA	NA	1.645212847058695	NA	6	fb26ccfd-a8b1-4793-beb8-f953583b3ee8
prochloro	11.824934096845205	NA	NA	NA	1.8349916109213351	NA	7	fb26ccfd-a8b1-4793-beb8-f953583b3ee8
prochloro	48.00125730741112	NA	NA	NA	2.945005050987559	NA	8	fb26ccfd-a8b1-4793-beb8-f953583b3ee8
prochloro	148.31207797718858	NA	NA	NA	13.578566312372734	NA	9	fb26ccfd-a8b1-4793-beb8-f953583b3ee8
prochloro	132.9733251148373	NA	NA	NA	45.9502434535622	NA	10	fb26ccfd-a8b1-4793-beb8-f953583b3ee8
prochloro	67.82512213716709	NA	NA	NA	66.11922989459121	NA	11	fb26ccfd-a8b1-4793-beb8-f953583b3ee8
synecho	7.924187845876656	NA	NA	2.3673477719469167	NA	NA	1	fb26ccfd-a8b1-4793-beb8-f953583b3ee8
synecho	24.93335194229845	NA	NA	1.868684922985838	NA	NA	2	fb26ccfd-a8b1-4793-beb8-f953583b3ee8
synecho	110.85225799387084	NA	NA	2.788560353673846	NA	NA	3	fb26ccfd-a8b1-4793-beb8-f953583b3ee8
synecho	198.4305315199613	NA	NA	10.915155712568197	NA	NA	4	fb26ccfd-a8b1-4793-beb8-f953583b3ee8
synecho	181.17509729637416	NA	NA	44.30817065181171	NA	NA	5	fb26ccfd-a8b1-4793-beb8-f953583b3ee8
synecho	40.750658090522855	NA	NA	64.92706752473413	NA	NA	6	fb26ccfd-a8b1-4793-beb8-f953583b3ee8
synecho	9.68003094253904	NA	NA	24.752545521640126	NA	NA	7	fb26ccfd-a8b1-4793-beb8-f953583b3ee8
synecho	4.6751635227714585	NA	NA	8.93527559434609	NA	NA	8	fb26ccfd-a8b1-4793-beb8-f953583b3ee8
synecho	6.142240017650656	NA	NA	2.2827484946323744	NA	NA	9	fb26ccfd-a8b1-4793-beb8-f953583b3ee8
