pop	fsc_small	fsc_perp	fsc_big	pe	chl_small	chl_big	point_order	gating_id
beads	291.9648975010919	NA	NA	541.8942248889563	NA	NA	1	0c5b1a54-4f0e-4082-a25b-dc9a886cf02e
beads	397.4547473324925	NA	NA	915.4644949094402	NA	NA	2	0c5b1a54-4f0e-4082-a25b-dc9a886cf02e
beads	532.7787382134903	NA	NA	796.8211141791506	NA	NA	3	0c5b1a54-4f0e-4082-a25b-dc9a886cf02e
beads	516.596167705288	NA	NA	423.3980794304056	NA	NA	4	0c5b1a54-4f0e-4082-a25b-dc9a886cf02e
beads	485.6906806218855	NA	NA	266.5712513397774	NA	NA	5	0c5b1a54-4f0e-4082-a25b-dc9a886cf02e
beads	373.67692370967234	NA	NA	189.871839142478	NA	NA	6	0c5b1a54-4f0e-4082-a25b-dc9a886cf02e
beads	291.9648975010919	NA	NA	214.80450063697705	NA	NA	7	0c5b1a54-4f0e-4082-a25b-dc9a886cf02e
beads	325.2487282129196	NA	NA	315.8564045655333	NA	NA	8	0c5b1a54-4f0e-4082-a25b-dc9a886cf02e
beads	246.40769333524156	NA	NA	357.33249102189643	NA	NA	9	0c5b1a54-4f0e-4082-a25b-dc9a886cf02e
beads	305.7906466454001	NA	NA	576.3760579486965	NA	NA	10	0c5b1a54-4f0e-4082-a25b-dc9a886cf02e
beads	463.7310896871333	NA	NA	915.4644949094402	NA	NA	11	0c5b1a54-4f0e-4082-a25b-dc9a886cf02e
beads	524.6250607776458	NA	NA	613.0520402658947	NA	NA	12	0c5b1a54-4f0e-4082-a25b-dc9a886cf02e
beads	516.596167705288	NA	NA	385.9773046914471	NA	NA	13	0c5b1a54-4f0e-4082-a25b-dc9a886cf02e
beads	485.6906806218855	NA	NA	221.53333293257424	NA	NA	14	0c5b1a54-4f0e-4082-a25b-dc9a886cf02e
beads	356.78182418683497	NA	NA	160.24488667252572	NA	NA	15	0c5b1a54-4f0e-4082-a25b-dc9a886cf02e
beads	250.2373404477684	NA	NA	211.51711980824032	NA	NA	16	0c5b1a54-4f0e-4082-a25b-dc9a886cf02e
beads	291.9648975010919	NA	NA	341.17637429243786	NA	NA	17	0c5b1a54-4f0e-4082-a25b-dc9a886cf02e
beads	207.9590795142329	NA	NA	374.2536669038738	NA	NA	18	0c5b1a54-4f0e-4082-a25b-dc9a886cf02e
beads	283.0967835902882	NA	NA	541.8942248889563	NA	NA	19	0c5b1a54-4f0e-4082-a25b-dc9a886cf02e
beads	409.90516774714274	NA	NA	860.6966164553397	NA	NA	20	0c5b1a54-4f0e-4082-a25b-dc9a886cf02e
croco	602.7395706957393	NA	NA	146.08212094786848	NA	NA	1	0c5b1a54-4f0e-4082-a25b-dc9a886cf02e
croco	602.7395706957393	NA	NA	96.3285559700521	NA	NA	2	0c5b1a54-4f0e-4082-a25b-dc9a886cf02e
croco	886.290339004921	NA	NA	80.05359150086024	NA	NA	3	0c5b1a54-4f0e-4082-a25b-dc9a886cf02e
croco	1206.515939989371	NA	NA	96.3285559700521	NA	NA	4	0c5b1a54-4f0e-4082-a25b-dc9a886cf02e
croco	1050.1525519810982	NA	NA	266.5712513397774	NA	NA	5	0c5b1a54-4f0e-4082-a25b-dc9a886cf02e
croco	612.1072971058884	NA	NA	239.29209040044563	NA	NA	6	0c5b1a54-4f0e-4082-a25b-dc9a886cf02e
croco	621.620615911761	NA	NA	146.08212094786848	NA	NA	7	0c5b1a54-4f0e-4082-a25b-dc9a886cf02e
picoeuk	195.5178787319037	NA	NA	NA	1749.6505099273456	NA	1	0c5b1a54-4f0e-4082-a25b-dc9a886cf02e
picoeuk	45.87629617548652	NA	NA	NA	315.8564045655333	NA	2	0c5b1a54-4f0e-4082-a25b-dc9a886cf02e
picoeuk	16.074385604809912	NA	NA	NA	59.72025101775603	NA	3	0c5b1a54-4f0e-4082-a25b-dc9a886cf02e
picoeuk	11.101608910963613	NA	NA	NA	16.0991952516206	NA	4	0c5b1a54-4f0e-4082-a25b-dc9a886cf02e
picoeuk	19.642938818510665	NA	NA	NA	9.240202307943685	NA	5	0c5b1a54-4f0e-4082-a25b-dc9a886cf02e
picoeuk	19.642938818510665	NA	NA	NA	9.240202307943685	NA	6	0c5b1a54-4f0e-4082-a25b-dc9a886cf02e
picoeuk	66.42580194992904	NA	NA	NA	5.554594369144176	NA	7	0c5b1a54-4f0e-4082-a25b-dc9a886cf02e
picoeuk	296.50259075059967	NA	NA	NA	6.480833646750764	NA	8	0c5b1a54-4f0e-4082-a25b-dc9a886cf02e
picoeuk	1303.2337732642102	NA	NA	NA	8.554452471974468	NA	9	0c5b1a54-4f0e-4082-a25b-dc9a886cf02e
picoeuk	2608.709295725817	NA	NA	NA	20.60486656894928	NA	10	0c5b1a54-4f0e-4082-a25b-dc9a886cf02e
picoeuk	3139.062154384656	NA	NA	NA	42.53719723264004	NA	11	0c5b1a54-4f0e-4082-a25b-dc9a886cf02e
picoeuk	3237.394464646661	NA	NA	NA	3612.0218774493146	NA	12	0c5b1a54-4f0e-4082-a25b-dc9a886cf02e
picoeuk	135.03240983178307	NA	NA	NA	1696.506792449893	NA	13	0c5b1a54-4f0e-4082-a25b-dc9a886cf02e
prochloro	2.9018353173549243	NA	NA	NA	4.986173457335296	NA	1	0c5b1a54-4f0e-4082-a25b-dc9a886cf02e
prochloro	1.8269942857792536	NA	NA	NA	2.7324431663228523	NA	2	0c5b1a54-4f0e-4082-a25b-dc9a886cf02e
prochloro	1.9135100446922724	NA	NA	NA	2.2360373620525027	NA	3	0c5b1a54-4f0e-4082-a25b-dc9a886cf02e
prochloro	2.6864793081931877	NA	NA	NA	1.747082513790703	NA	4	0c5b1a54-4f0e-4082-a25b-dc9a886cf02e
prochloro	4.609017266551961	NA	NA	NA	1.592671843607957	NA	5	0c5b1a54-4f0e-4082-a25b-dc9a886cf02e
prochloro	9.084768023634933	NA	NA	NA	1.592671843607957	NA	6	0c5b1a54-4f0e-4082-a25b-dc9a886cf02e
prochloro	25.14039534595394	NA	NA	NA	1.747082513790703	NA	7	0c5b1a54-4f0e-4082-a25b-dc9a886cf02e
prochloro	34.75577716007488	NA	NA	NA	2.690625693905159	NA	8	0c5b1a54-4f0e-4082-a25b-dc9a886cf02e
prochloro	41.18161563367368	NA	NA	NA	5.469586527193068	NA	9	0c5b1a54-4f0e-4082-a25b-dc9a886cf02e
prochloro	23.27463295135049	NA	NA	NA	9.240202307943685	NA	10	0c5b1a54-4f0e-4082-a25b-dc9a886cf02e
prochloro	9.084768023634933	NA	NA	NA	8.687405034311764	NA	11	0c5b1a54-4f0e-4082-a25b-dc9a886cf02e
prochloro	3.491780950023887	NA	NA	NA	6.683848214021623	NA	12	0c5b1a54-4f0e-4082-a25b-dc9a886cf02e
synecho	17.63280874387405	NA	NA	12.578780206244272	NA	NA	1	0c5b1a54-4f0e-4082-a25b-dc9a886cf02e
synecho	39.93076917371871	NA	NA	22.95380952952604	NA	NA	2	0c5b1a54-4f0e-4082-a25b-dc9a886cf02e
synecho	76.31633016362835	NA	NA	21.58059248248369	NA	NA	3	0c5b1a54-4f0e-4082-a25b-dc9a886cf02e
synecho	97.67493191283263	NA	NA	18.78376697529914	NA	NA	4	0c5b1a54-4f0e-4082-a25b-dc9a886cf02e
synecho	113.96241437559875	NA	NA	13.379193606582271	NA	NA	5	0c5b1a54-4f0e-4082-a25b-dc9a886cf02e
synecho	123.09797357365976	NA	NA	9.240202307943685	NA	NA	6	0c5b1a54-4f0e-4082-a25b-dc9a886cf02e
synecho	115.73360838842636	NA	NA	5.385879650301324	NA	NA	7	0c5b1a54-4f0e-4082-a25b-dc9a886cf02e
synecho	94.70816285995444	NA	NA	3.5515229788261498	NA	NA	8	0c5b1a54-4f0e-4082-a25b-dc9a886cf02e
synecho	66.42580194992904	NA	NA	3.188083311449394	NA	NA	9	0c5b1a54-4f0e-4082-a25b-dc9a886cf02e
synecho	43.80208569995232	NA	NA	2.7749105622893184	NA	NA	10	0c5b1a54-4f0e-4082-a25b-dc9a886cf02e
synecho	22.91843658705985	NA	NA	3.3390522823514197	NA	NA	11	0c5b1a54-4f0e-4082-a25b-dc9a886cf02e
synecho	16.835574449507067	NA	NA	4.54548540790594	NA	NA	12	0c5b1a54-4f0e-4082-a25b-dc9a886cf02e
synecho	17.63280874387405	NA	NA	10.616030358855228	NA	NA	13	0c5b1a54-4f0e-4082-a25b-dc9a886cf02e
beads	250.2373404477684	NA	NA	533.6010435039252	NA	NA	1	1406a14e-ef52-4dbc-a6a5-067d0b4e8872
beads	362.3268965192164	NA	NA	772.6185457623504	NA	NA	2	1406a14e-ef52-4dbc-a6a5-067d0b4e8872
beads	508.6901492891124	NA	NA	760.7943456746691	NA	NA	3	1406a14e-ef52-4dbc-a6a5-067d0b4e8872
beads	435.98826831437736	NA	NA	464.4468249465157	NA	NA	4	1406a14e-ef52-4dbc-a6a5-067d0b4e8872
beads	373.67692370967234	NA	NA	380.0702851084882	NA	NA	5	1406a14e-ef52-4dbc-a6a5-067d0b4e8872
beads	320.2711023692916	NA	NA	325.7507260043734	NA	NA	6	1406a14e-ef52-4dbc-a6a5-067d0b4e8872
beads	250.2373404477684	NA	NA	325.7507260043734	NA	NA	7	1406a14e-ef52-4dbc-a6a5-067d0b4e8872
beads	217.80680466973496	NA	NA	374.2536669038738	NA	NA	8	1406a14e-ef52-4dbc-a6a5-067d0b4e8872
beads	235.2668327737633	NA	NA	541.8942248889563	NA	NA	9	1406a14e-ef52-4dbc-a6a5-067d0b4e8872
croco	558.0080217575279	NA	NA	258.4744416121019	NA	NA	1	1406a14e-ef52-4dbc-a6a5-067d0b4e8872
croco	516.596167705288	NA	NA	173.09058370697613	NA	NA	2	1406a14e-ef52-4dbc-a6a5-067d0b4e8872
croco	661.1756015895577	NA	NA	119.54322944139577	NA	NA	3	1406a14e-ef52-4dbc-a6a5-067d0b4e8872
croco	859.3702408985696	NA	NA	165.2646184074238	NA	NA	4	1406a14e-ef52-4dbc-a6a5-067d0b4e8872
croco	584.4320165437587	NA	NA	325.7507260043734	NA	NA	5	1406a14e-ef52-4dbc-a6a5-067d0b4e8872
croco	485.6906806218855	NA	NA	205.09251901342196	NA	NA	6	1406a14e-ef52-4dbc-a6a5-067d0b4e8872
picoeuk	541.0591394006361	NA	NA	NA	3143.907068851798	NA	1	1406a14e-ef52-4dbc-a6a5-067d0b4e8872
picoeuk	46.58930161295404	NA	NA	NA	368.5260665695414	NA	2	1406a14e-ef52-4dbc-a6a5-067d0b4e8872
picoeuk	8.281837934236593	NA	NA	NA	51.98055983562119	NA	3	1406a14e-ef52-4dbc-a6a5-067d0b4e8872
picoeuk	8.94573419452121	NA	NA	NA	18.213230631250035	NA	4	1406a14e-ef52-4dbc-a6a5-067d0b4e8872
picoeuk	14.8814455668707	NA	NA	NA	10.948581528490305	NA	5	1406a14e-ef52-4dbc-a6a5-067d0b4e8872
picoeuk	28.00638598347576	NA	NA	NA	4.760732999403087	NA	6	1406a14e-ef52-4dbc-a6a5-067d0b4e8872
picoeuk	100.73463612934763	NA	NA	NA	3.49717026033659	NA	7	1406a14e-ef52-4dbc-a6a5-067d0b4e8872
picoeuk	1134.335840464256	NA	NA	NA	5.728594140420877	NA	8	1406a14e-ef52-4dbc-a6a5-067d0b4e8872
picoeuk	3443.396467161736	NA	NA	NA	16.861558936019726	NA	9	1406a14e-ef52-4dbc-a6a5-067d0b4e8872
picoeuk	3551.262164975675	NA	NA	NA	3448.7110995389744	NA	10	1406a14e-ef52-4dbc-a6a5-067d0b4e8872
picoeuk	1746.954212968708	NA	NA	NA	3725.1698300728017	NA	11	1406a14e-ef52-4dbc-a6a5-067d0b4e8872
picoeuk	258.07611986335843	NA	NA	NA	1919.2803736734447	NA	12	1406a14e-ef52-4dbc-a6a5-067d0b4e8872
prochloro	2.604880442274777	NA	NA	NA	5.640923395641368	NA	1	1406a14e-ef52-4dbc-a6a5-067d0b4e8872
prochloro	4.5384805927092335	NA	NA	NA	9.240202307943685	NA	2	1406a14e-ef52-4dbc-a6a5-067d0b4e8872
prochloro	8.541269642573898	NA	NA	NA	11.64526206717612	NA	3	1406a14e-ef52-4dbc-a6a5-067d0b4e8872
prochloro	11.449371012556762	NA	NA	NA	10.136046506307585	NA	4	1406a14e-ef52-4dbc-a6a5-067d0b4e8872
prochloro	17.362955192158392	NA	NA	NA	7.331852061310628	NA	5	1406a14e-ef52-4dbc-a6a5-067d0b4e8872
prochloro	19.342322116809623	NA	NA	NA	5.554594369144176	NA	6	1406a14e-ef52-4dbc-a6a5-067d0b4e8872
prochloro	26.33089736320616	NA	NA	NA	3.836223409175118	NA	7	1406a14e-ef52-4dbc-a6a5-067d0b4e8872
prochloro	20.573113462401555	NA	NA	NA	2.951483772280958	NA	8	1406a14e-ef52-4dbc-a6a5-067d0b4e8872
prochloro	14.653699040539305	NA	NA	NA	1.9164634084813876	NA	9	1406a14e-ef52-4dbc-a6a5-067d0b4e8872
prochloro	8.674017318513915	NA	NA	NA	1.946248917445056	NA	10	1406a14e-ef52-4dbc-a6a5-067d0b4e8872
prochloro	5.719766096837064	NA	NA	NA	1.8582529319557408	NA	11	1406a14e-ef52-4dbc-a6a5-067d0b4e8872
prochloro	3.039249258206128	NA	NA	NA	2.070092699463207	NA	12	1406a14e-ef52-4dbc-a6a5-067d0b4e8872
prochloro	2.2325915191801724	NA	NA	NA	2.0384118779080547	NA	13	1406a14e-ef52-4dbc-a6a5-067d0b4e8872
prochloro	2.4115625606442324	NA	NA	NA	5.063668135058129	NA	14	1406a14e-ef52-4dbc-a6a5-067d0b4e8872
prochloro	9.813029499449534	NA	NA	NA	10.136046506307585	NA	15	1406a14e-ef52-4dbc-a6a5-067d0b4e8872
prochloro	12.952823515414758	NA	NA	NA	9.383812735072809	NA	16	1406a14e-ef52-4dbc-a6a5-067d0b4e8872
prochloro	22.222314183130063	NA	NA	NA	6.093116251461061	NA	17	1406a14e-ef52-4dbc-a6a5-067d0b4e8872
prochloro	22.222314183130063	NA	NA	NA	3.9563945596502568	NA	18	1406a14e-ef52-4dbc-a6a5-067d0b4e8872
prochloro	19.342322116809623	NA	NA	NA	2.1681201767839524	NA	19	1406a14e-ef52-4dbc-a6a5-067d0b4e8872
prochloro	8.410553544946488	NA	NA	NA	1.694016796382632	NA	20	1406a14e-ef52-4dbc-a6a5-067d0b4e8872
prochloro	2.813695248583127	NA	NA	NA	1.8871337387149945	NA	21	1406a14e-ef52-4dbc-a6a5-067d0b4e8872
prochloro	1.6400316223017646	NA	NA	NA	2.452822777713542	NA	22	1406a14e-ef52-4dbc-a6a5-067d0b4e8872
prochloro	2.6864793081931877	NA	NA	NA	6.381650583912766	NA	23	1406a14e-ef52-4dbc-a6a5-067d0b4e8872
prochloro	5.719766096837064	NA	NA	NA	10.948581528490305	NA	24	1406a14e-ef52-4dbc-a6a5-067d0b4e8872
synecho	7.549872422776176	NA	NA	8.554452471974468	NA	NA	1	1406a14e-ef52-4dbc-a6a5-067d0b4e8872
synecho	12.367185953902652	NA	NA	15.852812211827075	NA	NA	2	1406a14e-ef52-4dbc-a6a5-067d0b4e8872
synecho	22.222314183130063	NA	NA	28.92827651420343	NA	NA	3	1406a14e-ef52-4dbc-a6a5-067d0b4e8872
synecho	40.55136974343812	NA	NA	37.0244144709549	NA	NA	4	1406a14e-ef52-4dbc-a6a5-067d0b4e8872
synecho	75.14838051659815	NA	NA	33.752122174250715	NA	NA	5	1406a14e-ef52-4dbc-a6a5-067d0b4e8872
synecho	103.89018673868006	NA	NA	23.672846302085524	NA	NA	6	1406a14e-ef52-4dbc-a6a5-067d0b4e8872
synecho	113.96241437559875	NA	NA	15.852812211827075	NA	NA	7	1406a14e-ef52-4dbc-a6a5-067d0b4e8872
synecho	108.80981808031756	NA	NA	11.118743438085389	NA	NA	8	1406a14e-ef52-4dbc-a6a5-067d0b4e8872
synecho	94.70816285995444	NA	NA	7.445803073537627	NA	NA	9	1406a14e-ef52-4dbc-a6a5-067d0b4e8872
synecho	83.7152527563444	NA	NA	4.208148002404303	NA	NA	10	1406a14e-ef52-4dbc-a6a5-067d0b4e8872
synecho	66.42580194992904	NA	NA	2.8618356860812164	NA	NA	11	1406a14e-ef52-4dbc-a6a5-067d0b4e8872
synecho	46.58930161295404	NA	NA	2.7324431663228523	NA	NA	12	1406a14e-ef52-4dbc-a6a5-067d0b4e8872
synecho	17.906856336210538	NA	NA	2.8618356860812164	NA	NA	13	1406a14e-ef52-4dbc-a6a5-067d0b4e8872
synecho	13.154135181067122	NA	NA	2.8618356860812164	NA	NA	14	1406a14e-ef52-4dbc-a6a5-067d0b4e8872
synecho	11.274149158935618	NA	NA	3.287951228013161	NA	NA	15	1406a14e-ef52-4dbc-a6a5-067d0b4e8872
synecho	9.813029499449534	NA	NA	4.54548540790594	NA	NA	16	1406a14e-ef52-4dbc-a6a5-067d0b4e8872
synecho	8.030286179829709	NA	NA	5.99986683865583	NA	NA	17	1406a14e-ef52-4dbc-a6a5-067d0b4e8872
synecho	9.965542757371956	NA	NA	8.959541285584272	NA	NA	18	1406a14e-ef52-4dbc-a6a5-067d0b4e8872
beads	NA	NA	NA	341.8878271964273	63.43277860088966	NA	1	27a4825f-c7ff-437f-9650-8833e0eff428
beads	NA	NA	NA	229.09333064370668	50.072941687050104	NA	2	27a4825f-c7ff-437f-9650-8833e0eff428
beads	NA	NA	NA	179.2003816151772	57.98609103453597	NA	3	27a4825f-c7ff-437f-9650-8833e0eff428
beads	NA	NA	NA	1738.4341595040119	602.4417430962949	NA	4	27a4825f-c7ff-437f-9650-8833e0eff428
beads	NA	NA	NA	2002.0996035019596	470.08222481482915	NA	5	27a4825f-c7ff-437f-9650-8833e0eff428
beads	NA	NA	NA	360.3566832512297	66.6863178749089	NA	6	27a4825f-c7ff-437f-9650-8833e0eff428
croco	NA	NA	NA	215.69759291669322	580.4234924287783	NA	1	27a4825f-c7ff-437f-9650-8833e0eff428
croco	NA	NA	NA	41.044865903418675	161.75460077285175	NA	2	27a4825f-c7ff-437f-9650-8833e0eff428
croco	NA	NA	NA	14.308766684122567	295.8013771205639	NA	3	27a4825f-c7ff-437f-9650-8833e0eff428
croco	NA	NA	NA	80.53588229791521	3563.352077298487	NA	4	27a4825f-c7ff-437f-9650-8833e0eff428
croco	NA	NA	NA	470.4139218586186	3493.3088399188437	NA	5	27a4825f-c7ff-437f-9650-8833e0eff428
picoeuk	169.7435193640653	NA	NA	NA	3442.269493270848	NA	1	27a4825f-c7ff-437f-9650-8833e0eff428
picoeuk	12.09427729347366	NA	NA	NA	222.6897550709652	NA	2	27a4825f-c7ff-437f-9650-8833e0eff428
picoeuk	16.498596465962326	NA	NA	NA	8.561214520905208	NA	3	27a4825f-c7ff-437f-9650-8833e0eff428
picoeuk	26.441408136078483	NA	NA	NA	2.140349796738726	NA	4	27a4825f-c7ff-437f-9650-8833e0eff428
picoeuk	3941.165341421927	NA	NA	NA	1.8003680897591632	NA	5	27a4825f-c7ff-437f-9650-8833e0eff428
picoeuk	3603.464019913982	NA	NA	NA	3390.4032101468592	NA	6	27a4825f-c7ff-437f-9650-8833e0eff428
prochloro	6.677197515154604	NA	NA	NA	11.339911998189347	NA	1	27a4825f-c7ff-437f-9650-8833e0eff428
prochloro	1.3944820723552003	NA	NA	NA	4.6519750324976386	NA	2	27a4825f-c7ff-437f-9650-8833e0eff428
prochloro	1.7526564142553571	NA	NA	NA	1.6976271293764835	NA	3	27a4825f-c7ff-437f-9650-8833e0eff428
prochloro	5.44453605915552	NA	NA	NA	1.4641265844823852	NA	4	27a4825f-c7ff-437f-9650-8833e0eff428
prochloro	16.736716472423716	NA	NA	NA	1.4847246316158356	NA	5	27a4825f-c7ff-437f-9650-8833e0eff428
prochloro	29.762413257452156	NA	NA	NA	1.9280989315903716	NA	6	27a4825f-c7ff-437f-9650-8833e0eff428
prochloro	37.516969768522124	NA	NA	NA	5.094675273854194	NA	7	27a4825f-c7ff-437f-9650-8833e0eff428
prochloro	30.760539061859085	NA	NA	NA	9.071309744442953	NA	8	27a4825f-c7ff-437f-9650-8833e0eff428
synecho	50.8761249540155	NA	NA	23.98700718892511	NA	NA	1	27a4825f-c7ff-437f-9650-8833e0eff428
synecho	11.319451473713304	NA	NA	10.25993515145488	NA	NA	2	27a4825f-c7ff-437f-9650-8833e0eff428
synecho	9.409645172076	NA	NA	2.8941902039585643	NA	NA	3	27a4825f-c7ff-437f-9650-8833e0eff428
synecho	15.78007175376037	NA	NA	1.3712444617959987	NA	NA	4	27a4825f-c7ff-437f-9650-8833e0eff428
synecho	36.719551769176775	NA	NA	1.27950873482962	NA	NA	5	27a4825f-c7ff-437f-9650-8833e0eff428
synecho	100.53723718447183	NA	NA	1.893473991110158	NA	NA	6	27a4825f-c7ff-437f-9650-8833e0eff428
synecho	183.3466512405013	NA	NA	7.3232834853664786	NA	NA	7	27a4825f-c7ff-437f-9650-8833e0eff428
synecho	184.75883891649937	NA	NA	16.349050868761587	NA	NA	8	27a4825f-c7ff-437f-9650-8833e0eff428
beads	266.1604520114719	NA	NA	478.9957975519328	NA	NA	1	3445e921-0b84-4119-b825-51ed7849203f
beads	320.2711023692916	NA	NA	632.2561274949347	NA	NA	2	3445e921-0b84-4119-b825-51ed7849203f
beads	403.6319547276005	NA	NA	726.3964597710387	NA	NA	3	3445e921-0b84-4119-b825-51ed7849203f
beads	435.98826831437736	NA	NA	594.431256148145	NA	NA	4	3445e921-0b84-4119-b825-51ed7849203f
beads	449.6457658604514	NA	NA	423.3980794304056	NA	NA	5	3445e921-0b84-4119-b825-51ed7849203f
beads	335.43726774542966	NA	NA	351.8638533677184	NA	NA	6	3445e921-0b84-4119-b825-51ed7849203f
beads	262.08711665436414	NA	NA	357.33249102189643	NA	NA	7	3445e921-0b84-4119-b825-51ed7849203f
beads	198.5566007360669	NA	NA	410.5378266050122	NA	NA	8	3445e921-0b84-4119-b825-51ed7849203f
beads	235.2668327737633	NA	NA	525.4347814591031	NA	NA	9	3445e921-0b84-4119-b825-51ed7849203f
croco	584.4320165437587	NA	NA	262.49162908536385	NA	NA	1	3445e921-0b84-4119-b825-51ed7849203f
croco	470.9383582775374	NA	NA	165.2646184074238	NA	NA	2	3445e921-0b84-4119-b825-51ed7849203f
croco	621.620615911761	NA	NA	150.65819868519935	NA	NA	3	3445e921-0b84-4119-b825-51ed7849203f
croco	872.7264990457967	NA	NA	208.28004925084824	NA	NA	4	3445e921-0b84-4119-b825-51ed7849203f
croco	584.4320165437587	NA	NA	279.1945059900879	NA	NA	5	3445e921-0b84-4119-b825-51ed7849203f
picoeuk	201.6425502954725	NA	NA	NA	2381.8168118677363	NA	1	3445e921-0b84-4119-b825-51ed7849203f
picoeuk	79.93022500334136	NA	NA	NA	1051.773386179839	NA	2	3445e921-0b84-4119-b825-51ed7849203f
picoeuk	46.58930161295404	NA	NA	NA	287.9403795778781	NA	3	3445e921-0b84-4119-b825-51ed7849203f
picoeuk	14.20860898547317	NA	NA	NA	72.97829390237227	NA	4	3445e921-0b84-4119-b825-51ed7849203f
picoeuk	12.75459273544358	NA	NA	NA	34.80942017805217	NA	5	3445e921-0b84-4119-b825-51ed7849203f
picoeuk	14.20860898547317	NA	NA	NA	9.82817519783016	NA	6	3445e921-0b84-4119-b825-51ed7849203f
picoeuk	34.75577716007488	NA	NA	NA	5.554594369144176	NA	7	3445e921-0b84-4119-b825-51ed7849203f
picoeuk	69.57133924680832	NA	NA	NA	5.142367228376755	NA	8	3445e921-0b84-4119-b825-51ed7849203f
picoeuk	2568.785453808696	NA	NA	NA	22.256612711220285	NA	9	3445e921-0b84-4119-b825-51ed7849203f
picoeuk	3895.559562515093	NA	NA	NA	173.09058370697613	NA	10	3445e921-0b84-4119-b825-51ed7849203f
picoeuk	3662.506796605648	NA	NA	NA	3502.310669931925	NA	11	3445e921-0b84-4119-b825-51ed7849203f
picoeuk	783.4173687332236	NA	NA	NA	3725.1698300728017	NA	12	3445e921-0b84-4119-b825-51ed7849203f
prochloro	2.164778997613912	NA	NA	NA	2.649448198567669	NA	1	3445e921-0b84-4119-b825-51ed7849203f
prochloro	3.282884334455885	NA	NA	NA	5.817627456352503	NA	2	3445e921-0b84-4119-b825-51ed7849203f
prochloro	6.571415701296052	NA	NA	NA	8.554452471974468	NA	3	3445e921-0b84-4119-b825-51ed7849203f
prochloro	11.991546228942608	NA	NA	NA	9.980923848890209	NA	4	3445e921-0b84-4119-b825-51ed7849203f
prochloro	21.547335734609785	NA	NA	NA	9.82817519783016	NA	5	3445e921-0b84-4119-b825-51ed7849203f
prochloro	51.900455252107065	NA	NA	NA	5.554594369144176	NA	6	3445e921-0b84-4119-b825-51ed7849203f
prochloro	33.70010850417796	NA	NA	NA	2.9973554784488585	NA	7	3445e921-0b84-4119-b825-51ed7849203f
prochloro	22.91843658705985	NA	NA	NA	2.007215901526585	NA	8	3445e921-0b84-4119-b825-51ed7849203f
prochloro	4.011692746170537	NA	NA	NA	1.946248917445056	NA	9	3445e921-0b84-4119-b825-51ed7849203f
prochloro	2.099026207100853	NA	NA	NA	2.0384118779080547	NA	10	3445e921-0b84-4119-b825-51ed7849203f
prochloro	2.164778997613912	NA	NA	NA	3.49717026033659	NA	11	3445e921-0b84-4119-b825-51ed7849203f
synecho	10.93170922918872	NA	NA	15.136057113929295	NA	NA	1	3445e921-0b84-4119-b825-51ed7849203f
synecho	20.258261312734412	NA	NA	26.78140134704036	NA	NA	2	3445e921-0b84-4119-b825-51ed7849203f
synecho	59.628219191814416	NA	NA	36.457790634088816	NA	NA	3	3445e921-0b84-4119-b825-51ed7849203f
synecho	107.14458616536746	NA	NA	34.27669474532872	NA	NA	4	3445e921-0b84-4119-b825-51ed7849203f
synecho	126.95406419396228	NA	NA	29.3778772921802	NA	NA	5	3445e921-0b84-4119-b825-51ed7849203f
synecho	139.26235118559086	NA	NA	22.602523065927365	NA	NA	6	3445e921-0b84-4119-b825-51ed7849203f
synecho	121.21407487888176	NA	NA	12.010054309684747	NA	NA	7	3445e921-0b84-4119-b825-51ed7849203f
synecho	103.89018673868006	NA	NA	4.4074212682706095	NA	NA	8	3445e921-0b84-4119-b825-51ed7849203f
synecho	66.42580194992904	NA	NA	3.0912487734448395	NA	NA	9	3445e921-0b84-4119-b825-51ed7849203f
synecho	35.844515036235705	NA	NA	2.5689741120361407	NA	NA	10	3445e921-0b84-4119-b825-51ed7849203f
synecho	20.892859017016924	NA	NA	2.270789661833319	NA	NA	11	3445e921-0b84-4119-b825-51ed7849203f
synecho	11.449371012556762	NA	NA	2.5296583797289225	NA	NA	12	3445e921-0b84-4119-b825-51ed7849203f
beads	379.48457822131735	NA	NA	594.431256148145	NA	NA	1	3aa52479-3c9d-4e3f-b7a9-0c5ae6d3347e
beads	435.98826831437736	NA	NA	594.431256148145	NA	NA	2	3aa52479-3c9d-4e3f-b7a9-0c5ae6d3347e
beads	435.98826831437736	NA	NA	517.3934963733706	NA	NA	3	3aa52479-3c9d-4e3f-b7a9-0c5ae6d3347e
beads	409.90516774714274	NA	NA	416.9183700895117	NA	NA	4	3aa52479-3c9d-4e3f-b7a9-0c5ae6d3347e
beads	335.43726774542966	NA	NA	374.2536669038738	NA	NA	5	3aa52479-3c9d-4e3f-b7a9-0c5ae6d3347e
beads	287.4966493784356	NA	NA	374.2536669038738	NA	NA	6	3aa52479-3c9d-4e3f-b7a9-0c5ae6d3347e
beads	274.49802892440755	NA	NA	436.66118454373816	NA	NA	7	3aa52479-3c9d-4e3f-b7a9-0c5ae6d3347e
beads	340.65060482296747	NA	NA	533.6010435039252	NA	NA	8	3aa52479-3c9d-4e3f-b7a9-0c5ae6d3347e
croco	493.239243280171	NA	NA	152.99971541206656	NA	NA	1	3aa52479-3c9d-4e3f-b7a9-0c5ae6d3347e
croco	566.6805342930152	NA	NA	87.81484424340968	NA	NA	2	3aa52479-3c9d-4e3f-b7a9-0c5ae6d3347e
croco	859.3702408985696	NA	NA	117.71373276183084	NA	NA	3	3aa52479-3c9d-4e3f-b7a9-0c5ae6d3347e
croco	795.5931738936182	NA	NA	205.09251901342196	NA	NA	4	3aa52479-3c9d-4e3f-b7a9-0c5ae6d3347e
croco	566.6805342930152	NA	NA	201.95377092796363	NA	NA	5	3aa52479-3c9d-4e3f-b7a9-0c5ae6d3347e
picoeuk	115.73360838842636	NA	NA	NA	3192.7694012948764	NA	1	3aa52479-3c9d-4e3f-b7a9-0c5ae6d3347e
picoeuk	20.573113462401555	NA	NA	NA	165.2646184074238	NA	2	3aa52479-3c9d-4e3f-b7a9-0c5ae6d3347e
picoeuk	9.965542757371956	NA	NA	NA	28.485556453221506	NA	3	3aa52479-3c9d-4e3f-b7a9-0c5ae6d3347e
picoeuk	13.777038053228573	NA	NA	NA	14.45170875014897	NA	4	3aa52479-3c9d-4e3f-b7a9-0c5ae6d3347e
picoeuk	29.332604547283623	NA	NA	NA	7.445803073537627	NA	5	3aa52479-3c9d-4e3f-b7a9-0c5ae6d3347e
picoeuk	110.50093088603208	NA	NA	NA	7.109155087073786	NA	6	3aa52479-3c9d-4e3f-b7a9-0c5ae6d3347e
picoeuk	820.515431233559	NA	NA	NA	10.948581528490305	NA	7	3aa52479-3c9d-4e3f-b7a9-0c5ae6d3347e
picoeuk	2861.625520924138	NA	NA	NA	20.60486656894928	NA	8	3aa52479-3c9d-4e3f-b7a9-0c5ae6d3347e
picoeuk	3390.698523225173	NA	NA	NA	3242.391147893504	NA	9	3aa52479-3c9d-4e3f-b7a9-0c5ae6d3347e
picoeuk	117.53233014580285	NA	NA	NA	3502.310669931925	NA	10	3aa52479-3c9d-4e3f-b7a9-0c5ae6d3347e
prochloro	7.667211888652722	NA	NA	NA	4.339969831552498	NA	1	3aa52479-3c9d-4e3f-b7a9-0c5ae6d3347e
prochloro	27.155722690534983	NA	NA	NA	2.7324431663228523	NA	2	3aa52479-3c9d-4e3f-b7a9-0c5ae6d3347e
prochloro	42.47164533248827	NA	NA	NA	4.909864762760489	NA	3	3aa52479-3c9d-4e3f-b7a9-0c5ae6d3347e
prochloro	69.57133924680832	NA	NA	NA	13.587131879409146	NA	4	3aa52479-3c9d-4e3f-b7a9-0c5ae6d3347e
prochloro	20.258261312734412	NA	NA	NA	22.256612711220285	NA	5	3aa52479-3c9d-4e3f-b7a9-0c5ae6d3347e
prochloro	5.134442589119148	NA	NA	NA	8.554452471974468	NA	6	3aa52479-3c9d-4e3f-b7a9-0c5ae6d3347e
prochloro	10.764409702229113	NA	NA	NA	11.118743438085389	NA	7	3aa52479-3c9d-4e3f-b7a9-0c5ae6d3347e
prochloro	5.134442589119148	NA	NA	NA	5.817627456352503	NA	8	3aa52479-3c9d-4e3f-b7a9-0c5ae6d3347e
prochloro	4.902298421167104	NA	NA	NA	3.3390522823514197	NA	9	3aa52479-3c9d-4e3f-b7a9-0c5ae6d3347e
prochloro	12.559395691096231	NA	NA	NA	2.5296583797289225	NA	10	3aa52479-3c9d-4e3f-b7a9-0c5ae6d3347e
prochloro	65.40921753379185	NA	NA	NA	2.9973554784488585	NA	11	3aa52479-3c9d-4e3f-b7a9-0c5ae6d3347e
prochloro	141.42675463372495	NA	NA	NA	10.136046506307585	NA	12	3aa52479-3c9d-4e3f-b7a9-0c5ae6d3347e
prochloro	73.99830524029653	NA	NA	NA	28.0496118063331	NA	13	3aa52479-3c9d-4e3f-b7a9-0c5ae6d3347e
prochloro	15.586143751731994	NA	NA	NA	24.79385378382628	NA	14	3aa52479-3c9d-4e3f-b7a9-0c5ae6d3347e
synecho	17.09723149521693	NA	NA	29.834465726661804	NA	NA	1	3aa52479-3c9d-4e3f-b7a9-0c5ae6d3347e
synecho	28.441658818354355	NA	NA	44.55150999172177	NA	NA	2	3aa52479-3c9d-4e3f-b7a9-0c5ae6d3347e
synecho	56.06094697176532	NA	NA	65.51017191084071	NA	NA	3	3aa52479-3c9d-4e3f-b7a9-0c5ae6d3347e
synecho	162.4846156728915	NA	NA	59.72025101775603	NA	NA	4	3aa52479-3c9d-4e3f-b7a9-0c5ae6d3347e
synecho	141.42675463372495	NA	NA	30.298150419202784	NA	NA	5	3aa52479-3c9d-4e3f-b7a9-0c5ae6d3347e
synecho	41.18161563367368	NA	NA	11.64526206717612	NA	NA	6	3aa52479-3c9d-4e3f-b7a9-0c5ae6d3347e
synecho	18.467795389491123	NA	NA	13.174437633426152	NA	NA	7	3aa52479-3c9d-4e3f-b7a9-0c5ae6d3347e
synecho	18.754820272240508	NA	NA	25.57053063919104	NA	NA	8	3aa52479-3c9d-4e3f-b7a9-0c5ae6d3347e
beads	315.36965440705086	NA	NA	662.1960781140464	NA	NA	1	45597d15-8701-46b3-9ab2-163533956171
beads	409.90516774714274	NA	NA	715.279645231153	NA	NA	2	45597d15-8701-46b3-9ab2-163533956171
beads	463.7310896871333	NA	NA	693.5538096040638	NA	NA	3	45597d15-8701-46b3-9ab2-163533956171
beads	463.7310896871333	NA	NA	576.3760579486965	NA	NA	4	45597d15-8701-46b3-9ab2-163533956171
beads	435.98826831437736	NA	NA	416.9183700895117	NA	NA	5	45597d15-8701-46b3-9ab2-163533956171
beads	320.2711023692916	NA	NA	346.4789080688239	NA	NA	6	45597d15-8701-46b3-9ab2-163533956171
beads	258.07611986335843	NA	NA	357.33249102189643	NA	NA	7	45597d15-8701-46b3-9ab2-163533956171
beads	231.66629519934227	NA	NA	423.3980794304056	NA	NA	8	45597d15-8701-46b3-9ab2-163533956171
beads	287.4966493784356	NA	NA	576.3760579486965	NA	NA	9	45597d15-8701-46b3-9ab2-163533956171
croco	621.620615911761	NA	NA	208.28004925084824	NA	NA	1	45597d15-8701-46b3-9ab2-163533956171
croco	703.2475515570205	NA	NA	93.4026816114661	NA	NA	2	45597d15-8701-46b3-9ab2-163533956171
croco	987.3269288739403	NA	NA	108.97775813242752	NA	NA	3	45597d15-8701-46b3-9ab2-163533956171
croco	900.064986994553	NA	NA	214.80450063697705	NA	NA	4	45597d15-8701-46b3-9ab2-163533956171
croco	558.0080217575279	NA	NA	232.02385530167817	NA	NA	5	45597d15-8701-46b3-9ab2-163533956171
picoeuk	305.7906466454001	NA	NA	NA	3095.792528444938	NA	1	45597d15-8701-46b3-9ab2-163533956171
picoeuk	44.48285393714875	NA	NA	NA	362.88612177072224	NA	2	45597d15-8701-46b3-9ab2-163533956171
picoeuk	9.662850313479687	NA	NA	NA	49.63035655585444	NA	3	45597d15-8701-46b3-9ab2-163533956171
picoeuk	6.274301495855869	NA	NA	NA	28.92827651420343	NA	4	45597d15-8701-46b3-9ab2-163533956171
picoeuk	15.112731710066932	NA	NA	NA	10.948581528490305	NA	5	45597d15-8701-46b3-9ab2-163533956171
picoeuk	32.676504627207194	NA	NA	NA	5.554594369144176	NA	6	45597d15-8701-46b3-9ab2-163533956171
picoeuk	148.12389818966284	NA	NA	NA	7.561525102566243	NA	7	45597d15-8701-46b3-9ab2-163533956171
picoeuk	500.9051250480869	NA	NA	NA	11.64526206717612	NA	8	45597d15-8701-46b3-9ab2-163533956171
picoeuk	1858.116467091169	NA	NA	NA	16.34940755536345	NA	9	45597d15-8701-46b3-9ab2-163533956171
picoeuk	3606.455575180696	NA	NA	NA	35.89983844205743	NA	10	45597d15-8701-46b3-9ab2-163533956171
picoeuk	3496.91343799677	NA	NA	NA	3502.310669931925	NA	11	45597d15-8701-46b3-9ab2-163533956171
picoeuk	463.7310896871333	NA	NA	NA	3343.9602779918355	NA	12	45597d15-8701-46b3-9ab2-163533956171
prochloro	2.8574254574025644	NA	NA	NA	3.9563945596502568	NA	1	45597d15-8701-46b3-9ab2-163533956171
prochloro	4.827273355124713	NA	NA	NA	8.167678987429085	NA	2	45597d15-8701-46b3-9ab2-163533956171
prochloro	8.808828147381421	NA	NA	NA	12.1967135376732	NA	3	45597d15-8701-46b3-9ab2-163533956171
prochloro	15.112731710066932	NA	NA	NA	12.972815257837722	NA	4	45597d15-8701-46b3-9ab2-163533956171
prochloro	21.547335734609785	NA	NA	NA	9.980923848890209	NA	5	45597d15-8701-46b3-9ab2-163533956171
prochloro	43.80208569995232	NA	NA	NA	6.787728006356553	NA	6	45597d15-8701-46b3-9ab2-163533956171
prochloro	36.96735803850344	NA	NA	NA	4.475921029399237	NA	7	45597d15-8701-46b3-9ab2-163533956171
prochloro	24.003719639044693	NA	NA	NA	2.7749105622893184	NA	8	45597d15-8701-46b3-9ab2-163533956171
prochloro	13.99115959012366	NA	NA	NA	2.3060820788592915	NA	9	45597d15-8701-46b3-9ab2-163533956171
prochloro	7.667211888652722	NA	NA	NA	1.9764973502194776	NA	10	45597d15-8701-46b3-9ab2-163533956171
prochloro	4.609017266551961	NA	NA	NA	2.0384118779080547	NA	11	45597d15-8701-46b3-9ab2-163533956171
prochloro	2.9469353915194776	NA	NA	NA	2.2018169135304584	NA	12	45597d15-8701-46b3-9ab2-163533956171
prochloro	2.7282323378418494	NA	NA	NA	3.719702325746827	NA	13	45597d15-8701-46b3-9ab2-163533956171
synecho	9.813029499449534	NA	NA	7.919594685969086	NA	NA	1	45597d15-8701-46b3-9ab2-163533956171
synecho	10.764409702229113	NA	NA	17.934494268515607	NA	NA	2	45597d15-8701-46b3-9ab2-163533956171
synecho	15.347612482547952	NA	NA	35.89983844205743	NA	NA	3	45597d15-8701-46b3-9ab2-163533956171
synecho	31.19909790844485	NA	NA	66.52832535119678	NA	NA	4	45597d15-8701-46b3-9ab2-163533956171
synecho	51.900455252107065	NA	NA	96.3285559700521	NA	NA	5	45597d15-8701-46b3-9ab2-163533956171
synecho	85.01634799267129	NA	NA	121.40116000052602	NA	NA	6	45597d15-8701-46b3-9ab2-163533956171
synecho	115.73360838842636	NA	NA	89.17965497696176	NA	NA	7	45597d15-8701-46b3-9ab2-163533956171
synecho	135.03240983178307	NA	NA	60.64841800708112	NA	NA	8	45597d15-8701-46b3-9ab2-163533956171
synecho	141.42675463372495	NA	NA	25.17919772039913	NA	NA	9	45597d15-8701-46b3-9ab2-163533956171
synecho	121.21407487888176	NA	NA	14.012753928870833	NA	NA	10	45597d15-8701-46b3-9ab2-163533956171
synecho	102.30024515381623	NA	NA	6.480833646750764	NA	NA	11	45597d15-8701-46b3-9ab2-163533956171
synecho	70.65261099954797	NA	NA	3.719702325746827	NA	NA	12	45597d15-8701-46b3-9ab2-163533956171
synecho	43.80208569995232	NA	NA	2.818037982860285	NA	NA	13	45597d15-8701-46b3-9ab2-163533956171
synecho	24.376783378903248	NA	NA	2.7324431663228523	NA	NA	14	45597d15-8701-46b3-9ab2-163533956171
synecho	9.662850313479687	NA	NA	3.836223409175118	NA	NA	15	45597d15-8701-46b3-9ab2-163533956171
synecho	7.667211888652722	NA	NA	7.109155087073786	NA	NA	16	45597d15-8701-46b3-9ab2-163533956171
beads	353.7012813049666	NA	NA	858.1252511428672	NA	NA	1	458fa62d-64bb-4269-98fa-c1e9641063a1
beads	825.5544114147622	NA	NA	1070.481421901557	NA	NA	2	458fa62d-64bb-4269-98fa-c1e9641063a1
beads	825.5544114147622	NA	NA	615.8968776130865	NA	NA	3	458fa62d-64bb-4269-98fa-c1e9641063a1
beads	781.1574682901005	NA	NA	395.77749612170106	NA	NA	4	458fa62d-64bb-4269-98fa-c1e9641063a1
beads	560.6552714807798	NA	NA	223.5515026203542	NA	NA	5	458fa62d-64bb-4269-98fa-c1e9641063a1
beads	366.97913715976	NA	NA	172.72070354274786	NA	NA	6	458fa62d-64bb-4269-98fa-c1e9641063a1
beads	219.06600342516623	NA	NA	179.20459468478117	NA	NA	7	458fa62d-64bb-4269-98fa-c1e9641063a1
beads	223.13996275528476	NA	NA	323.16551784173765	NA	NA	8	458fa62d-64bb-4269-98fa-c1e9641063a1
beads	380.7554403355536	NA	NA	754.2825909113737	NA	NA	9	458fa62d-64bb-4269-98fa-c1e9641063a1
croco	840.9072048392003	NA	NA	259.05773373071975	NA	NA	1	458fa62d-64bb-4269-98fa-c1e9641063a1
croco	1434.8841377688452	NA	NA	215.4630738042405	NA	NA	2	458fa62d-64bb-4269-98fa-c1e9641063a1
croco	1408.6868598428262	NA	NA	87.34874481673448	NA	NA	3	458fa62d-64bb-4269-98fa-c1e9641063a1
croco	1434.8841377688452	NA	NA	31.126041242218797	NA	NA	4	458fa62d-64bb-4269-98fa-c1e9641063a1
croco	614.7630622956374	NA	NA	25.888100018574143	NA	NA	5	458fa62d-64bb-4269-98fa-c1e9641063a1
croco	305.2232866232844	NA	NA	46.68485907494252	NA	NA	6	458fa62d-64bb-4269-98fa-c1e9641063a1
croco	395.0489024175999	NA	NA	126.2711367208482	NA	NA	7	458fa62d-64bb-4269-98fa-c1e9641063a1
croco	739.1481189225052	NA	NA	245.12603969405788	NA	NA	8	458fa62d-64bb-4269-98fa-c1e9641063a1
picoeuk	84.03335237945576	NA	NA	NA	2895.3906825566605	NA	1	458fa62d-64bb-4269-98fa-c1e9641063a1
picoeuk	49.24735705320023	NA	NA	NA	1263.5733982422428	NA	2	458fa62d-64bb-4269-98fa-c1e9641063a1
picoeuk	14.867187154134438	NA	NA	NA	700.6878710288801	NA	3	458fa62d-64bb-4269-98fa-c1e9641063a1
picoeuk	4.831524354923827	NA	NA	NA	240.6506713909728	NA	4	458fa62d-64bb-4269-98fa-c1e9641063a1
picoeuk	3.9451006826416464	NA	NA	NA	56.130610122459935	NA	5	458fa62d-64bb-4269-98fa-c1e9641063a1
picoeuk	4.571693011253358	NA	NA	NA	18.92604505330373	NA	6	458fa62d-64bb-4269-98fa-c1e9641063a1
picoeuk	12.365312538333486	NA	NA	NA	7.960648151027716	NA	7	458fa62d-64bb-4269-98fa-c1e9641063a1
picoeuk	54.00012730109496	NA	NA	NA	4.496503397573068	NA	8	458fa62d-64bb-4269-98fa-c1e9641063a1
picoeuk	387.8363299048843	NA	NA	NA	4.930452523908046	NA	9	458fa62d-64bb-4269-98fa-c1e9641063a1
picoeuk	1488.7493221960317	NA	NA	NA	8.891246599371696	NA	10	458fa62d-64bb-4269-98fa-c1e9641063a1
picoeuk	3881.0109900499674	NA	NA	NA	17.908233829490655	NA	11	458fa62d-64bb-4269-98fa-c1e9641063a1
picoeuk	3474.806667069927	NA	NA	NA	3679.069537540028	NA	12	458fa62d-64bb-4269-98fa-c1e9641063a1
picoeuk	146.05714984453263	NA	NA	NA	3481.2152971030723	NA	13	458fa62d-64bb-4269-98fa-c1e9641063a1
picoeuk	40.959931111136726	NA	NA	NA	2949.23611590145	NA	14	458fa62d-64bb-4269-98fa-c1e9641063a1
prochloro	5.7030281170098425	NA	NA	NA	11.091521068161857	NA	1	458fa62d-64bb-4269-98fa-c1e9641063a1
prochloro	14.867187154134438	NA	NA	NA	19.278011751109883	NA	2	458fa62d-64bb-4269-98fa-c1e9641063a1
prochloro	78.06245495211088	NA	NA	NA	14.894606896075024	NA	3	458fa62d-64bb-4269-98fa-c1e9641063a1
prochloro	61.43436605902476	NA	NA	NA	5.5068216060901465	NA	4	458fa62d-64bb-4269-98fa-c1e9641063a1
prochloro	41.721660867932215	NA	NA	NA	2.493440742819108	NA	5	458fa62d-64bb-4269-98fa-c1e9641063a1
prochloro	18.207691666898832	NA	NA	NA	2.23246585472309	NA	6	458fa62d-64bb-4269-98fa-c1e9641063a1
prochloro	4.01846751949908	NA	NA	NA	2.1124075542531786	NA	7	458fa62d-64bb-4269-98fa-c1e9641063a1
prochloro	1.9229394949975296	NA	NA	NA	2.943204177353148	NA	8	458fa62d-64bb-4269-98fa-c1e9641063a1
prochloro	3.597876368801405	NA	NA	NA	9.396578988299286	NA	9	458fa62d-64bb-4269-98fa-c1e9641063a1
synecho	31.64652456213853	NA	NA	36.06972715326289	NA	NA	1	458fa62d-64bb-4269-98fa-c1e9641063a1
synecho	90.46095612111972	NA	NA	32.29450488877309	NA	NA	2	458fa62d-64bb-4269-98fa-c1e9641063a1
synecho	172.402738983362	NA	NA	23.17853331849394	NA	NA	3	458fa62d-64bb-4269-98fa-c1e9641063a1
synecho	182.20121740530564	NA	NA	5.8198008139551325	NA	NA	4	458fa62d-64bb-4269-98fa-c1e9641063a1
synecho	87.18794298702402	NA	NA	2.1124075542531786	NA	NA	5	458fa62d-64bb-4269-98fa-c1e9641063a1
synecho	20.336167802470055	NA	NA	1.9623127588647968	NA	NA	6	458fa62d-64bb-4269-98fa-c1e9641063a1
synecho	11.276991223636896	NA	NA	3.168326103911693	NA	NA	7	458fa62d-64bb-4269-98fa-c1e9641063a1
synecho	16.004359301550696	NA	NA	12.853164831659356	NA	NA	8	458fa62d-64bb-4269-98fa-c1e9641063a1
synecho	22.29877329180349	NA	NA	31.704890648999044	NA	NA	9	458fa62d-64bb-4269-98fa-c1e9641063a1
beads	287.4966493784356	NA	NA	287.9403795778781	NA	NA	1	4d8d8e3a-7eb7-4b53-8f45-cbea222af985
beads	301.1108084371307	NA	NA	192.82281088641943	NA	NA	2	4d8d8e3a-7eb7-4b53-8f45-cbea222af985
beads	470.9383582775374	NA	NA	175.78074262663742	NA	NA	3	4d8d8e3a-7eb7-4b53-8f45-cbea222af985
beads	703.2475515570205	NA	NA	404.2549313367532	NA	NA	4	4d8d8e3a-7eb7-4b53-8f45-cbea222af985
beads	692.4850092825844	NA	NA	558.8692666148859	NA	NA	5	4d8d8e3a-7eb7-4b53-8f45-cbea222af985
beads	736.5492406209942	NA	NA	796.8211141791506	NA	NA	6	4d8d8e3a-7eb7-4b53-8f45-cbea222af985
beads	593.5152085266478	NA	NA	760.7943456746691	NA	NA	7	4d8d8e3a-7eb7-4b53-8f45-cbea222af985
beads	500.9051250480869	NA	NA	594.431256148145	NA	NA	8	4d8d8e3a-7eb7-4b53-8f45-cbea222af985
beads	485.6906806218855	NA	NA	517.3934963733706	NA	NA	9	4d8d8e3a-7eb7-4b53-8f45-cbea222af985
beads	397.4547473324925	NA	NA	404.2549313367532	NA	NA	10	4d8d8e3a-7eb7-4b53-8f45-cbea222af985
beads	320.2711023692916	NA	NA	311.0225194005421	NA	NA	11	4d8d8e3a-7eb7-4b53-8f45-cbea222af985
croco	566.6805342930152	NA	NA	155.3776237899031	NA	NA	1	4d8d8e3a-7eb7-4b53-8f45-cbea222af985
croco	524.6250607776458	NA	NA	94.85433803133668	NA	NA	2	4d8d8e3a-7eb7-4b53-8f45-cbea222af985
croco	403.6319547276005	NA	NA	64.50760035117439	NA	NA	3	4d8d8e3a-7eb7-4b53-8f45-cbea222af985
croco	442.76436036834576	NA	NA	48.87081063302097	NA	NA	4	4d8d8e3a-7eb7-4b53-8f45-cbea222af985
croco	957.3379550370246	NA	NA	28.0496118063331	NA	NA	5	4d8d8e3a-7eb7-4b53-8f45-cbea222af985
croco	1617.3062328634314	NA	NA	35.350425183493435	NA	NA	6	4d8d8e3a-7eb7-4b53-8f45-cbea222af985
croco	1617.3062328634314	NA	NA	65.51017191084071	NA	NA	7	4d8d8e3a-7eb7-4b53-8f45-cbea222af985
croco	1451.8016752912	NA	NA	201.95377092796363	NA	NA	8	4d8d8e3a-7eb7-4b53-8f45-cbea222af985
croco	1151.9655902389873	NA	NA	218.1429736549559	NA	NA	9	4d8d8e3a-7eb7-4b53-8f45-cbea222af985
croco	886.290339004921	NA	NA	208.28004925084824	NA	NA	10	4d8d8e3a-7eb7-4b53-8f45-cbea222af985
picoeuk	43.13173598026896	NA	NA	NA	541.8942248889563	NA	1	4d8d8e3a-7eb7-4b53-8f45-cbea222af985
picoeuk	23.27463295135049	NA	NA	NA	157.79248941460858	NA	2	4d8d8e3a-7eb7-4b53-8f45-cbea222af985
picoeuk	20.573113462401555	NA	NA	NA	58.80628875113237	NA	3	4d8d8e3a-7eb7-4b53-8f45-cbea222af985
picoeuk	22.222314183130063	NA	NA	NA	24.04076763708509	NA	4	4d8d8e3a-7eb7-4b53-8f45-cbea222af985
picoeuk	31.68399159662996	NA	NA	NA	10.136046506307585	NA	5	4d8d8e3a-7eb7-4b53-8f45-cbea222af985
picoeuk	45.87629617548652	NA	NA	NA	4.834723900977206	NA	6	4d8d8e3a-7eb7-4b53-8f45-cbea222af985
picoeuk	759.6219244003913	NA	NA	NA	11.64526206717612	NA	7	4d8d8e3a-7eb7-4b53-8f45-cbea222af985
picoeuk	2951.2670236207814	NA	NA	NA	65.51017191084071	NA	8	4d8d8e3a-7eb7-4b53-8f45-cbea222af985
picoeuk	3237.394464646661	NA	NA	NA	3343.9602779918355	NA	9	4d8d8e3a-7eb7-4b53-8f45-cbea222af985
picoeuk	566.6805342930152	NA	NA	NA	3242.391147893504	NA	10	4d8d8e3a-7eb7-4b53-8f45-cbea222af985
picoeuk	125.01115165943014	NA	NA	NA	672.4878724332514	NA	11	4d8d8e3a-7eb7-4b53-8f45-cbea222af985
prochloro	11.101608910963613	NA	NA	NA	9.529655143071288	NA	1	4d8d8e3a-7eb7-4b53-8f45-cbea222af985
prochloro	5.8086622080768935	NA	NA	NA	6.381650583912766	NA	2	4d8d8e3a-7eb7-4b53-8f45-cbea222af985
prochloro	3.71397008264397	NA	NA	NA	4.208148002404303	NA	3	4d8d8e3a-7eb7-4b53-8f45-cbea222af985
prochloro	3.3339066395715897	NA	NA	NA	3.1392926952034768	NA	4	4d8d8e3a-7eb7-4b53-8f45-cbea222af985
prochloro	6.9895682646024575	NA	NA	NA	2.3783209729351222	NA	5	4d8d8e3a-7eb7-4b53-8f45-cbea222af985
prochloro	11.101608910963613	NA	NA	NA	2.2018169135304584	NA	6	4d8d8e3a-7eb7-4b53-8f45-cbea222af985
prochloro	24.75564524322292	NA	NA	NA	2.3060820788592915	NA	7	4d8d8e3a-7eb7-4b53-8f45-cbea222af985
prochloro	51.10616760407099	NA	NA	NA	5.554594369144176	NA	8	4d8d8e3a-7eb7-4b53-8f45-cbea222af985
prochloro	100.73463612934763	NA	NA	NA	15.61019983270006	NA	9	4d8d8e3a-7eb7-4b53-8f45-cbea222af985
prochloro	50.3240357813502	NA	NA	NA	13.798301910933706	NA	10	4d8d8e3a-7eb7-4b53-8f45-cbea222af985
prochloro	34.22387268328286	NA	NA	NA	17.389753652547345	NA	11	4d8d8e3a-7eb7-4b53-8f45-cbea222af985
prochloro	16.577921818756955	NA	NA	NA	15.371300407824886	NA	12	4d8d8e3a-7eb7-4b53-8f45-cbea222af985
prochloro	7.434328727050784	NA	NA	NA	11.291549989399746	NA	13	4d8d8e3a-7eb7-4b53-8f45-cbea222af985
synecho	28.441658818354355	NA	NA	12.1967135376732	NA	NA	1	4d8d8e3a-7eb7-4b53-8f45-cbea222af985
synecho	53.52625665953088	NA	NA	16.861558936019726	NA	NA	2	4d8d8e3a-7eb7-4b53-8f45-cbea222af985
synecho	69.57133924680832	NA	NA	17.12361983037732	NA	NA	3	4d8d8e3a-7eb7-4b53-8f45-cbea222af985
synecho	103.89018673868006	NA	NA	16.0991952516206	NA	NA	4	4d8d8e3a-7eb7-4b53-8f45-cbea222af985
synecho	183.82097570886305	NA	NA	11.46704228522681	NA	NA	5	4d8d8e3a-7eb7-4b53-8f45-cbea222af985
synecho	162.4846156728915	NA	NA	7.109155087073786	NA	NA	6	4d8d8e3a-7eb7-4b53-8f45-cbea222af985
synecho	102.30024515381623	NA	NA	3.895845662454226	NA	NA	7	4d8d8e3a-7eb7-4b53-8f45-cbea222af985
synecho	81.17249366486078	NA	NA	2.2018169135304584	NA	NA	8	4d8d8e3a-7eb7-4b53-8f45-cbea222af985
synecho	42.47164533248827	NA	NA	2.1681201767839524	NA	NA	9	4d8d8e3a-7eb7-4b53-8f45-cbea222af985
synecho	24.003719639044693	NA	NA	2.2018169135304584	NA	NA	10	4d8d8e3a-7eb7-4b53-8f45-cbea222af985
synecho	20.892859017016924	NA	NA	4.687874458978822	NA	NA	11	4d8d8e3a-7eb7-4b53-8f45-cbea222af985
synecho	20.892859017016924	NA	NA	8.687405034311764	NA	NA	12	4d8d8e3a-7eb7-4b53-8f45-cbea222af985
beads	409.8789374192903	NA	NA	923.7621550492574	NA	NA	1	5d85c84c-4b3d-4f56-83cb-402a8d6ac013
beads	661.7855033569593	NA	NA	874.0837628180836	NA	NA	2	5d85c84c-4b3d-4f56-83cb-402a8d6ac013
beads	810.4819203406657	NA	NA	713.7185277489856	NA	NA	3	5d85c84c-4b3d-4f56-83cb-402a8d6ac013
beads	766.8955507163198	NA	NA	354.35361706672734	NA	NA	4	5d85c84c-4b3d-4f56-83cb-402a8d6ac013
beads	592.5200122160383	NA	NA	223.5515026203542	NA	NA	5	5d85c84c-4b3d-4f56-83cb-402a8d6ac013
beads	373.8038295192093	NA	NA	143.65498052891513	NA	NA	6	5d85c84c-4b3d-4f56-83cb-402a8d6ac013
beads	278.35934707108305	NA	NA	175.93278168678071	NA	NA	7	5d85c84c-4b3d-4f56-83cb-402a8d6ac013
beads	395.0489024175999	NA	NA	639.01748925518325	NA	NA	8	5d85c84c-4b3d-4f56-83cb-402a8d6ac013
croco	752.8940189176741	NA	NA	323.16551784173765	NA	NA	1	5d85c84c-4b3d-4f56-83cb-402a8d6ac013
croco	417.50143518347977	NA	NA	143.65498052891513	NA	NA	2	5d85c84c-4b3d-4f56-83cb-402a8d6ac013
croco	334.6798146976884	NA	NA	68.74258268151605	NA	NA	3	5d85c84c-4b3d-4f56-83cb-402a8d6ac013
croco	328.56942578817154	NA	NA	41.03547403188741	NA	NA	4	5d85c84c-4b3d-4f56-83cb-402a8d6ac013
croco	530.5041635025441	NA	NA	40.28627227423824	NA	NA	5	5d85c84c-4b3d-4f56-83cb-402a8d6ac013
croco	1215.613445328572	NA	NA	92.31319489634264	NA	NA	6	5d85c84c-4b3d-4f56-83cb-402a8d6ac013
croco	1544.6365919031396	NA	NA	245.12603969405788	NA	NA	7	5d85c84c-4b3d-4f56-83cb-402a8d6ac013
croco	1215.613445328572	NA	NA	418.2714383786947	NA	NA	8	5d85c84c-4b3d-4f56-83cb-402a8d6ac013
croco	699.3979624909406	NA	NA	418.2714383786947	NA	NA	9	5d85c84c-4b3d-4f56-83cb-402a8d6ac013
picoeuk	38.75717414347067	NA	NA	NA	2545.0163397835818	NA	1	5d85c84c-4b3d-4f56-83cb-402a8d6ac013
picoeuk	12.139553872053622	NA	NA	NA	284.0589107082443	NA	2	5d85c84c-4b3d-4f56-83cb-402a8d6ac013
picoeuk	6.608828489532264	NA	NA	NA	81.14227582626785	NA	3	5d85c84c-4b3d-4f56-83cb-402a8d6ac013
picoeuk	13.558665705989258	NA	NA	NA	22.33989920236839	NA	4	5d85c84c-4b3d-4f56-83cb-402a8d6ac013
picoeuk	57.069214748673424	NA	NA	NA	8.259488851491387	NA	5	5d85c84c-4b3d-4f56-83cb-402a8d6ac013
picoeuk	182.20121740530564	NA	NA	NA	5.5068216060901465	NA	6	5d85c84c-4b3d-4f56-83cb-402a8d6ac013
picoeuk	1999.2150566759792	NA	NA	NA	6.264949941394467	NA	7	5d85c84c-4b3d-4f56-83cb-402a8d6ac013
picoeuk	3672.2966741805167	NA	NA	NA	21.93203034882198	NA	8	5d85c84c-4b3d-4f56-83cb-402a8d6ac013
picoeuk	3411.365673054921	NA	NA	NA	3545.955281025896	NA	9	5d85c84c-4b3d-4f56-83cb-402a8d6ac013
picoeuk	106.77817979424714	NA	NA	NA	3545.955281025896	NA	10	5d85c84c-4b3d-4f56-83cb-402a8d6ac013
prochloro	3.404388561932917	NA	NA	NA	11.297789521661432	NA	1	5d85c84c-4b3d-4f56-83cb-402a8d6ac013
prochloro	7.65849529547005	NA	NA	NA	18.92604505330373	NA	2	5d85c84c-4b3d-4f56-83cb-402a8d6ac013
prochloro	16.60515886628591	NA	NA	NA	20.75256223558595	NA	3	5d85c84c-4b3d-4f56-83cb-402a8d6ac013
prochloro	29.94462710795285	NA	NA	NA	18.580504358239164	NA	4	5d85c84c-4b3d-4f56-83cb-402a8d6ac013
prochloro	59.21157850936845	NA	NA	NA	13.33566936000888	NA	5	5d85c84c-4b3d-4f56-83cb-402a8d6ac013
prochloro	73.86438596385229	NA	NA	NA	7.532537734185583	NA	6	5d85c84c-4b3d-4f56-83cb-402a8d6ac013
prochloro	64.92597711894666	NA	NA	NA	3.671544903874477	NA	7	5d85c84c-4b3d-4f56-83cb-402a8d6ac013
prochloro	44.91289739378472	NA	NA	NA	2.9979387958302097	NA	8	5d85c84c-4b3d-4f56-83cb-402a8d6ac013
prochloro	21.099582353087055	NA	NA	NA	2.1516918901615654	NA	9	5d85c84c-4b3d-4f56-83cb-402a8d6ac013
prochloro	9.379280661946591	NA	NA	NA	1.756928149613916	NA	10	5d85c84c-4b3d-4f56-83cb-402a8d6ac013
prochloro	1.513334021041313	NA	NA	NA	3.1104806533141933	NA	11	5d85c84c-4b3d-4f56-83cb-402a8d6ac013
prochloro	1.6290870065001026	NA	NA	NA	5.609231687575432	NA	12	5d85c84c-4b3d-4f56-83cb-402a8d6ac013
synecho	51.09609027172129	NA	NA	68.74258268151605	NA	NA	1	5d85c84c-4b3d-4f56-83cb-402a8d6ac013
synecho	140.77258299638112	NA	NA	95.77860867942772	NA	NA	2	5d85c84c-4b3d-4f56-83cb-402a8d6ac013
synecho	273.27722441979626	NA	NA	63.85815407716049	NA	NA	3	5d85c84c-4b3d-4f56-83cb-402a8d6ac013
synecho	278.35934707108305	NA	NA	16.945158800397724	NA	NA	4	5d85c84c-4b3d-4f56-83cb-402a8d6ac013
synecho	203.50050949647436	NA	NA	4.496503397573068	NA	NA	5	5d85c84c-4b3d-4f56-83cb-402a8d6ac013
synecho	114.94550632043908	NA	NA	2.3162720533051173	NA	NA	6	5d85c84c-4b3d-4f56-83cb-402a8d6ac013
synecho	44.092903901266695	NA	NA	2.073840448843647	NA	NA	7	5d85c84c-4b3d-4f56-83cb-402a8d6ac013
synecho	15.712161041346526	NA	NA	2.1917067948679363	NA	NA	8	5d85c84c-4b3d-4f56-83cb-402a8d6ac013
synecho	7.945993254829115	NA	NA	9.749324166022417	NA	NA	9	5d85c84c-4b3d-4f56-83cb-402a8d6ac013
synecho	19.242522522623958	NA	NA	79.66082746718581	NA	NA	10	5d85c84c-4b3d-4f56-83cb-402a8d6ac013
beads	472.627956810295	NA	NA	319.4672548665322	NA	NA	1	872b2702-c38a-4756-ba08-e1e239c82ec2
beads	424.84996050992265	NA	NA	251.35512422728797	NA	NA	2	872b2702-c38a-4756-ba08-e1e239c82ec2
beads	413.68009636745614	NA	NA	180.1568541742147	NA	NA	3	872b2702-c38a-4756-ba08-e1e239c82ec2
beads	413.68009636745614	NA	NA	117.62929365623536	NA	NA	4	872b2702-c38a-4756-ba08-e1e239c82ec2
beads	498.495589218082	NA	NA	104.33888367237658	NA	NA	5	872b2702-c38a-4756-ba08-e1e239c82ec2
beads	668.2544186758228	NA	NA	125.7311476944198	NA	NA	6	872b2702-c38a-4756-ba08-e1e239c82ec2
beads	895.8233086479688	NA	NA	197.76486482694636	NA	NA	7	872b2702-c38a-4756-ba08-e1e239c82ec2
beads	1037.2002621214983	NA	NA	369.8849061952838	NA	NA	8	872b2702-c38a-4756-ba08-e1e239c82ec2
beads	733.5676757079449	NA	NA	439.8228874688001	NA	NA	9	872b2702-c38a-4756-ba08-e1e239c82ec2
beads	518.8212484085548	NA	NA	384.9665933869755	NA	NA	10	872b2702-c38a-4756-ba08-e1e239c82ec2
croco	460.2019463166934	NA	NA	114.53666484267151	NA	NA	1	872b2702-c38a-4756-ba08-e1e239c82ec2
croco	442.1727928301751	NA	NA	82.09327456162474	NA	NA	2	872b2702-c38a-4756-ba08-e1e239c82ec2
croco	436.3214245264385	NA	NA	56.534582753126095	NA	NA	3	872b2702-c38a-4756-ba08-e1e239c82ec2
croco	518.8212484085548	NA	NA	48.18240275262062	NA	NA	4	872b2702-c38a-4756-ba08-e1e239c82ec2
croco	704.8289788729123	NA	NA	57.29275012009788	NA	NA	5	872b2702-c38a-4756-ba08-e1e239c82ec2
croco	849.337785903863	NA	NA	127.41728825744606	NA	NA	6	872b2702-c38a-4756-ba08-e1e239c82ec2
croco	970.3652312944646	NA	NA	192.56536646846985	NA	NA	7	872b2702-c38a-4756-ba08-e1e239c82ec2
croco	633.5777634935763	NA	NA	195.1477995520021	NA	NA	8	872b2702-c38a-4756-ba08-e1e239c82ec2
croco	511.9555744967531	NA	NA	130.85770951951474	NA	NA	9	872b2702-c38a-4756-ba08-e1e239c82ec2
picoeuk	304.5079451505271	NA	NA	NA	3331.735399775048	NA	1	872b2702-c38a-4756-ba08-e1e239c82ec2
picoeuk	41.28353779139241	NA	NA	NA	655.9068548371943	NA	2	872b2702-c38a-4756-ba08-e1e239c82ec2
picoeuk	12.78364878461959	NA	NA	NA	153.5412429657875	NA	3	872b2702-c38a-4756-ba08-e1e239c82ec2
picoeuk	10.19299243693417	NA	NA	NA	38.93326297601647	NA	4	872b2702-c38a-4756-ba08-e1e239c82ec2
picoeuk	52.470537570855136	NA	NA	NA	8.640955587905554	NA	5	872b2702-c38a-4756-ba08-e1e239c82ec2
picoeuk	82.53188617443855	NA	NA	NA	4.152986076565107	NA	6	872b2702-c38a-4756-ba08-e1e239c82ec2
picoeuk	743.4053192546526	NA	NA	NA	6.111380741025042	NA	7	872b2702-c38a-4756-ba08-e1e239c82ec2
picoeuk	2566.1091877392028	NA	NA	NA	13.411660514741213	NA	8	872b2702-c38a-4756-ba08-e1e239c82ec2
picoeuk	3010.931459201845	NA	NA	NA	68.12568549511465	NA	9	872b2702-c38a-4756-ba08-e1e239c82ec2
picoeuk	3878.153136775999	NA	NA	NA	374.8453154130771	NA	10	872b2702-c38a-4756-ba08-e1e239c82ec2
picoeuk	3628.253002815157	NA	NA	NA	2175.380356864088	NA	11	872b2702-c38a-4756-ba08-e1e239c82ec2
picoeuk	518.8212484085548	NA	NA	NA	3806.49518421475	NA	12	872b2702-c38a-4756-ba08-e1e239c82ec2
picoeuk	164.99342352705767	NA	NA	NA	3117.0452899827333	NA	13	872b2702-c38a-4756-ba08-e1e239c82ec2
prochloro	3.3737043105900546	NA	NA	NA	3.885376278739046	NA	1	872b2702-c38a-4756-ba08-e1e239c82ec2
prochloro	4.403688376815932	NA	NA	NA	6.44586571643736	NA	2	872b2702-c38a-4756-ba08-e1e239c82ec2
prochloro	7.30574901826593	NA	NA	NA	9.485497632886492	NA	3	872b2702-c38a-4756-ba08-e1e239c82ec2
prochloro	18.81194483728426	NA	NA	NA	14.335404188809871	NA	4	872b2702-c38a-4756-ba08-e1e239c82ec2
prochloro	35.65633057335881	NA	NA	NA	14.527651749842878	NA	5	872b2702-c38a-4756-ba08-e1e239c82ec2
prochloro	47.79881903626784	NA	NA	NA	13.773791608767723	NA	6	872b2702-c38a-4756-ba08-e1e239c82ec2
prochloro	47.79881903626784	NA	NA	NA	7.871607411854348	NA	7	872b2702-c38a-4756-ba08-e1e239c82ec2
prochloro	34.71887875426186	NA	NA	NA	3.885376278739046	NA	8	872b2702-c38a-4756-ba08-e1e239c82ec2
prochloro	20.65056999874044	NA	NA	NA	2.470169912021558	NA	9	872b2702-c38a-4756-ba08-e1e239c82ec2
prochloro	13.664137422348556	NA	NA	NA	1.995993750538896	NA	10	872b2702-c38a-4756-ba08-e1e239c82ec2
prochloro	7.705603549393278	NA	NA	NA	1.9695803330791637	NA	11	872b2702-c38a-4756-ba08-e1e239c82ec2
prochloro	3.1145416802300643	NA	NA	NA	2.13347013525012	NA	12	872b2702-c38a-4756-ba08-e1e239c82ec2
prochloro	2.7260848281456664	NA	NA	NA	3.492603293569103	NA	13	872b2702-c38a-4756-ba08-e1e239c82ec2
synecho	19.31989015525622	NA	NA	15.322771779875543	NA	NA	1	872b2702-c38a-4756-ba08-e1e239c82ec2
synecho	44.12698934133712	NA	NA	31.45959685203148	NA	NA	2	872b2702-c38a-4756-ba08-e1e239c82ec2
synecho	93.0445787142942	NA	NA	43.89247864661346	NA	NA	3	872b2702-c38a-4756-ba08-e1e239c82ec2
synecho	136.9209614306328	NA	NA	22.54842434533392	NA	NA	4	872b2702-c38a-4756-ba08-e1e239c82ec2
synecho	209.7032883147319	NA	NA	19.21721555791972	NA	NA	5	872b2702-c38a-4756-ba08-e1e239c82ec2
synecho	181.1194042587467	NA	NA	11.89633672706163	NA	NA	6	872b2702-c38a-4756-ba08-e1e239c82ec2
synecho	126.40290968424983	NA	NA	5.493580794518572	NA	NA	7	872b2702-c38a-4756-ba08-e1e239c82ec2
synecho	99.45313199516818	NA	NA	3.2243070313495408	NA	NA	8	872b2702-c38a-4756-ba08-e1e239c82ec2
synecho	45.92622320790044	NA	NA	1.9435164500915276	NA	NA	9	872b2702-c38a-4756-ba08-e1e239c82ec2
synecho	20.65056999874044	NA	NA	2.2804153654164794	NA	NA	10	872b2702-c38a-4756-ba08-e1e239c82ec2
synecho	14.0330856989803	NA	NA	3.446384917990838	NA	NA	11	872b2702-c38a-4756-ba08-e1e239c82ec2
synecho	36.13450631907417	NA	NA	35.466836774238004	NA	NA	12	872b2702-c38a-4756-ba08-e1e239c82ec2
beads	NA	NA	NA	3234.8109587268277	803.7344836462753	NA	1	917e27cd-14c5-4086-af61-e5f50589d17b
beads	NA	NA	NA	277.86492347249884	47.512898603133664	NA	2	917e27cd-14c5-4086-af61-e5f50589d17b
beads	NA	NA	NA	179.55691917354784	39.367386613487206	NA	3	917e27cd-14c5-4086-af61-e5f50589d17b
beads	NA	NA	NA	169.17021111295207	55.72561286315169	NA	4	917e27cd-14c5-4086-af61-e5f50589d17b
beads	NA	NA	NA	2596.074310467464	916.3079777098436	NA	5	917e27cd-14c5-4086-af61-e5f50589d17b
croco	NA	NA	NA	119.1719289384661	353.5744611863389	NA	1	917e27cd-14c5-4086-af61-e5f50589d17b
croco	NA	NA	NA	25.723712340154755	228.2657931325242	NA	2	917e27cd-14c5-4086-af61-e5f50589d17b
croco	NA	NA	NA	23.227274662352368	558.4593604259939	NA	3	917e27cd-14c5-4086-af61-e5f50589d17b
croco	NA	NA	NA	296.29277771834455	3957.8237687282804	NA	4	917e27cd-14c5-4086-af61-e5f50589d17b
croco	NA	NA	NA	689.7052440270971	3611.6493834033645	NA	5	917e27cd-14c5-4086-af61-e5f50589d17b
croco	NA	NA	NA	418.5428224145248	1074.2463043822106	NA	6	917e27cd-14c5-4086-af61-e5f50589d17b
picoeuk	242.71930406737707	NA	NA	NA	3536.7822085792423	NA	1	917e27cd-14c5-4086-af61-e5f50589d17b
picoeuk	15.325022387317617	NA	NA	NA	186.8948301847638	NA	2	917e27cd-14c5-4086-af61-e5f50589d17b
picoeuk	14.271167791269383	NA	NA	NA	20.803323091669636	NA	3	917e27cd-14c5-4086-af61-e5f50589d17b
picoeuk	40.88687722725748	NA	NA	NA	3.2855246354424055	NA	4	917e27cd-14c5-4086-af61-e5f50589d17b
picoeuk	3645.7030241799944	NA	NA	NA	3.050154010947423	NA	5	917e27cd-14c5-4086-af61-e5f50589d17b
picoeuk	3517.951622982584	NA	NA	NA	3225.248497032964	NA	6	917e27cd-14c5-4086-af61-e5f50589d17b
prochloro	4.8316430710101965	NA	NA	NA	10.597426455014457	NA	1	917e27cd-14c5-4086-af61-e5f50589d17b
prochloro	27.11193190974545	NA	NA	NA	25.957098888367003	NA	2	917e27cd-14c5-4086-af61-e5f50589d17b
prochloro	83.67680977159145	NA	NA	NA	24.060113011441526	NA	3	917e27cd-14c5-4086-af61-e5f50589d17b
prochloro	110.4881077423132	NA	NA	NA	10.875304933610266	NA	4	917e27cd-14c5-4086-af61-e5f50589d17b
prochloro	82.05388104143499	NA	NA	NA	3.815019833072903	NA	5	917e27cd-14c5-4086-af61-e5f50589d17b
prochloro	33.69444747641975	NA	NA	NA	2.3813002209913723	NA	6	917e27cd-14c5-4086-af61-e5f50589d17b
prochloro	20.75935025583458	NA	NA	NA	1.9658390449788714	NA	7	917e27cd-14c5-4086-af61-e5f50589d17b
prochloro	9.055943382236647	NA	NA	NA	1.9791521345380534	NA	8	917e27cd-14c5-4086-af61-e5f50589d17b
prochloro	3.420208761750003	NA	NA	NA	1.9601036740081268	NA	9	917e27cd-14c5-4086-af61-e5f50589d17b
prochloro	2.3528845011990573	NA	NA	NA	4.283525804666645	NA	10	917e27cd-14c5-4086-af61-e5f50589d17b
synecho	88.17674477883233	NA	NA	61.85330688673314	NA	NA	1	917e27cd-14c5-4086-af61-e5f50589d17b
synecho	16.277557370963645	NA	NA	8.640061011335815	NA	NA	2	917e27cd-14c5-4086-af61-e5f50589d17b
synecho	17.959727721236636	NA	NA	2.2663673540548084	NA	NA	3	917e27cd-14c5-4086-af61-e5f50589d17b
synecho	46.154575008356986	NA	NA	1.8072781651859795	NA	NA	4	917e27cd-14c5-4086-af61-e5f50589d17b
synecho	151.5774109522286	NA	NA	2.171556313880338	NA	NA	5	917e27cd-14c5-4086-af61-e5f50589d17b
synecho	303.2946937972122	NA	NA	9.478109657188776	NA	NA	6	917e27cd-14c5-4086-af61-e5f50589d17b
synecho	202.84794451331447	NA	NA	62.977825569719975	NA	NA	7	917e27cd-14c5-4086-af61-e5f50589d17b
beads	305.2232866232844	NA	NA	768.3099459128031	NA	NA	1	9707ce67-5a7b-45d4-a79b-83c6275def70
beads	530.5041635025441	NA	NA	923.7621550492574	NA	NA	2	9707ce67-5a7b-45d4-a79b-83c6275def70
beads	614.7630622956374	NA	NA	604.6521915426935	NA	NA	3	9707ce67-5a7b-45d4-a79b-83c6275def70
beads	511.3097268163849	NA	NA	157.51885380605728	NA	NA	4	9707ce67-5a7b-45d4-a79b-83c6275def70
beads	316.68129092668363	NA	NA	119.480485011199	NA	NA	5	9707ce67-5a7b-45d4-a79b-83c6275def70
beads	196.13755569919925	NA	NA	157.51885380605728	NA	NA	6	9707ce67-5a7b-45d4-a79b-83c6275def70
beads	166.16494918716432	NA	NA	278.872728747408	NA	NA	7	9707ce67-5a7b-45d4-a79b-83c6275def70
beads	182.20121740530564	NA	NA	627.3506805387414	NA	NA	8	9707ce67-5a7b-45d4-a79b-83c6275def70
beads	310.89950856948445	NA	NA	976.2640096986296	NA	NA	9	9707ce67-5a7b-45d4-a79b-83c6275def70
croco	614.7630622956374	NA	NA	231.9435689904964	NA	NA	1	9707ce67-5a7b-45d4-a79b-83c6275def70
croco	417.50143518347977	NA	NA	149.0477518450064	NA	NA	2	9707ce67-5a7b-45d4-a79b-83c6275def70
croco	169.2551103006888	NA	NA	123.9657519335758	NA	NA	3	9707ce67-5a7b-45d4-a79b-83c6275def70
croco	207.28499812722723	NA	NA	44.99573082041569	NA	NA	4	9707ce67-5a7b-45d4-a79b-83c6275def70
croco	501.97453196189673	NA	NA	42.575935257015786	NA	NA	5	9707ce67-5a7b-45d4-a79b-83c6275def70
croco	1011.0480228338308	NA	NA	44.174225003493234	NA	NA	6	9707ce67-5a7b-45d4-a79b-83c6275def70
croco	1602.6218554556483	NA	NA	110.99093056203355	NA	NA	7	9707ce67-5a7b-45d4-a79b-83c6275def70
croco	1382.9678765419008	NA	NA	227.7088785509981	NA	NA	8	9707ce67-5a7b-45d4-a79b-83c6275def70
croco	550.419154444523	NA	NA	219.47002963534305	NA	NA	9	9707ce67-5a7b-45d4-a79b-83c6275def70
picoeuk	101.03582688602842	NA	NA	NA	2278.643314320534	NA	1	9707ce67-5a7b-45d4-a79b-83c6275def70
picoeuk	18.5462991832934	NA	NA	NA	512.2527418343335	NA	2	9707ce67-5a7b-45d4-a79b-83c6275def70
picoeuk	7.945993254829115	NA	NA	NA	227.7088785509981	NA	3	9707ce67-5a7b-45d4-a79b-83c6275def70
picoeuk	4.246856392618388	NA	NA	NA	76.77857919397562	NA	4	9707ce67-5a7b-45d4-a79b-83c6275def70
picoeuk	4.571693011253358	NA	NA	NA	28.91441461643118	NA	5	9707ce67-5a7b-45d4-a79b-83c6275def70
picoeuk	8.874878548238433	NA	NA	NA	13.836286985243628	NA	6	9707ce67-5a7b-45d4-a79b-83c6275def70
picoeuk	16.004359301550696	NA	NA	NA	7.127450383497315	NA	7	9707ce67-5a7b-45d4-a79b-83c6275def70
picoeuk	38.75717414347067	NA	NA	NA	4.17700929423916	NA	8	9707ce67-5a7b-45d4-a79b-83c6275def70
picoeuk	172.402738983362	NA	NA	NA	3.3483973437651087	NA	9	9707ce67-5a7b-45d4-a79b-83c6275def70
picoeuk	795.6846140200354	NA	NA	NA	5.115540453671319	NA	10	9707ce67-5a7b-45d4-a79b-83c6275def70
picoeuk	1725.204353272524	NA	NA	NA	8.569547955602513	NA	11	9707ce67-5a7b-45d4-a79b-83c6275def70
picoeuk	3168.974837223454	NA	NA	NA	16.03387634451405	NA	12	9707ce67-5a7b-45d4-a79b-83c6275def70
picoeuk	3672.2966741805167	NA	NA	NA	128.6193946318217	NA	13	9707ce67-5a7b-45d4-a79b-83c6275def70
picoeuk	3605.2500227694154	NA	NA	NA	3960.476865175275	NA	14	9707ce67-5a7b-45d4-a79b-83c6275def70
picoeuk	395.0489024175999	NA	NA	NA	3611.899231138872	NA	15	9707ce67-5a7b-45d4-a79b-83c6275def70
picoeuk	223.13996275528476	NA	NA	NA	2895.3906825566605	NA	16	9707ce67-5a7b-45d4-a79b-83c6275def70
prochloro	6.608828489532264	NA	NA	NA	11.939897341388948	NA	1	9707ce67-5a7b-45d4-a79b-83c6275def70
prochloro	10.09668985448504	NA	NA	NA	11.939897341388948	NA	2	9707ce67-5a7b-45d4-a79b-83c6275def70
prochloro	15.42529756660034	NA	NA	NA	11.091521068161857	NA	3	9707ce67-5a7b-45d4-a79b-83c6275def70
prochloro	24.90549619069805	NA	NA	NA	9.056596660419697	NA	4	9707ce67-5a7b-45d4-a79b-83c6275def70
prochloro	28.8611855656293	NA	NA	NA	6.500134563718772	NA	5	9707ce67-5a7b-45d4-a79b-83c6275def70
prochloro	40.21210857208651	NA	NA	NA	4.17700929423916	NA	6	9707ce67-5a7b-45d4-a79b-83c6275def70
prochloro	36.0033257626582	NA	NA	NA	2.5870438721136138	NA	7	9707ce67-5a7b-45d4-a79b-83c6275def70
prochloro	23.13586355173953	NA	NA	NA	1.724851179899098	NA	8	9707ce67-5a7b-45d4-a79b-83c6275def70
prochloro	11.276991223636896	NA	NA	NA	1.3574405115528143	NA	9	9707ce67-5a7b-45d4-a79b-83c6275def70
prochloro	5.01289854646454	NA	NA	NA	1.0682920149160688	NA	10	9707ce67-5a7b-45d4-a79b-83c6275def70
prochloro	2.398800177589585	NA	NA	NA	1.2379666658594093	NA	11	9707ce67-5a7b-45d4-a79b-83c6275def70
prochloro	2.269796693895071	NA	NA	NA	2.23246585472309	NA	12	9707ce67-5a7b-45d4-a79b-83c6275def70
prochloro	2.355004282654808	NA	NA	NA	4.7520613531782105	NA	13	9707ce67-5a7b-45d4-a79b-83c6275def70
prochloro	4.406282298029726	NA	NA	NA	8.413090145815614	NA	14	9707ce67-5a7b-45d4-a79b-83c6275def70
prochloro	9.553706667648507	NA	NA	NA	11.939897341388948	NA	15	9707ce67-5a7b-45d4-a79b-83c6275def70
synecho	16.301991557946845	NA	NA	18.92604505330373	NA	NA	1	9707ce67-5a7b-45d4-a79b-83c6275def70
synecho	29.39791556651937	NA	NA	32.29450488877309	NA	NA	2	9707ce67-5a7b-45d4-a79b-83c6275def70
synecho	69.89208214325306	NA	NA	23.17853331849394	NA	NA	3	9707ce67-5a7b-45d4-a79b-83c6275def70
synecho	126.03868198017688	NA	NA	15.453746638657345	NA	NA	4	9707ce67-5a7b-45d4-a79b-83c6275def70
synecho	182.20121740530564	NA	NA	5.307576537093497	NA	NA	5	9707ce67-5a7b-45d4-a79b-83c6275def70
synecho	140.77258299638112	NA	NA	3.4106673189611225	NA	NA	6	9707ce67-5a7b-45d4-a79b-83c6275def70
synecho	88.80937273080957	NA	NA	2.684160838999391	NA	NA	7	9707ce67-5a7b-45d4-a79b-83c6275def70
synecho	40.21210857208651	NA	NA	2.447916955627993	NA	NA	8	9707ce67-5a7b-45d4-a79b-83c6275def70
synecho	19.964881908474528	NA	NA	2.7340780416807964	NA	NA	9	9707ce67-5a7b-45d4-a79b-83c6275def70
synecho	12.829503216065012	NA	NA	4.025878830141698	NA	NA	10	9707ce67-5a7b-45d4-a79b-83c6275def70
synecho	12.829503216065012	NA	NA	9.930631851959554	NA	NA	11	9707ce67-5a7b-45d4-a79b-83c6275def70
synecho	22.29877329180349	NA	NA	18.92604505330373	NA	NA	12	9707ce67-5a7b-45d4-a79b-83c6275def70
beads	211.13986670067263	NA	NA	604.6521915426935	NA	NA	1	abca39b7-5ff6-46ea-8aba-c55e76b0f28a
beads	395.0489024175999	NA	NA	740.5113391784004	NA	NA	2	abca39b7-5ff6-46ea-8aba-c55e76b0f28a
beads	540.3699224645738	NA	NA	726.9915149297395	NA	NA	3	abca39b7-5ff6-46ea-8aba-c55e76b0f28a
beads	530.5041635025441	NA	NA	395.77749612170106	NA	NA	4	abca39b7-5ff6-46ea-8aba-c55e76b0f28a
beads	387.8363299048843	NA	NA	289.3415398313816	NA	NA	5	abca39b7-5ff6-46ea-8aba-c55e76b0f28a
beads	223.13996275528476	NA	NA	289.3415398313816	NA	NA	6	abca39b7-5ff6-46ea-8aba-c55e76b0f28a
beads	196.13755569919925	NA	NA	367.65596143957646	NA	NA	7	abca39b7-5ff6-46ea-8aba-c55e76b0f28a
croco	637.8411108000053	NA	NA	341.5325714741863	NA	NA	1	abca39b7-5ff6-46ea-8aba-c55e76b0f28a
croco	283.53598169898066	NA	NA	245.12603969405788	NA	NA	2	abca39b7-5ff6-46ea-8aba-c55e76b0f28a
croco	196.13755569919925	NA	NA	110.99093056203355	NA	NA	3	abca39b7-5ff6-46ea-8aba-c55e76b0f28a
croco	268.2878882005606	NA	NA	65.04572092249091	NA	NA	4	abca39b7-5ff6-46ea-8aba-c55e76b0f28a
croco	712.4046308475347	NA	NA	63.85815407716049	NA	NA	5	abca39b7-5ff6-46ea-8aba-c55e76b0f28a
croco	1261.2472639075447	NA	NA	94.0299386893587	NA	NA	6	abca39b7-5ff6-46ea-8aba-c55e76b0f28a
croco	1308.5941643926978	NA	NA	268.78269495747924	NA	NA	7	abca39b7-5ff6-46ea-8aba-c55e76b0f28a
croco	1011.0480228338308	NA	NA	341.5325714741863	NA	NA	8	abca39b7-5ff6-46ea-8aba-c55e76b0f28a
picoeuk	60.31273322505972	NA	NA	NA	3481.2152971030723	NA	1	abca39b7-5ff6-46ea-8aba-c55e76b0f28a
picoeuk	19.242522522623958	NA	NA	NA	976.2640096986296	NA	2	abca39b7-5ff6-46ea-8aba-c55e76b0f28a
picoeuk	4.656712553794995	NA	NA	NA	82.65127460517871	NA	3	abca39b7-5ff6-46ea-8aba-c55e76b0f28a
picoeuk	3.664785892744481	NA	NA	NA	26.36953969867373	NA	4	abca39b7-5ff6-46ea-8aba-c55e76b0f28a
picoeuk	6.3697111578708165	NA	NA	NA	7.127450383497315	NA	5	abca39b7-5ff6-46ea-8aba-c55e76b0f28a
picoeuk	39.47793934090922	NA	NA	NA	4.496503397573068	NA	6	abca39b7-5ff6-46ea-8aba-c55e76b0f28a
picoeuk	511.3097268163849	NA	NA	NA	4.100747894102069	NA	7	abca39b7-5ff6-46ea-8aba-c55e76b0f28a
picoeuk	2359.830737177832	NA	NA	NA	5.609231687575432	NA	8	abca39b7-5ff6-46ea-8aba-c55e76b0f28a
picoeuk	3227.9081011857274	NA	NA	NA	6.038274651613296	NA	9	abca39b7-5ff6-46ea-8aba-c55e76b0f28a
picoeuk	3539.427470025792	NA	NA	NA	3545.955281025896	NA	10	abca39b7-5ff6-46ea-8aba-c55e76b0f28a
picoeuk	87.18794298702402	NA	NA	NA	3747.4890067149167	NA	11	abca39b7-5ff6-46ea-8aba-c55e76b0f28a
prochloro	3.0480697175631466	NA	NA	NA	9.056596660419697	NA	1	abca39b7-5ff6-46ea-8aba-c55e76b0f28a
prochloro	2.8314924762699016	NA	NA	NA	25.888100018574143	NA	2	abca39b7-5ff6-46ea-8aba-c55e76b0f28a
prochloro	4.406282298029726	NA	NA	NA	55.10581017183695	NA	3	abca39b7-5ff6-46ea-8aba-c55e76b0f28a
prochloro	17.2285122933898	NA	NA	NA	65.04572092249091	NA	4	abca39b7-5ff6-46ea-8aba-c55e76b0f28a
prochloro	49.24735705320023	NA	NA	NA	40.28627227423824	NA	5	abca39b7-5ff6-46ea-8aba-c55e76b0f28a
prochloro	119.2605312998455	NA	NA	NA	18.92604505330373	NA	6	abca39b7-5ff6-46ea-8aba-c55e76b0f28a
prochloro	175.6089039566466	NA	NA	NA	11.939897341388948	NA	7	abca39b7-5ff6-46ea-8aba-c55e76b0f28a
prochloro	169.2551103006888	NA	NA	NA	5.115540453671319	NA	8	abca39b7-5ff6-46ea-8aba-c55e76b0f28a
prochloro	110.78660541971936	NA	NA	NA	3.287264257467449	NA	9	abca39b7-5ff6-46ea-8aba-c55e76b0f28a
prochloro	14.867187154134438	NA	NA	NA	2.9979387958302097	NA	10	abca39b7-5ff6-46ea-8aba-c55e76b0f28a
prochloro	2.630303892649386	NA	NA	NA	3.1104806533141933	NA	11	abca39b7-5ff6-46ea-8aba-c55e76b0f28a
synecho	25.368662437358413	NA	NA	90.6277944104896	NA	NA	1	abca39b7-5ff6-46ea-8aba-c55e76b0f28a
synecho	61.43436605902476	NA	NA	138.45732777118997	NA	NA	2	abca39b7-5ff6-46ea-8aba-c55e76b0f28a
synecho	166.16494918716432	NA	NA	135.92945461332215	NA	NA	3	abca39b7-5ff6-46ea-8aba-c55e76b0f28a
synecho	235.8220820941305	NA	NA	50.25572428943699	NA	NA	4	abca39b7-5ff6-46ea-8aba-c55e76b0f28a
synecho	231.5165800238944	NA	NA	20.001703393542886	NA	NA	5	abca39b7-5ff6-46ea-8aba-c55e76b0f28a
synecho	42.49755647429452	NA	NA	7.259999215976118	NA	NA	6	abca39b7-5ff6-46ea-8aba-c55e76b0f28a
synecho	9.553706667648507	NA	NA	8.259488851491387	NA	NA	7	abca39b7-5ff6-46ea-8aba-c55e76b0f28a
beads	NA	NA	NA	384.9505185933755	62.88100362293652	NA	1	b7e1e442-b472-448d-8f26-13417f42a28b
beads	NA	NA	NA	359.9236342939821	59.36849154821702	NA	2	b7e1e442-b472-448d-8f26-13417f42a28b
beads	NA	NA	NA	224.95389550707594	53.346147813943055	NA	3	b7e1e442-b472-448d-8f26-13417f42a28b
beads	NA	NA	NA	270.60038370082657	112.95865567661116	NA	4	b7e1e442-b472-448d-8f26-13417f42a28b
beads	NA	NA	NA	2291.8431646437566	759.2940829349557	NA	5	b7e1e442-b472-448d-8f26-13417f42a28b
beads	NA	NA	NA	2433.296233500922	603.0225113858211	NA	6	b7e1e442-b472-448d-8f26-13417f42a28b
croco	NA	NA	NA	522.6569142735416	1312.1909477763104	NA	1	b7e1e442-b472-448d-8f26-13417f42a28b
croco	NA	NA	NA	196.67491394497327	401.98393780758124	NA	2	b7e1e442-b472-448d-8f26-13417f42a28b
croco	NA	NA	NA	55.89606217901146	248.42350923484003	NA	3	b7e1e442-b472-448d-8f26-13417f42a28b
croco	NA	NA	NA	25.118065375305232	232.58255679979138	NA	4	b7e1e442-b472-448d-8f26-13417f42a28b
croco	NA	NA	NA	22.68727817941097	370.47302572027866	NA	5	b7e1e442-b472-448d-8f26-13417f42a28b
croco	NA	NA	NA	274.2743104813292	3626.235026682247	NA	6	b7e1e442-b472-448d-8f26-13417f42a28b
croco	NA	NA	NA	676.544135964471	3742.7935056443216	NA	7	b7e1e442-b472-448d-8f26-13417f42a28b
picoeuk	133.51757538420858	NA	NA	NA	3688.6093839429436	NA	1	b7e1e442-b472-448d-8f26-13417f42a28b
picoeuk	40.121484077807814	NA	NA	NA	246.3634624564389	NA	2	b7e1e442-b472-448d-8f26-13417f42a28b
picoeuk	30.890704059523255	NA	NA	NA	7.9780624618927645	NA	3	b7e1e442-b472-448d-8f26-13417f42a28b
picoeuk	54.95367791921201	NA	NA	NA	2.976075782578263	NA	4	b7e1e442-b472-448d-8f26-13417f42a28b
picoeuk	3776.336253589294	NA	NA	NA	1.9905204340747729	NA	5	b7e1e442-b472-448d-8f26-13417f42a28b
picoeuk	3661.736101442177	NA	NA	NA	3533.106922644164	NA	6	b7e1e442-b472-448d-8f26-13417f42a28b
prochloro	52.95370365600867	NA	NA	NA	16.121469858836598	NA	1	b7e1e442-b472-448d-8f26-13417f42a28b
prochloro	79.71006855196376	NA	NA	NA	7.7693449611080165	NA	2	b7e1e442-b472-448d-8f26-13417f42a28b
prochloro	49.24516096056934	NA	NA	NA	2.6127822579727145	NA	3	b7e1e442-b472-448d-8f26-13417f42a28b
prochloro	25.056828940492863	NA	NA	NA	1.9730422601897135	NA	4	b7e1e442-b472-448d-8f26-13417f42a28b
prochloro	8.386367948435185	NA	NA	NA	2.0233472487797766	NA	5	b7e1e442-b472-448d-8f26-13417f42a28b
prochloro	1.9664163143532365	NA	NA	NA	2.2892539027490253	NA	6	b7e1e442-b472-448d-8f26-13417f42a28b
prochloro	1.4890564392786665	NA	NA	NA	4.031379433442316	NA	7	b7e1e442-b472-448d-8f26-13417f42a28b
prochloro	3.3228344708483033	NA	NA	NA	11.010086658280677	NA	8	b7e1e442-b472-448d-8f26-13417f42a28b
prochloro	8.805903404182448	NA	NA	NA	17.481935620942043	NA	9	b7e1e442-b472-448d-8f26-13417f42a28b
synecho	76.51822018591167	NA	NA	101.47724304317565	NA	NA	1	b7e1e442-b472-448d-8f26-13417f42a28b
synecho	24.286466944130876	NA	NA	31.278980686106124	NA	NA	2	b7e1e442-b472-448d-8f26-13417f42a28b
synecho	12.196242363963302	NA	NA	7.015312165567507	NA	NA	3	b7e1e442-b472-448d-8f26-13417f42a28b
synecho	18.427589052130593	NA	NA	2.5157574143192116	NA	NA	4	b7e1e442-b472-448d-8f26-13417f42a28b
synecho	27.44015878695326	NA	NA	1.7790891989590405	NA	NA	5	b7e1e442-b472-448d-8f26-13417f42a28b
synecho	53.970706973187085	NA	NA	1.633670709026885	NA	NA	6	b7e1e442-b472-448d-8f26-13417f42a28b
synecho	177.70007923605255	NA	NA	2.366960579008478	NA	NA	7	b7e1e442-b472-448d-8f26-13417f42a28b
synecho	329.02305462092664	NA	NA	9.969097757323642	NA	NA	8	b7e1e442-b472-448d-8f26-13417f42a28b
synecho	329.3099867879377	NA	NA	42.83786610747158	NA	NA	9	b7e1e442-b472-448d-8f26-13417f42a28b
synecho	194.9719266336535	NA	NA	100.81339468438978	NA	NA	10	b7e1e442-b472-448d-8f26-13417f42a28b
beads	253.8598118087644	NA	NA	675.3359324344163	NA	NA	1	bc518d89-a6c3-461c-bf3b-80a1aa029bf3
beads	395.0489024175999	NA	NA	858.1252511428672	NA	NA	2	bc518d89-a6c3-461c-bf3b-80a1aa029bf3
beads	511.3097268163849	NA	NA	797.1521052513168	NA	NA	3	bc518d89-a6c3-461c-bf3b-80a1aa029bf3
beads	511.3097268163849	NA	NA	541.3665335701456	NA	NA	4	bc518d89-a6c3-461c-bf3b-80a1aa029bf3
beads	409.8789374192903	NA	NA	335.29706892719275	NA	NA	5	bc518d89-a6c3-461c-bf3b-80a1aa029bf3
beads	322.57059679648023	NA	NA	268.78269495747924	NA	NA	6	bc518d89-a6c3-461c-bf3b-80a1aa029bf3
beads	199.7851158524582	NA	NA	259.05773373071975	NA	NA	7	bc518d89-a6c3-461c-bf3b-80a1aa029bf3
beads	160.15285198593895	NA	NA	263.87541723646746	NA	NA	8	bc518d89-a6c3-461c-bf3b-80a1aa029bf3
beads	189.04100461882595	NA	NA	450.2644862130133	NA	NA	9	bc518d89-a6c3-461c-bf3b-80a1aa029bf3
croco	626.1957797154683	NA	NA	323.16551784173765	NA	NA	1	bc518d89-a6c3-461c-bf3b-80a1aa029bf3
croco	360.2790460540249	NA	NA	259.05773373071975	NA	NA	2	bc518d89-a6c3-461c-bf3b-80a1aa029bf3
croco	135.67921970657883	NA	NA	138.45732777118997	NA	NA	3	bc518d89-a6c3-461c-bf3b-80a1aa029bf3
croco	126.03868198017688	NA	NA	76.77857919397562	NA	NA	4	bc518d89-a6c3-461c-bf3b-80a1aa029bf3
croco	182.20121740530564	NA	NA	57.17446822567192	NA	NA	5	bc518d89-a6c3-461c-bf3b-80a1aa029bf3
croco	283.53598169898066	NA	NA	48.43739677317037	NA	NA	6	bc518d89-a6c3-461c-bf3b-80a1aa029bf3
croco	686.628762301191	NA	NA	48.43739677317037	NA	NA	7	bc518d89-a6c3-461c-bf3b-80a1aa029bf3
croco	1261.2472639075447	NA	NA	79.66082746718581	NA	NA	8	bc518d89-a6c3-461c-bf3b-80a1aa029bf3
croco	1171.6307267818354	NA	NA	169.56726964855	NA	NA	9	bc518d89-a6c3-461c-bf3b-80a1aa029bf3
croco	956.6755418133084	NA	NA	259.05773373071975	NA	NA	10	bc518d89-a6c3-461c-bf3b-80a1aa029bf3
picoeuk	249.2249873869528	NA	NA	NA	3233.861373060547	NA	1	bc518d89-a6c3-461c-bf3b-80a1aa029bf3
picoeuk	76.63723616674764	NA	NA	NA	1195.6205225505455	NA	2	bc518d89-a6c3-461c-bf3b-80a1aa029bf3
picoeuk	15.143671477909908	NA	NA	NA	329.1754105498665	NA	3	bc518d89-a6c3-461c-bf3b-80a1aa029bf3
picoeuk	3.597876368801405	NA	NA	NA	85.75398236573182	NA	4	bc518d89-a6c3-461c-bf3b-80a1aa029bf3
picoeuk	2.5822813378717067	NA	NA	NA	32.29450488877309	NA	5	bc518d89-a6c3-461c-bf3b-80a1aa029bf3
picoeuk	3.873073334712357	NA	NA	NA	15.74113917935044	NA	6	bc518d89-a6c3-461c-bf3b-80a1aa029bf3
picoeuk	17.548910060748945	NA	NA	NA	5.8198008139551325	NA	7	bc518d89-a6c3-461c-bf3b-80a1aa029bf3
picoeuk	80.99289959370594	NA	NA	NA	4.7520613531782105	NA	8	bc518d89-a6c3-461c-bf3b-80a1aa029bf3
picoeuk	560.6552714807798	NA	NA	NA	5.210673899454706	NA	9	bc518d89-a6c3-461c-bf3b-80a1aa029bf3
picoeuk	2785.493781438553	NA	NA	NA	8.72891540332495	NA	10	bc518d89-a6c3-461c-bf3b-80a1aa029bf3
picoeuk	3349.082947717057	NA	NA	NA	17.908233829490655	NA	11	bc518d89-a6c3-461c-bf3b-80a1aa029bf3
picoeuk	3349.082947717057	NA	NA	NA	3679.069537540028	NA	12	bc518d89-a6c3-461c-bf3b-80a1aa029bf3
picoeuk	56.02727830207264	NA	NA	NA	3233.861373060547	NA	13	bc518d89-a6c3-461c-bf3b-80a1aa029bf3
prochloro	3.664785892744481	NA	NA	NA	12.161943005316996	NA	1	bc518d89-a6c3-461c-bf3b-80a1aa029bf3
prochloro	5.496684002029471	NA	NA	NA	12.618499242667973	NA	2	bc518d89-a6c3-461c-bf3b-80a1aa029bf3
prochloro	7.65849529547005	NA	NA	NA	12.388118041170074	NA	3	bc518d89-a6c3-461c-bf3b-80a1aa029bf3
prochloro	11.276991223636896	NA	NA	NA	10.69021319247915	NA	4	bc518d89-a6c3-461c-bf3b-80a1aa029bf3
prochloro	20.714358481362968	NA	NA	NA	6.264949941394467	NA	5	bc518d89-a6c3-461c-bf3b-80a1aa029bf3
prochloro	29.39791556651937	NA	NA	NA	4.254688923758073	NA	6	bc518d89-a6c3-461c-bf3b-80a1aa029bf3
prochloro	30.501505816131925	NA	NA	NA	2.889468871625233	NA	7	bc518d89-a6c3-461c-bf3b-80a1aa029bf3
prochloro	18.5462991832934	NA	NA	NA	1.8228827840775916	NA	8	bc518d89-a6c3-461c-bf3b-80a1aa029bf3
prochloro	12.139553872053622	NA	NA	NA	1.8228827840775916	NA	9	bc518d89-a6c3-461c-bf3b-80a1aa029bf3
prochloro	6.608828489532264	NA	NA	NA	1.6624434759764075	NA	10	bc518d89-a6c3-461c-bf3b-80a1aa029bf3
prochloro	2.884149597920456	NA	NA	NA	1.7896016531039822	NA	11	bc518d89-a6c3-461c-bf3b-80a1aa029bf3
prochloro	2.398800177589585	NA	NA	NA	2.073840448843647	NA	12	bc518d89-a6c3-461c-bf3b-80a1aa029bf3
prochloro	1.8533646585921808	NA	NA	NA	3.0536913112248127	NA	13	bc518d89-a6c3-461c-bf3b-80a1aa029bf3
prochloro	1.7863071441688407	NA	NA	NA	5.5068216060901465	NA	14	bc518d89-a6c3-461c-bf3b-80a1aa029bf3
prochloro	2.4434105425562263	NA	NA	NA	8.259488851491387	NA	15	bc518d89-a6c3-461c-bf3b-80a1aa029bf3
synecho	15.143671477909908	NA	NA	37.42377550755712	NA	NA	1	bc518d89-a6c3-461c-bf3b-80a1aa029bf3
synecho	44.91289739378472	NA	NA	56.130610122459935	NA	NA	2	bc518d89-a6c3-461c-bf3b-80a1aa029bf3
synecho	76.63723616674764	NA	NA	38.82865449159184	NA	NA	3	bc518d89-a6c3-461c-bf3b-80a1aa029bf3
synecho	108.76392817612415	NA	NA	26.859932688031524	NA	NA	4	bc518d89-a6c3-461c-bf3b-80a1aa029bf3
synecho	123.7375412160186	NA	NA	9.749324166022417	NA	NA	5	bc518d89-a6c3-461c-bf3b-80a1aa029bf3
synecho	87.18794298702402	NA	NA	4.333813157398536	NA	NA	6	bc518d89-a6c3-461c-bf3b-80a1aa029bf3
synecho	58.13052803440788	NA	NA	2.7340780416807964	NA	NA	7	bc518d89-a6c3-461c-bf3b-80a1aa029bf3
synecho	20.714358481362968	NA	NA	2.1917067948679363	NA	NA	8	bc518d89-a6c3-461c-bf3b-80a1aa029bf3
synecho	8.874878548238433	NA	NA	2.493440742819108	NA	NA	9	bc518d89-a6c3-461c-bf3b-80a1aa029bf3
synecho	5.496684002029471	NA	NA	4.496503397573068	NA	NA	10	bc518d89-a6c3-461c-bf3b-80a1aa029bf3
synecho	5.7030281170098425	NA	NA	11.297789521661432	NA	NA	11	bc518d89-a6c3-461c-bf3b-80a1aa029bf3
synecho	9.553706667648507	NA	NA	20.001703393542886	NA	NA	12	bc518d89-a6c3-461c-bf3b-80a1aa029bf3
beads	NA	NA	NA	742.987378560646	64.39501369195595	NA	1	c3061235-7755-4cd1-b6e4-053386a23dca
beads	NA	NA	NA	289.0899777008059	29.52174935272035	NA	2	c3061235-7755-4cd1-b6e4-053386a23dca
beads	NA	NA	NA	178.84824172555105	52.03584863094105	NA	3	c3061235-7755-4cd1-b6e4-053386a23dca
beads	NA	NA	NA	262.6981273689337	99.69478603159988	NA	4	c3061235-7755-4cd1-b6e4-053386a23dca
beads	NA	NA	NA	2037.0933683263518	597.3905030351175	NA	5	c3061235-7755-4cd1-b6e4-053386a23dca
beads	NA	NA	NA	2878.821558195255	352.84084788616155	NA	6	c3061235-7755-4cd1-b6e4-053386a23dca
croco	NA	NA	NA	279.45590111170696	654.2460286565515	NA	1	c3061235-7755-4cd1-b6e4-053386a23dca
croco	NA	NA	NA	78.64477934075506	214.46070123385056	NA	2	c3061235-7755-4cd1-b6e4-053386a23dca
croco	NA	NA	NA	20.991573528351022	209.5258618123694	NA	3	c3061235-7755-4cd1-b6e4-053386a23dca
croco	NA	NA	NA	21.981875631015114	582.4185552986389	NA	4	c3061235-7755-4cd1-b6e4-053386a23dca
croco	NA	NA	NA	155.76502786602978	3893.1253892024497	NA	5	c3061235-7755-4cd1-b6e4-053386a23dca
croco	NA	NA	NA	626.8126089599006	3595.1314256974733	NA	6	c3061235-7755-4cd1-b6e4-053386a23dca
picoeuk	139.50133280413277	NA	NA	NA	3843.853897201523	NA	1	c3061235-7755-4cd1-b6e4-053386a23dca
picoeuk	31.25396480551918	NA	NA	NA	198.55964443015466	NA	2	c3061235-7755-4cd1-b6e4-053386a23dca
picoeuk	23.2280448658828	NA	NA	NA	20.277456524343823	NA	3	c3061235-7755-4cd1-b6e4-053386a23dca
picoeuk	39.369487426720504	NA	NA	NA	2.674593853403063	NA	4	c3061235-7755-4cd1-b6e4-053386a23dca
picoeuk	3554.439060939569	NA	NA	NA	1.6561057040817266	NA	5	c3061235-7755-4cd1-b6e4-053386a23dca
picoeuk	3608.6137691939925	NA	NA	NA	3728.351667697816	NA	6	c3061235-7755-4cd1-b6e4-053386a23dca
prochloro	9.576478923584126	NA	NA	NA	13.270708651571928	NA	1	c3061235-7755-4cd1-b6e4-053386a23dca
prochloro	1.371417084070959	NA	NA	NA	5.155317030450586	NA	2	c3061235-7755-4cd1-b6e4-053386a23dca
prochloro	1.0818718914512646	NA	NA	NA	2.4083406559833027	NA	3	c3061235-7755-4cd1-b6e4-053386a23dca
prochloro	1.7102495714191726	NA	NA	NA	1.4702109038534963	NA	4	c3061235-7755-4cd1-b6e4-053386a23dca
prochloro	6.938538689864355	NA	NA	NA	1.466296020672513	NA	5	c3061235-7755-4cd1-b6e4-053386a23dca
prochloro	33.35355262025974	NA	NA	NA	1.624815366645543	NA	6	c3061235-7755-4cd1-b6e4-053386a23dca
prochloro	56.749151421422624	NA	NA	NA	2.2970143663726597	NA	7	c3061235-7755-4cd1-b6e4-053386a23dca
prochloro	50.927188217432246	NA	NA	NA	5.838509982859894	NA	8	c3061235-7755-4cd1-b6e4-053386a23dca
prochloro	23.11517094664733	NA	NA	NA	10.564330858444858	NA	9	c3061235-7755-4cd1-b6e4-053386a23dca
synecho	57.5934133715903	NA	NA	53.53139001296473	NA	NA	1	c3061235-7755-4cd1-b6e4-053386a23dca
synecho	15.045867767570986	NA	NA	23.932419261646963	NA	NA	2	c3061235-7755-4cd1-b6e4-053386a23dca
synecho	10.685491965207095	NA	NA	6.3328361641382385	NA	NA	3	c3061235-7755-4cd1-b6e4-053386a23dca
synecho	13.57518645142061	NA	NA	2.6276956830026728	NA	NA	4	c3061235-7755-4cd1-b6e4-053386a23dca
synecho	55.380818453347736	NA	NA	2.012998874192567	NA	NA	5	c3061235-7755-4cd1-b6e4-053386a23dca
synecho	280.2220891665272	NA	NA	3.035099821323243	NA	NA	6	c3061235-7755-4cd1-b6e4-053386a23dca
synecho	275.87373098791085	NA	NA	19.20769447134036	NA	NA	7	c3061235-7755-4cd1-b6e4-053386a23dca
synecho	111.09752595995546	NA	NA	48.94459411058707	NA	NA	8	c3061235-7755-4cd1-b6e4-053386a23dca
beads	235.8220820941305	NA	NA	797.1521052513168	NA	NA	1	c3fb6e34-c4aa-479a-873f-534dd66066b5
beads	449.4355864573429	NA	NA	1385.5185017471758	NA	NA	2	c3fb6e34-c4aa-479a-873f-534dd66066b5
beads	501.97453196189673	NA	NA	1131.3220394894597	NA	NA	3	c3fb6e34-c4aa-479a-873f-534dd66066b5
beads	530.5041635025441	NA	NA	874.0837628180836	NA	NA	4	c3fb6e34-c4aa-479a-873f-534dd66066b5
beads	550.419154444523	NA	NA	512.2527418343335	NA	NA	5	c3fb6e34-c4aa-479a-873f-534dd66066b5
beads	380.7554403355536	NA	NA	329.1754105498665	NA	NA	6	c3fb6e34-c4aa-479a-873f-534dd66066b5
beads	273.27722441979626	NA	NA	289.3415398313816	NA	NA	7	c3fb6e34-c4aa-479a-873f-534dd66066b5
beads	178.8746938169635	NA	NA	317.2653502503871	NA	NA	8	c3fb6e34-c4aa-479a-873f-534dd66066b5
croco	409.8789374192903	NA	NA	268.78269495747924	NA	NA	1	c3fb6e34-c4aa-479a-873f-534dd66066b5
croco	172.402738983362	NA	NA	172.72070354274786	NA	NA	2	c3fb6e34-c4aa-479a-873f-534dd66066b5
croco	140.77258299638112	NA	NA	110.99093056203355	NA	NA	3	c3fb6e34-c4aa-479a-873f-534dd66066b5
croco	146.05714984453263	NA	NA	76.77857919397562	NA	NA	4	c3fb6e34-c4aa-479a-873f-534dd66066b5
croco	215.0664240690272	NA	NA	63.85815407716049	NA	NA	5	c3fb6e34-c4aa-479a-873f-534dd66066b5
croco	661.7855033569593	NA	NA	46.68485907494252	NA	NA	6	c3fb6e34-c4aa-479a-873f-534dd66066b5
croco	1129.239368990607	NA	NA	59.32078317503843	NA	NA	7	c3fb6e34-c4aa-479a-873f-534dd66066b5
croco	1382.9678765419008	NA	NA	115.15750177646294	NA	NA	8	c3fb6e34-c4aa-479a-873f-534dd66066b5
croco	1332.9300235493515	NA	NA	329.1754105498665	NA	NA	9	c3fb6e34-c4aa-479a-873f-534dd66066b5
croco	417.50143518347977	NA	NA	273.7812330728213	NA	NA	10	c3fb6e34-c4aa-479a-873f-534dd66066b5
picoeuk	182.20121740530564	NA	NA	NA	2842.5283277373405	NA	1	c3fb6e34-c4aa-479a-873f-534dd66066b5
picoeuk	63.74059648616037	NA	NA	NA	1263.5733982422428	NA	2	c3fb6e34-c4aa-479a-873f-534dd66066b5
picoeuk	18.891203766458236	NA	NA	NA	531.4825790636606	NA	3	c3fb6e34-c4aa-479a-873f-534dd66066b5
picoeuk	6.984440058877789	NA	NA	NA	113.05502325579624	NA	4	c3fb6e34-c4aa-479a-873f-534dd66066b5
picoeuk	7.114329335619154	NA	NA	NA	15.453746638657345	NA	5	c3fb6e34-c4aa-479a-873f-534dd66066b5
picoeuk	23.56612003016728	NA	NA	NA	5.115540453671319	NA	6	c3fb6e34-c4aa-479a-873f-534dd66066b5
picoeuk	75.23803819494198	NA	NA	NA	3.880216493014849	NA	7	c3fb6e34-c4aa-479a-873f-534dd66066b5
picoeuk	511.3097268163849	NA	NA	NA	5.5068216060901465	NA	8	c3fb6e34-c4aa-479a-873f-534dd66066b5
picoeuk	2232.922965171901	NA	NA	NA	8.413090145815614	NA	9	c3fb6e34-c4aa-479a-873f-534dd66066b5
picoeuk	3810.15375435819	NA	NA	NA	14.09359971098103	NA	10	c3fb6e34-c4aa-479a-873f-534dd66066b5
picoeuk	4026.703152392816	NA	NA	NA	3417.657298057703	NA	11	c3fb6e34-c4aa-479a-873f-534dd66066b5
picoeuk	2274.4485200510926	NA	NA	NA	3545.955281025896	NA	12	c3fb6e34-c4aa-479a-873f-534dd66066b5
picoeuk	637.8411108000053	NA	NA	NA	3679.069537540028	NA	13	c3fb6e34-c4aa-479a-873f-534dd66066b5
picoeuk	268.2878882005606	NA	NA	NA	3679.069537540028	NA	14	c3fb6e34-c4aa-479a-873f-534dd66066b5
prochloro	3.4676998029670494	NA	NA	NA	9.056596660419697	NA	1	c3fb6e34-c4aa-479a-873f-534dd66066b5
prochloro	5.496684002029471	NA	NA	NA	11.297789521661432	NA	2	c3fb6e34-c4aa-479a-873f-534dd66066b5
prochloro	7.246634156637542	NA	NA	NA	11.721905657721091	NA	3	c3fb6e34-c4aa-479a-873f-534dd66066b5
prochloro	14.329270013866882	NA	NA	NA	11.939897341388948	NA	4	c3fb6e34-c4aa-479a-873f-534dd66066b5
prochloro	28.33425486813556	NA	NA	NA	11.091521068161857	NA	5	c3fb6e34-c4aa-479a-873f-534dd66066b5
prochloro	59.21157850936845	NA	NA	NA	6.744147956758768	NA	6	c3fb6e34-c4aa-479a-873f-534dd66066b5
prochloro	69.89208214325306	NA	NA	NA	4.665300987854022	NA	7	c3fb6e34-c4aa-479a-873f-534dd66066b5
prochloro	35.34599803393163	NA	NA	NA	2.5870438721136138	NA	8	c3fb6e34-c4aa-479a-873f-534dd66066b5
prochloro	16.004359301550696	NA	NA	NA	1.8228827840775916	NA	9	c3fb6e34-c4aa-479a-873f-534dd66066b5
prochloro	3.2812126752901447	NA	NA	NA	1.9623127588647968	NA	10	c3fb6e34-c4aa-479a-873f-534dd66066b5
prochloro	1.5701441940703906	NA	NA	NA	2.1917067948679363	NA	11	c3fb6e34-c4aa-479a-873f-534dd66066b5
prochloro	1.3302038423704732	NA	NA	NA	3.474095325720544	NA	12	c3fb6e34-c4aa-479a-873f-534dd66066b5
prochloro	2.1477308029858166	NA	NA	NA	6.500134563718772	NA	13	c3fb6e34-c4aa-479a-873f-534dd66066b5
synecho	16.913964161647552	NA	NA	35.41118710666438	NA	NA	1	c3fb6e34-c4aa-479a-873f-534dd66066b5
synecho	54.00012730109496	NA	NA	58.23773890496784	NA	NA	2	c3fb6e34-c4aa-479a-873f-534dd66066b5
synecho	101.03582688602842	NA	NA	51.190327439444914	NA	NA	3	c3fb6e34-c4aa-479a-873f-534dd66066b5
synecho	163.1312064334196	NA	NA	36.74051403563305	NA	NA	4	c3fb6e34-c4aa-479a-873f-534dd66066b5
synecho	182.20121740530564	NA	NA	29.452134515273265	NA	NA	5	c3fb6e34-c4aa-479a-873f-534dd66066b5
synecho	185.58960418372607	NA	NA	19.636523955703925	NA	NA	6	c3fb6e34-c4aa-479a-873f-534dd66066b5
synecho	182.20121740530564	NA	NA	7.395013052354804	NA	NA	7	c3fb6e34-c4aa-479a-873f-534dd66066b5
synecho	151.5400979838286	NA	NA	3.9523766818959887	NA	NA	8	c3fb6e34-c4aa-479a-873f-534dd66066b5
synecho	117.08314205856163	NA	NA	2.7340780416807964	NA	NA	9	c3fb6e34-c4aa-479a-873f-534dd66066b5
synecho	84.03335237945576	NA	NA	2.273982908742503	NA	NA	10	c3fb6e34-c4aa-479a-873f-534dd66066b5
synecho	27.3090790099006	NA	NA	1.8567828425521669	NA	NA	11	c3fb6e34-c4aa-479a-873f-534dd66066b5
synecho	7.8009199431827	NA	NA	1.926485996711239	NA	NA	12	c3fb6e34-c4aa-479a-873f-534dd66066b5
synecho	5.106123165917102	NA	NA	2.447916955627993	NA	NA	13	c3fb6e34-c4aa-479a-873f-534dd66066b5
synecho	5.106123165917102	NA	NA	5.713546284140389	NA	NA	14	c3fb6e34-c4aa-479a-873f-534dd66066b5
synecho	6.608828489532264	NA	NA	14.622669848208536	NA	NA	15	c3fb6e34-c4aa-479a-873f-534dd66066b5
beads	249.2249873869528	NA	NA	551.4342994761647	NA	NA	1	cb60c8d7-7f69-4887-a751-af5c040ca1ae
beads	530.5041635025441	NA	NA	740.5113391784004	NA	NA	2	cb60c8d7-7f69-4887-a751-af5c040ca1ae
beads	520.8185278150542	NA	NA	467.1673001423585	NA	NA	3	cb60c8d7-7f69-4887-a751-af5c040ca1ae
beads	550.419154444523	NA	NA	305.7862138042431	NA	NA	4	cb60c8d7-7f69-4887-a751-af5c040ca1ae
beads	474.979176552978	NA	NA	169.56726964855	NA	NA	5	cb60c8d7-7f69-4887-a751-af5c040ca1ae
beads	263.38964437280185	NA	NA	128.6193946318217	NA	NA	6	cb60c8d7-7f69-4887-a751-af5c040ca1ae
beads	199.7851158524582	NA	NA	175.93278168678071	NA	NA	7	cb60c8d7-7f69-4887-a751-af5c040ca1ae
beads	223.13996275528476	NA	NA	305.7862138042431	NA	NA	8	cb60c8d7-7f69-4887-a751-af5c040ca1ae
beads	299.6506978276504	NA	NA	615.8968776130865	NA	NA	9	cb60c8d7-7f69-4887-a751-af5c040ca1ae
croco	649.7030095147655	NA	NA	128.6193946318217	NA	NA	1	cb60c8d7-7f69-4887-a751-af5c040ca1ae
croco	1029.8504315208013	NA	NA	126.2711367208482	NA	NA	2	cb60c8d7-7f69-4887-a751-af5c040ca1ae
croco	1171.6307267818354	NA	NA	88.97316498397336	NA	NA	3	cb60c8d7-7f69-4887-a751-af5c040ca1ae
croco	1171.6307267818354	NA	NA	49.33818457878757	NA	NA	4	cb60c8d7-7f69-4887-a751-af5c040ca1ae
croco	905.2271223858668	NA	NA	24.048649545364874	NA	NA	5	cb60c8d7-7f69-4887-a751-af5c040ca1ae
croco	649.7030095147655	NA	NA	18.92604505330373	NA	NA	6	cb60c8d7-7f69-4887-a751-af5c040ca1ae
croco	501.97453196189673	NA	NA	20.001703393542886	NA	NA	7	cb60c8d7-7f69-4887-a751-af5c040ca1ae
croco	409.8789374192903	NA	NA	27.359445490884724	NA	NA	8	cb60c8d7-7f69-4887-a751-af5c040ca1ae
croco	231.5165800238944	NA	NA	22.755353172251407	NA	NA	9	cb60c8d7-7f69-4887-a751-af5c040ca1ae
croco	151.5400979838286	NA	NA	34.12995722071388	NA	NA	10	cb60c8d7-7f69-4887-a751-af5c040ca1ae
croco	189.04100461882595	NA	NA	76.77857919397562	NA	NA	11	cb60c8d7-7f69-4887-a751-af5c040ca1ae
croco	739.1481189225052	NA	NA	95.77860867942772	NA	NA	12	cb60c8d7-7f69-4887-a751-af5c040ca1ae
picoeuk	231.5165800238944	NA	NA	NA	3960.476865175275	NA	1	cb60c8d7-7f69-4887-a751-af5c040ca1ae
picoeuk	28.33425486813556	NA	NA	NA	639.01748925518325	NA	2	cb60c8d7-7f69-4887-a751-af5c040ca1ae
picoeuk	10.670533392329148	NA	NA	NA	196.49929468226105	NA	3	cb60c8d7-7f69-4887-a751-af5c040ca1ae
picoeuk	5.917118337418742	NA	NA	NA	84.18833615767545	NA	4	cb60c8d7-7f69-4887-a751-af5c040ca1ae
picoeuk	4.571693011253358	NA	NA	NA	26.36953969867373	NA	5	cb60c8d7-7f69-4887-a751-af5c040ca1ae
picoeuk	9.208039224551351	NA	NA	NA	7.532537734185583	NA	6	cb60c8d7-7f69-4887-a751-af5c040ca1ae
picoeuk	27.816944564070543	NA	NA	NA	4.580124642691136	NA	7	cb60c8d7-7f69-4887-a751-af5c040ca1ae
picoeuk	169.2551103006888	NA	NA	NA	4.930452523908046	NA	8	cb60c8d7-7f69-4887-a751-af5c040ca1ae
picoeuk	2232.922965171901	NA	NA	NA	7.672619955533707	NA	9	cb60c8d7-7f69-4887-a751-af5c040ca1ae
picoeuk	3672.2966741805167	NA	NA	NA	13.33566936000888	NA	10	cb60c8d7-7f69-4887-a751-af5c040ca1ae
picoeuk	3474.806667069927	NA	NA	NA	3611.899231138872	NA	11	cb60c8d7-7f69-4887-a751-af5c040ca1ae
picoeuk	227.28968529997732	NA	NA	NA	3481.2152971030723	NA	12	cb60c8d7-7f69-4887-a751-af5c040ca1ae
prochloro	3.597876368801405	NA	NA	NA	7.259999215976118	NA	1	cb60c8d7-7f69-4887-a751-af5c040ca1ae
prochloro	8.55377212512041	NA	NA	NA	9.396578988299286	NA	2	cb60c8d7-7f69-4887-a751-af5c040ca1ae
prochloro	14.067654557155535	NA	NA	NA	8.891246599371696	NA	3	cb60c8d7-7f69-4887-a751-af5c040ca1ae
prochloro	21.89165529115221	NA	NA	NA	8.413090145815614	NA	4	cb60c8d7-7f69-4887-a751-af5c040ca1ae
prochloro	28.33425486813556	NA	NA	NA	4.930452523908046	NA	5	cb60c8d7-7f69-4887-a751-af5c040ca1ae
prochloro	34.0671267864524	NA	NA	NA	1.9988057894929756	NA	6	cb60c8d7-7f69-4887-a751-af5c040ca1ae
prochloro	16.004359301550696	NA	NA	NA	1.2844396186337808	NA	7	cb60c8d7-7f69-4887-a751-af5c040ca1ae
prochloro	6.608828489532264	NA	NA	NA	0.9390168484002216	NA	8	cb60c8d7-7f69-4887-a751-af5c040ca1ae
prochloro	2.5822813378717067	NA	NA	NA	1.0108410472136713	NA	9	cb60c8d7-7f69-4887-a751-af5c040ca1ae
prochloro	1.7863071441688407	NA	NA	NA	1.8913133386909848	NA	10	cb60c8d7-7f69-4887-a751-af5c040ca1ae
prochloro	2.070022679745746	NA	NA	NA	4.100747894102069	NA	11	cb60c8d7-7f69-4887-a751-af5c040ca1ae
synecho	17.2285122933898	NA	NA	11.297789521661432	NA	NA	1	cb60c8d7-7f69-4887-a751-af5c040ca1ae
synecho	40.959931111136726	NA	NA	15.453746638657345	NA	NA	2	cb60c8d7-7f69-4887-a751-af5c040ca1ae
synecho	93.85683733317391	NA	NA	17.908233829490655	NA	NA	3	cb60c8d7-7f69-4887-a751-af5c040ca1ae
synecho	114.94550632043908	NA	NA	13.836286985243628	NA	NA	4	cb60c8d7-7f69-4887-a751-af5c040ca1ae
synecho	151.5400979838286	NA	NA	8.10869192003611	NA	NA	5	cb60c8d7-7f69-4887-a751-af5c040ca1ae
synecho	148.77336723580336	NA	NA	3.2272473034135465	NA	NA	6	cb60c8d7-7f69-4887-a751-af5c040ca1ae
synecho	99.19117367135549	NA	NA	1.6624434759764075	NA	NA	7	cb60c8d7-7f69-4887-a751-af5c040ca1ae
synecho	38.75717414347067	NA	NA	1.382684763744643	NA	NA	8	cb60c8d7-7f69-4887-a751-af5c040ca1ae
synecho	16.913964161647552	NA	NA	1.382684763744643	NA	NA	9	cb60c8d7-7f69-4887-a751-af5c040ca1ae
synecho	11.486708856189995	NA	NA	1.926485996711239	NA	NA	10	cb60c8d7-7f69-4887-a751-af5c040ca1ae
synecho	11.917916975865896	NA	NA	6.264949941394467	NA	NA	11	cb60c8d7-7f69-4887-a751-af5c040ca1ae
synecho	22.713462445218248	NA	NA	11.507893939105683	NA	NA	12	cb60c8d7-7f69-4887-a751-af5c040ca1ae
beads	NA	NA	NA	740.363298003005	62.6524952098436	NA	1	d4067436-b40f-40b9-8da9-4e2a9c605b35
beads	NA	NA	NA	442.7685547018819	40.315334427728736	NA	2	d4067436-b40f-40b9-8da9-4e2a9c605b35
beads	NA	NA	NA	267.9493926446057	56.320120180713054	NA	3	d4067436-b40f-40b9-8da9-4e2a9c605b35
beads	NA	NA	NA	2580.4347874934842	584.2431193084809	NA	4	d4067436-b40f-40b9-8da9-4e2a9c605b35
beads	NA	NA	NA	3023.3021799179824	366.14829106256303	NA	5	d4067436-b40f-40b9-8da9-4e2a9c605b35
croco	NA	NA	NA	347.59018549801857	1056.7090384460057	NA	1	d4067436-b40f-40b9-8da9-4e2a9c605b35
croco	NA	NA	NA	112.6151500772846	485.01755263757303	NA	2	d4067436-b40f-40b9-8da9-4e2a9c605b35
croco	NA	NA	NA	37.1352746526734	715.374639031224	NA	3	d4067436-b40f-40b9-8da9-4e2a9c605b35
croco	NA	NA	NA	57.51256384941836	3583.3527348687694	NA	4	d4067436-b40f-40b9-8da9-4e2a9c605b35
croco	NA	NA	NA	555.5132683196888	4092.0767824365616	NA	5	d4067436-b40f-40b9-8da9-4e2a9c605b35
picoeuk	58.13638582161482	NA	NA	NA	3768.135697658959	NA	1	d4067436-b40f-40b9-8da9-4e2a9c605b35
picoeuk	27.03929988330393	NA	NA	NA	92.06191316427946	NA	2	d4067436-b40f-40b9-8da9-4e2a9c605b35
picoeuk	33.86364456481908	NA	NA	NA	6.928443110280681	NA	3	d4067436-b40f-40b9-8da9-4e2a9c605b35
picoeuk	3927.209834688599	NA	NA	NA	1.7197119269991992	NA	4	d4067436-b40f-40b9-8da9-4e2a9c605b35
picoeuk	3433.695870657755	NA	NA	NA	3698.078385768206	NA	5	d4067436-b40f-40b9-8da9-4e2a9c605b35
prochloro	25.127593535260345	NA	NA	NA	12.167885535051207	NA	1	d4067436-b40f-40b9-8da9-4e2a9c605b35
prochloro	7.494038503016685	NA	NA	NA	14.950968794232889	NA	2	d4067436-b40f-40b9-8da9-4e2a9c605b35
prochloro	4.799780134059481	NA	NA	NA	14.372904558616801	NA	3	d4067436-b40f-40b9-8da9-4e2a9c605b35
prochloro	1.64564266119983	NA	NA	NA	6.207770401013652	NA	4	d4067436-b40f-40b9-8da9-4e2a9c605b35
prochloro	1.5659548296379053	NA	NA	NA	2.528949693393979	NA	5	d4067436-b40f-40b9-8da9-4e2a9c605b35
prochloro	2.300951237128643	NA	NA	NA	1.8477030686398541	NA	6	d4067436-b40f-40b9-8da9-4e2a9c605b35
prochloro	11.116392005618048	NA	NA	NA	1.9277404942812038	NA	7	d4067436-b40f-40b9-8da9-4e2a9c605b35
prochloro	59.89440669940784	NA	NA	NA	2.732818476267026	NA	8	d4067436-b40f-40b9-8da9-4e2a9c605b35
prochloro	73.79394683598672	NA	NA	NA	7.824115368675572	NA	9	d4067436-b40f-40b9-8da9-4e2a9c605b35
synecho	94.70196617612179	NA	NA	150.1808270930717	NA	NA	1	d4067436-b40f-40b9-8da9-4e2a9c605b35
synecho	19.867215952705667	NA	NA	62.80883227650315	NA	NA	2	d4067436-b40f-40b9-8da9-4e2a9c605b35
synecho	5.853316841955245	NA	NA	7.776519137207742	NA	NA	3	d4067436-b40f-40b9-8da9-4e2a9c605b35
synecho	5.187773596418567	NA	NA	3.100377508167654	NA	NA	4	d4067436-b40f-40b9-8da9-4e2a9c605b35
synecho	12.868245211215317	NA	NA	1.9631524847436201	NA	NA	5	d4067436-b40f-40b9-8da9-4e2a9c605b35
synecho	59.97738516195424	NA	NA	1.8519714235957112	NA	NA	6	d4067436-b40f-40b9-8da9-4e2a9c605b35
synecho	227.5221993579935	NA	NA	2.997670557911105	NA	NA	7	d4067436-b40f-40b9-8da9-4e2a9c605b35
synecho	282.834927409903	NA	NA	30.48098942504658	NA	NA	8	d4067436-b40f-40b9-8da9-4e2a9c605b35
synecho	206.98440944424473	NA	NA	128.54364564677672	NA	NA	9	d4067436-b40f-40b9-8da9-4e2a9c605b35
beads	340.65060482296747	NA	NA	306.26261230105865	NA	NA	1	dea1295d-e5a1-494c-ad9a-4641a7b55c74
beads	397.4547473324925	NA	NA	357.33249102189643	NA	NA	2	dea1295d-e5a1-494c-ad9a-4641a7b55c74
beads	449.6457658604514	NA	NA	351.8638533677184	NA	NA	3	dea1295d-e5a1-494c-ad9a-4641a7b55c74
beads	508.6901492891124	NA	NA	274.9216966971785	NA	NA	4	dea1295d-e5a1-494c-ad9a-4641a7b55c74
beads	493.239243280171	NA	NA	195.8196463786286	NA	NA	5	dea1295d-e5a1-494c-ad9a-4641a7b55c74
beads	397.4547473324925	NA	NA	162.73539887705996	NA	NA	6	dea1295d-e5a1-494c-ad9a-4641a7b55c74
beads	335.43726774542966	NA	NA	152.99971541206656	NA	NA	7	dea1295d-e5a1-494c-ad9a-4641a7b55c74
beads	296.50259075059967	NA	NA	184.10469003523664	NA	NA	8	dea1295d-e5a1-494c-ad9a-4641a7b55c74
beads	250.2373404477684	NA	NA	243.01114742601425	NA	NA	9	dea1295d-e5a1-494c-ad9a-4641a7b55c74
beads	351.3216139705892	NA	NA	357.33249102189643	NA	NA	10	dea1295d-e5a1-494c-ad9a-4641a7b55c74
croco	661.1756015895577	NA	NA	86.47092065434023	NA	NA	1	dea1295d-e5a1-494c-ad9a-4641a7b55c74
croco	549.4682338686913	NA	NA	49.63035655585444	NA	NA	2	dea1295d-e5a1-494c-ad9a-4641a7b55c74
croco	621.620615911761	NA	NA	31.24725145029404	NA	NA	3	dea1295d-e5a1-494c-ad9a-4641a7b55c74
croco	972.2168189458388	NA	NA	43.8696910381907	NA	NA	4	dea1295d-e5a1-494c-ad9a-4641a7b55c74
croco	1066.4739323486135	NA	NA	83.84446116931983	NA	NA	5	dea1295d-e5a1-494c-ad9a-4641a7b55c74
croco	872.7264990457967	NA	NA	129.12616303641354	NA	NA	6	dea1295d-e5a1-494c-ad9a-4641a7b55c74
croco	671.4515357506543	NA	NA	70.76165817362028	NA	NA	7	dea1295d-e5a1-494c-ad9a-4641a7b55c74
picoeuk	224.62968527566488	NA	NA	NA	2866.042232095815	NA	1	dea1295d-e5a1-494c-ad9a-4641a7b55c74
picoeuk	24.003719639044693	NA	NA	NA	192.82281088641943	NA	2	dea1295d-e5a1-494c-ad9a-4641a7b55c74
picoeuk	10.277717156651814	NA	NA	NA	35.350425183493435	NA	3	dea1295d-e5a1-494c-ad9a-4641a7b55c74
picoeuk	11.991546228942608	NA	NA	NA	16.0991952516206	NA	4	dea1295d-e5a1-494c-ad9a-4641a7b55c74
picoeuk	12.559395691096231	NA	NA	NA	9.980923848890209	NA	5	dea1295d-e5a1-494c-ad9a-4641a7b55c74
picoeuk	22.91843658705985	NA	NA	NA	7.000356155615357	NA	6	dea1295d-e5a1-494c-ad9a-4641a7b55c74
picoeuk	70.65261099954797	NA	NA	NA	5.554594369144176	NA	7	dea1295d-e5a1-494c-ad9a-4641a7b55c74
picoeuk	485.6906806218855	NA	NA	NA	7.7983927387807395	NA	8	dea1295d-e5a1-494c-ad9a-4641a7b55c74
picoeuk	1568.1823278171678	NA	NA	NA	13.798301910933706	NA	9	dea1295d-e5a1-494c-ad9a-4641a7b55c74
picoeuk	3237.394464646661	NA	NA	NA	29.3778772921802	NA	10	dea1295d-e5a1-494c-ad9a-4641a7b55c74
picoeuk	3390.698523225173	NA	NA	NA	3556.7432802239614	NA	11	dea1295d-e5a1-494c-ad9a-4641a7b55c74
picoeuk	1544.1827723835368	NA	NA	NA	3292.7841113969507	NA	12	dea1295d-e5a1-494c-ad9a-4641a7b55c74
picoeuk	201.6425502954725	NA	NA	NA	1949.109663667109	NA	13	dea1295d-e5a1-494c-ad9a-4641a7b55c74
prochloro	2.6864793081931877	NA	NA	NA	4.080330116904206	NA	1	dea1295d-e5a1-494c-ad9a-4641a7b55c74
prochloro	7.549872422776176	NA	NA	NA	4.834723900977206	NA	2	dea1295d-e5a1-494c-ad9a-4641a7b55c74
prochloro	15.347612482547952	NA	NA	NA	5.469586527193068	NA	3	dea1295d-e5a1-494c-ad9a-4641a7b55c74
prochloro	20.573113462401555	NA	NA	NA	3.836223409175118	NA	4	dea1295d-e5a1-494c-ad9a-4641a7b55c74
prochloro	11.627316149110714	NA	NA	NA	1.8582529319557408	NA	5	dea1295d-e5a1-494c-ad9a-4641a7b55c74
prochloro	6.673548077217615	NA	NA	NA	1.520662180720978	NA	6	dea1295d-e5a1-494c-ad9a-4641a7b55c74
prochloro	4.469023416310116	NA	NA	NA	1.520662180720978	NA	7	dea1295d-e5a1-494c-ad9a-4641a7b55c74
prochloro	2.099026207100853	NA	NA	NA	2.415284632321644	NA	8	dea1295d-e5a1-494c-ad9a-4641a7b55c74
synecho	22.91843658705985	NA	NA	9.240202307943685	NA	NA	1	dea1295d-e5a1-494c-ad9a-4641a7b55c74
synecho	47.31338851942064	NA	NA	9.383812735072809	NA	NA	2	dea1295d-e5a1-494c-ad9a-4641a7b55c74
synecho	87.67951727604489	NA	NA	9.383812735072809	NA	NA	3	dea1295d-e5a1-494c-ad9a-4641a7b55c74
synecho	113.96241437559875	NA	NA	7.7983927387807395	NA	NA	4	dea1295d-e5a1-494c-ad9a-4641a7b55c74
synecho	119.3590074815588	NA	NA	4.909864762760489	NA	NA	5	dea1295d-e5a1-494c-ad9a-4641a7b55c74
synecho	107.14458616536746	NA	NA	2.2360373620525027	NA	NA	6	dea1295d-e5a1-494c-ad9a-4641a7b55c74
synecho	85.01634799267129	NA	NA	1.5682974991709453	NA	NA	7	dea1295d-e5a1-494c-ad9a-4641a7b55c74
synecho	25.927927746933868	NA	NA	1.4744737328839077	NA	NA	8	dea1295d-e5a1-494c-ad9a-4641a7b55c74
synecho	15.586143751731994	NA	NA	2.452822777713542	NA	NA	9	dea1295d-e5a1-494c-ad9a-4641a7b55c74
synecho	15.586143751731994	NA	NA	5.817627456352503	NA	NA	10	dea1295d-e5a1-494c-ad9a-4641a7b55c74
beads	NA	NA	NA	844.8216020434695	81.09485790704596	NA	1	e13ef9be-7042-4e0b-b520-e3309e477ef7
beads	NA	NA	NA	323.66913947969806	42.90371052850188	NA	2	e13ef9be-7042-4e0b-b520-e3309e477ef7
beads	NA	NA	NA	208.60108508908078	68.25552200082831	NA	3	e13ef9be-7042-4e0b-b520-e3309e477ef7
beads	NA	NA	NA	1513.2369265204566	462.19121302406296	NA	4	e13ef9be-7042-4e0b-b520-e3309e477ef7
beads	NA	NA	NA	2655.9231082034366	317.3716711714126	NA	5	e13ef9be-7042-4e0b-b520-e3309e477ef7
croco	NA	NA	NA	240.6513630490435	494.9819305726312	NA	1	e13ef9be-7042-4e0b-b520-e3309e477ef7
croco	NA	NA	NA	59.05862606741585	193.1486189521954	NA	2	e13ef9be-7042-4e0b-b520-e3309e477ef7
croco	NA	NA	NA	33.20844518974057	290.3414816735308	NA	3	e13ef9be-7042-4e0b-b520-e3309e477ef7
croco	NA	NA	NA	195.67458366173562	2704.527615728208	NA	4	e13ef9be-7042-4e0b-b520-e3309e477ef7
croco	NA	NA	NA	450.7310642703301	1528.197180864215	NA	5	e13ef9be-7042-4e0b-b520-e3309e477ef7
picoeuk	91.15017364445396	NA	NA	NA	3584.9489843310507	NA	1	e13ef9be-7042-4e0b-b520-e3309e477ef7
picoeuk	14.457880706239504	NA	NA	NA	271.21462796334515	NA	2	e13ef9be-7042-4e0b-b520-e3309e477ef7
picoeuk	16.02457901786265	NA	NA	NA	12.15159084385861	NA	3	e13ef9be-7042-4e0b-b520-e3309e477ef7
picoeuk	49.89789349463202	NA	NA	NA	2.129569401005095	NA	4	e13ef9be-7042-4e0b-b520-e3309e477ef7
picoeuk	3960.5253552386653	NA	NA	NA	2.229415288887978	NA	5	e13ef9be-7042-4e0b-b520-e3309e477ef7
picoeuk	3571.5147335737165	NA	NA	NA	3582.381363134751	NA	6	e13ef9be-7042-4e0b-b520-e3309e477ef7
prochloro	12.853812990433546	NA	NA	NA	12.684158729862952	NA	1	e13ef9be-7042-4e0b-b520-e3309e477ef7
prochloro	33.842888963404086	NA	NA	NA	7.853239960909662	NA	2	e13ef9be-7042-4e0b-b520-e3309e477ef7
prochloro	54.67272150776919	NA	NA	NA	3.5955873050290177	NA	3	e13ef9be-7042-4e0b-b520-e3309e477ef7
prochloro	30.147181773748947	NA	NA	NA	1.7941300896964412	NA	4	e13ef9be-7042-4e0b-b520-e3309e477ef7
prochloro	9.537928483791386	NA	NA	NA	1.48774097780782	NA	5	e13ef9be-7042-4e0b-b520-e3309e477ef7
prochloro	4.106202112976559	NA	NA	NA	1.6593729860008708	NA	6	e13ef9be-7042-4e0b-b520-e3309e477ef7
prochloro	1.8027299037817561	NA	NA	NA	2.1840930874755724	NA	7	e13ef9be-7042-4e0b-b520-e3309e477ef7
prochloro	2.40711441702563	NA	NA	NA	5.6492914933494	NA	8	e13ef9be-7042-4e0b-b520-e3309e477ef7
synecho	64.44519088360323	NA	NA	38.331653619147495	NA	NA	1	e13ef9be-7042-4e0b-b520-e3309e477ef7
synecho	15.50232038241241	NA	NA	14.434900562323847	NA	NA	2	e13ef9be-7042-4e0b-b520-e3309e477ef7
synecho	15.084590461480486	NA	NA	3.5460102307493955	NA	NA	3	e13ef9be-7042-4e0b-b520-e3309e477ef7
synecho	27.23829681598434	NA	NA	2.22318060410712	NA	NA	4	e13ef9be-7042-4e0b-b520-e3309e477ef7
synecho	53.590259366200584	NA	NA	1.7864075277475513	NA	NA	5	e13ef9be-7042-4e0b-b520-e3309e477ef7
synecho	179.4346781271003	NA	NA	2.672406130711782	NA	NA	6	e13ef9be-7042-4e0b-b520-e3309e477ef7
synecho	193.1173293100535	NA	NA	9.5379499906942	NA	NA	7	e13ef9be-7042-4e0b-b520-e3309e477ef7
synecho	125.60512937711074	NA	NA	27.25862602987749	NA	NA	8	e13ef9be-7042-4e0b-b520-e3309e477ef7
beads	330.3037158879956	NA	NA	320.7654175567456	NA	NA	1	e26c436c-f0c3-41bf-bdb9-f2a89af7d4a1
beads	456.6341215630658	NA	NA	385.9773046914471	NA	NA	2	e26c436c-f0c3-41bf-bdb9-f2a89af7d4a1
beads	516.596167705288	NA	NA	351.8638533677184	NA	NA	3	e26c436c-f0c3-41bf-bdb9-f2a89af7d4a1
beads	558.0080217575279	NA	NA	243.01114742601425	NA	NA	4	e26c436c-f0c3-41bf-bdb9-f2a89af7d4a1
beads	385.3824947983636	NA	NA	167.83314684953586	NA	NA	5	e26c436c-f0c3-41bf-bdb9-f2a89af7d4a1
beads	278.7642536093421	NA	NA	127.15000857225876	NA	NA	6	e26c436c-f0c3-41bf-bdb9-f2a89af7d4a1
beads	167.57450776656395	NA	NA	133.17108897357704	NA	NA	7	e26c436c-f0c3-41bf-bdb9-f2a89af7d4a1
beads	262.08711665436414	NA	NA	224.97638488160337	NA	NA	8	e26c436c-f0c3-41bf-bdb9-f2a89af7d4a1
croco	493.239243280171	NA	NA	115.91223480805046	NA	NA	1	e26c436c-f0c3-41bf-bdb9-f2a89af7d4a1
croco	422.7456022943245	NA	NA	43.8696910381907	NA	NA	2	e26c436c-f0c3-41bf-bdb9-f2a89af7d4a1
croco	416.275878502252	NA	NA	31.24725145029404	NA	NA	3	e26c436c-f0c3-41bf-bdb9-f2a89af7d4a1
croco	478.2576416146119	NA	NA	22.602523065927365	NA	NA	4	e26c436c-f0c3-41bf-bdb9-f2a89af7d4a1
croco	612.1072971058884	NA	NA	20.60486656894928	NA	NA	5	e26c436c-f0c3-41bf-bdb9-f2a89af7d4a1
croco	928.2598634271516	NA	NA	33.23557769293962	NA	NA	6	e26c436c-f0c3-41bf-bdb9-f2a89af7d4a1
croco	1344.0580645441837	NA	NA	102.45813815285904	NA	NA	7	e26c436c-f0c3-41bf-bdb9-f2a89af7d4a1
croco	1050.1525519810982	NA	NA	127.15000857225876	NA	NA	8	e26c436c-f0c3-41bf-bdb9-f2a89af7d4a1
croco	747.996625377526	NA	NA	135.24082254989773	NA	NA	9	e26c436c-f0c3-41bf-bdb9-f2a89af7d4a1
croco	651.0569309348517	NA	NA	119.54322944139577	NA	NA	10	e26c436c-f0c3-41bf-bdb9-f2a89af7d4a1
picoeuk	296.50259075059967	NA	NA	NA	2105.35597358871	NA	1	e26c436c-f0c3-41bf-bdb9-f2a89af7d4a1
picoeuk	90.42611134534933	NA	NA	NA	973.7173650005652	NA	2	e26c436c-f0c3-41bf-bdb9-f2a89af7d4a1
picoeuk	17.906856336210538	NA	NA	NA	143.846471497316	NA	3	e26c436c-f0c3-41bf-bdb9-f2a89af7d4a1
picoeuk	12.367185953902652	NA	NA	NA	43.19830668239788	NA	4	e26c436c-f0c3-41bf-bdb9-f2a89af7d4a1
picoeuk	14.8814455668707	NA	NA	NA	11.118743438085389	NA	5	e26c436c-f0c3-41bf-bdb9-f2a89af7d4a1
picoeuk	24.003719639044693	NA	NA	NA	5.99986683865583	NA	6	e26c436c-f0c3-41bf-bdb9-f2a89af7d4a1
picoeuk	63.4224842077281	NA	NA	NA	5.222289456214469	NA	7	e26c436c-f0c3-41bf-bdb9-f2a89af7d4a1
picoeuk	914.05371937492	NA	NA	NA	11.291549989399746	NA	8	e26c436c-f0c3-41bf-bdb9-f2a89af7d4a1
picoeuk	2235.873153762798	NA	NA	NA	39.380353361397525	NA	9	e26c436c-f0c3-41bf-bdb9-f2a89af7d4a1
picoeuk	3956.104013170557	NA	NA	NA	123.2879663561249	NA	10	e26c436c-f0c3-41bf-bdb9-f2a89af7d4a1
picoeuk	3187.8491875850605	NA	NA	NA	3448.7110995389744	NA	11	e26c436c-f0c3-41bf-bdb9-f2a89af7d4a1
picoeuk	1002.671878827016	NA	NA	NA	3502.310669931925	NA	12	e26c436c-f0c3-41bf-bdb9-f2a89af7d4a1
picoeuk	478.2576416146119	NA	NA	NA	3668.159609863927	NA	13	e26c436c-f0c3-41bf-bdb9-f2a89af7d4a1
prochloro	4.201663040638513	NA	NA	NA	6.683848214021623	NA	1	e26c436c-f0c3-41bf-bdb9-f2a89af7d4a1
prochloro	9.965542757371956	NA	NA	NA	7.109155087073786	NA	2	e26c436c-f0c3-41bf-bdb9-f2a89af7d4a1
prochloro	20.258261312734412	NA	NA	NA	6.480833646750764	NA	3	e26c436c-f0c3-41bf-bdb9-f2a89af7d4a1
prochloro	27.155722690534983	NA	NA	NA	3.9563945596502568	NA	4	e26c436c-f0c3-41bf-bdb9-f2a89af7d4a1
prochloro	22.222314183130063	NA	NA	NA	2.2360373620525027	NA	5	e26c436c-f0c3-41bf-bdb9-f2a89af7d4a1
prochloro	10.437452550054433	NA	NA	NA	1.520662180720978	NA	6	e26c436c-f0c3-41bf-bdb9-f2a89af7d4a1
prochloro	6.08372646148631	NA	NA	NA	1.592671843607957	NA	7	e26c436c-f0c3-41bf-bdb9-f2a89af7d4a1
prochloro	3.1831703192330814	NA	NA	NA	1.592671843607957	NA	8	e26c436c-f0c3-41bf-bdb9-f2a89af7d4a1
prochloro	1.614932481000304	NA	NA	NA	1.592671843607957	NA	9	e26c436c-f0c3-41bf-bdb9-f2a89af7d4a1
prochloro	2.6453652693887677	NA	NA	NA	3.895845662454226	NA	10	e26c436c-f0c3-41bf-bdb9-f2a89af7d4a1
synecho	16.577921818756955	NA	NA	9.09878970331618	NA	NA	1	e26c436c-f0c3-41bf-bdb9-f2a89af7d4a1
synecho	42.47164533248827	NA	NA	15.136057113929295	NA	NA	2	e26c436c-f0c3-41bf-bdb9-f2a89af7d4a1
synecho	83.7152527563444	NA	NA	15.61019983270006	NA	NA	3	e26c436c-f0c3-41bf-bdb9-f2a89af7d4a1
synecho	119.3590074815588	NA	NA	12.010054309684747	NA	NA	4	e26c436c-f0c3-41bf-bdb9-f2a89af7d4a1
synecho	145.85700125900036	NA	NA	6.581558204194987	NA	NA	5	e26c436c-f0c3-41bf-bdb9-f2a89af7d4a1
synecho	128.9271733074933	NA	NA	4.143746255576052	NA	NA	6	e26c436c-f0c3-41bf-bdb9-f2a89af7d4a1
synecho	87.67951727604489	NA	NA	2.9063140894272337	NA	NA	7	e26c436c-f0c3-41bf-bdb9-f2a89af7d4a1
synecho	66.42580194992904	NA	NA	2.007215901526585	NA	NA	8	e26c436c-f0c3-41bf-bdb9-f2a89af7d4a1
synecho	40.55136974343812	NA	NA	1.8298141187775223	NA	NA	9	e26c436c-f0c3-41bf-bdb9-f2a89af7d4a1
synecho	20.258261312734412	NA	NA	1.8298141187775223	NA	NA	10	e26c436c-f0c3-41bf-bdb9-f2a89af7d4a1
synecho	12.177917805936834	NA	NA	3.188083311449394	NA	NA	11	e26c436c-f0c3-41bf-bdb9-f2a89af7d4a1
synecho	14.653699040539305	NA	NA	5.90804452039954	NA	NA	12	e26c436c-f0c3-41bf-bdb9-f2a89af7d4a1
beads	345.9449671356162	NA	NA	704.3329630808922	NA	NA	1	e29cb5d7-1344-4a8f-b3f3-c53af5780695
beads	442.76436036834576	NA	NA	887.6582637781005	NA	NA	2	e29cb5d7-1344-4a8f-b3f3-c53af5780695
beads	508.6901492891124	NA	NA	760.7943456746691	NA	NA	3	e29cb5d7-1344-4a8f-b3f3-c53af5780695
beads	500.9051250480869	NA	NA	632.2561274949347	NA	NA	4	e29cb5d7-1344-4a8f-b3f3-c53af5780695
beads	493.239243280171	NA	NA	471.66521743257647	NA	NA	5	e29cb5d7-1344-4a8f-b3f3-c53af5780695
beads	422.7456022943245	NA	NA	404.2549313367532	NA	NA	6	e29cb5d7-1344-4a8f-b3f3-c53af5780695
beads	262.08711665436414	NA	NA	385.9773046914471	NA	NA	7	e29cb5d7-1344-4a8f-b3f3-c53af5780695
beads	221.19193923798585	NA	NA	464.4468249465157	NA	NA	8	e29cb5d7-1344-4a8f-b3f3-c53af5780695
beads	310.54321849537826	NA	NA	603.6698554503447	NA	NA	9	e29cb5d7-1344-4a8f-b3f3-c53af5780695
croco	211.1911615876684	NA	NA	146.08212094786848	NA	NA	1	e29cb5d7-1344-4a8f-b3f3-c53af5780695
croco	195.5178787319037	NA	NA	108.97775813242752	NA	NA	2	e29cb5d7-1344-4a8f-b3f3-c53af5780695
croco	198.5566007360669	NA	NA	60.64841800708112	NA	NA	3	e29cb5d7-1344-4a8f-b3f3-c53af5780695
croco	379.48457822131735	NA	NA	60.64841800708112	NA	NA	4	e29cb5d7-1344-4a8f-b3f3-c53af5780695
croco	493.239243280171	NA	NA	87.81484424340968	NA	NA	5	e29cb5d7-1344-4a8f-b3f3-c53af5780695
croco	593.5152085266478	NA	NA	146.08212094786848	NA	NA	6	e29cb5d7-1344-4a8f-b3f3-c53af5780695
croco	470.9383582775374	NA	NA	186.9660292452779	NA	NA	7	e29cb5d7-1344-4a8f-b3f3-c53af5780695
croco	246.40769333524156	NA	NA	178.51271176415136	NA	NA	8	e29cb5d7-1344-4a8f-b3f3-c53af5780695
picoeuk	435.98826831437736	NA	NA	NA	2736.459521268499	NA	1	e29cb5d7-1344-4a8f-b3f3-c53af5780695
picoeuk	79.93022500334136	NA	NA	NA	550.3162981836291	NA	2	e29cb5d7-1344-4a8f-b3f3-c53af5780695
picoeuk	27.577774589900347	NA	NA	NA	91.9732414276169	NA	3	e29cb5d7-1344-4a8f-b3f3-c53af5780695
picoeuk	16.577921818756955	NA	NA	NA	22.602523065927365	NA	4	e29cb5d7-1344-4a8f-b3f3-c53af5780695
picoeuk	15.828382253323891	NA	NA	NA	14.23053894157024	NA	5	e29cb5d7-1344-4a8f-b3f3-c53af5780695
picoeuk	23.63636528880633	NA	NA	NA	6.683848214021623	NA	6	e29cb5d7-1344-4a8f-b3f3-c53af5780695
picoeuk	34.22387268328286	NA	NA	NA	4.4074212682706095	NA	7	e29cb5d7-1344-4a8f-b3f3-c53af5780695
picoeuk	69.57133924680832	NA	NA	NA	4.339969831552498	NA	8	e29cb5d7-1344-4a8f-b3f3-c53af5780695
picoeuk	266.1604520114719	NA	NA	NA	7.7983927387807395	NA	9	e29cb5d7-1344-4a8f-b3f3-c53af5780695
picoeuk	1520.5505075709004	NA	NA	NA	15.371300407824886	NA	10	e29cb5d7-1344-4a8f-b3f3-c53af5780695
picoeuk	3496.91343799677	NA	NA	NA	39.380353361397525	NA	11	e29cb5d7-1344-4a8f-b3f3-c53af5780695
picoeuk	3606.455575180696	NA	NA	NA	3448.7110995389744	NA	12	e29cb5d7-1344-4a8f-b3f3-c53af5780695
picoeuk	1018.2553186684702	NA	NA	NA	3343.9602779918355	NA	13	e29cb5d7-1344-4a8f-b3f3-c53af5780695
picoeuk	283.0967835902882	NA	NA	NA	2205.05331323277	NA	14	e29cb5d7-1344-4a8f-b3f3-c53af5780695
prochloro	3.88984197385962	NA	NA	NA	6.187814938595598	NA	1	e29cb5d7-1344-4a8f-b3f3-c53af5780695
prochloro	10.599670537161142	NA	NA	NA	9.980923848890209	NA	2	e29cb5d7-1344-4a8f-b3f3-c53af5780695
prochloro	15.586143751731994	NA	NA	NA	9.677764221193234	NA	3	e29cb5d7-1344-4a8f-b3f3-c53af5780695
prochloro	20.258261312734412	NA	NA	NA	7.109155087073786	NA	4	e29cb5d7-1344-4a8f-b3f3-c53af5780695
prochloro	28.88369662608217	NA	NA	NA	4.080330116904206	NA	5	e29cb5d7-1344-4a8f-b3f3-c53af5780695
prochloro	25.14039534595394	NA	NA	NA	2.5689741120361407	NA	6	e29cb5d7-1344-4a8f-b3f3-c53af5780695
prochloro	15.586143751731994	NA	NA	NA	2.134939136896884	NA	7	e29cb5d7-1344-4a8f-b3f3-c53af5780695
prochloro	8.15509219487367	NA	NA	NA	1.6174250120034637	NA	8	e29cb5d7-1344-4a8f-b3f3-c53af5780695
prochloro	4.266964925143795	NA	NA	NA	1.747082513790703	NA	9	e29cb5d7-1344-4a8f-b3f3-c53af5780695
prochloro	1.614932481000304	NA	NA	NA	1.8018105348843367	NA	10	e29cb5d7-1344-4a8f-b3f3-c53af5780695
prochloro	1.7443901742396355	NA	NA	NA	3.1392926952034768	NA	11	e29cb5d7-1344-4a8f-b3f3-c53af5780695
prochloro	3.491780950023887	NA	NA	NA	6.187814938595598	NA	12	e29cb5d7-1344-4a8f-b3f3-c53af5780695
synecho	19.342322116809623	NA	NA	13.587131879409146	NA	NA	1	e29cb5d7-1344-4a8f-b3f3-c53af5780695
synecho	45.17420261555859	NA	NA	22.602523065927365	NA	NA	2	e29cb5d7-1344-4a8f-b3f3-c53af5780695
synecho	105.50483905849364	NA	NA	20.60486656894928	NA	NA	3	e29cb5d7-1344-4a8f-b3f3-c53af5780695
synecho	139.26235118559086	NA	NA	15.371300407824886	NA	NA	4	e29cb5d7-1344-4a8f-b3f3-c53af5780695
synecho	145.85700125900036	NA	NA	5.90804452039954	NA	NA	5	e29cb5d7-1344-4a8f-b3f3-c53af5780695
synecho	141.42675463372495	NA	NA	3.662775780548717	NA	NA	6	e29cb5d7-1344-4a8f-b3f3-c53af5780695
synecho	89.04222476954472	NA	NA	2.951483772280958	NA	NA	7	e29cb5d7-1344-4a8f-b3f3-c53af5780695
synecho	20.892859017016924	NA	NA	2.9063140894272337	NA	NA	8	e29cb5d7-1344-4a8f-b3f3-c53af5780695
synecho	13.56619344504458	NA	NA	5.469586527193068	NA	NA	9	e29cb5d7-1344-4a8f-b3f3-c53af5780695
synecho	16.074385604809912	NA	NA	9.529655143071288	NA	NA	10	e29cb5d7-1344-4a8f-b3f3-c53af5780695
beads	435.98826831437736	NA	NA	450.3397614454264	NA	NA	1	e6a0db0d-5b55-4bf5-83bd-89823a1de4b0
beads	541.0591394006361	NA	NA	494.0005222316541	NA	NA	2	e6a0db0d-5b55-4bf5-83bd-89823a1de4b0
beads	661.1756015895577	NA	NA	494.0005222316541	NA	NA	3	e6a0db0d-5b55-4bf5-83bd-89823a1de4b0
beads	681.8871775939891	NA	NA	385.9773046914471	NA	NA	4	e6a0db0d-5b55-4bf5-83bd-89823a1de4b0
beads	661.1756015895577	NA	NA	335.95499080773016	NA	NA	5	e6a0db0d-5b55-4bf5-83bd-89823a1de4b0
beads	612.1072971058884	NA	NA	258.4744416121019	NA	NA	6	e6a0db0d-5b55-4bf5-83bd-89823a1de4b0
beads	593.5152085266478	NA	NA	186.9660292452779	NA	NA	7	e6a0db0d-5b55-4bf5-83bd-89823a1de4b0
beads	435.98826831437736	NA	NA	125.20409729332988	NA	NA	8	e6a0db0d-5b55-4bf5-83bd-89823a1de4b0
beads	416.275878502252	NA	NA	184.10469003523664	NA	NA	9	e6a0db0d-5b55-4bf5-83bd-89823a1de4b0
beads	373.67692370967234	NA	NA	254.51873341439463	NA	NA	10	e6a0db0d-5b55-4bf5-83bd-89823a1de4b0
beads	379.48457822131735	NA	NA	357.33249102189643	NA	NA	11	e6a0db0d-5b55-4bf5-83bd-89823a1de4b0
beads	463.7310896871333	NA	NA	450.3397614454264	NA	NA	12	e6a0db0d-5b55-4bf5-83bd-89823a1de4b0
croco	671.4515357506543	NA	NA	258.4744416121019	NA	NA	1	e6a0db0d-5b55-4bf5-83bd-89823a1de4b0
croco	795.5931738936182	NA	NA	243.01114742601425	NA	NA	2	e6a0db0d-5b55-4bf5-83bd-89823a1de4b0
croco	987.3269288739403	NA	NA	178.51271176415136	NA	NA	3	e6a0db0d-5b55-4bf5-83bd-89823a1de4b0
croco	1066.4739323486135	NA	NA	133.17108897357704	NA	NA	4	e6a0db0d-5b55-4bf5-83bd-89823a1de4b0
croco	972.2168189458388	NA	NA	87.81484424340968	NA	NA	5	e6a0db0d-5b55-4bf5-83bd-89823a1de4b0
croco	651.0569309348517	NA	NA	53.6088705494468	NA	NA	6	e6a0db0d-5b55-4bf5-83bd-89823a1de4b0
croco	463.7310896871333	NA	NA	46.661208816538164	NA	NA	7	e6a0db0d-5b55-4bf5-83bd-89823a1de4b0
croco	416.275878502252	NA	NA	68.61235032677999	NA	NA	8	e6a0db0d-5b55-4bf5-83bd-89823a1de4b0
croco	692.4850092825844	NA	NA	274.9216966971785	NA	NA	9	e6a0db0d-5b55-4bf5-83bd-89823a1de4b0
picoeuk	362.3268965192164	NA	NA	NA	2572.750187603705	NA	1	e6a0db0d-5b55-4bf5-83bd-89823a1de4b0
picoeuk	87.67951727604489	NA	NA	NA	874.0734890170454	NA	2	e6a0db0d-5b55-4bf5-83bd-89823a1de4b0
picoeuk	18.467795389491123	NA	NA	NA	184.10469003523664	NA	3	e6a0db0d-5b55-4bf5-83bd-89823a1de4b0
picoeuk	13.154135181067122	NA	NA	NA	34.27669474532872	NA	4	e6a0db0d-5b55-4bf5-83bd-89823a1de4b0
picoeuk	24.75564524322292	NA	NA	NA	14.012753928870833	NA	5	e6a0db0d-5b55-4bf5-83bd-89823a1de4b0
picoeuk	48.795498325032455	NA	NA	NA	6.187814938595598	NA	6	e6a0db0d-5b55-4bf5-83bd-89823a1de4b0
picoeuk	549.4682338686913	NA	NA	NA	7.109155087073786	NA	7	e6a0db0d-5b55-4bf5-83bd-89823a1de4b0
picoeuk	1497.2799123417874	NA	NA	NA	16.0991952516206	NA	8	e6a0db0d-5b55-4bf5-83bd-89823a1de4b0
picoeuk	3390.698523225173	NA	NA	NA	127.15000857225876	NA	9	e6a0db0d-5b55-4bf5-83bd-89823a1de4b0
picoeuk	3719.429161278523	NA	NA	NA	1595.0128750755864	NA	10	e6a0db0d-5b55-4bf5-83bd-89823a1de4b0
picoeuk	3719.429161278523	NA	NA	NA	3668.159609863927	NA	11	e6a0db0d-5b55-4bf5-83bd-89823a1de4b0
picoeuk	532.7787382134903	NA	NA	NA	3612.0218774493146	NA	12	e6a0db0d-5b55-4bf5-83bd-89823a1de4b0
prochloro	4.5384805927092335	NA	NA	NA	8.959541285584272	NA	1	e6a0db0d-5b55-4bf5-83bd-89823a1de4b0
prochloro	7.907390203448575	NA	NA	NA	11.826251725601688	NA	2	e6a0db0d-5b55-4bf5-83bd-89823a1de4b0
prochloro	13.35857561526014	NA	NA	NA	13.174437633426152	NA	3	e6a0db0d-5b55-4bf5-83bd-89823a1de4b0
prochloro	22.222314183130063	NA	NA	NA	13.174437633426152	NA	4	e6a0db0d-5b55-4bf5-83bd-89823a1de4b0
prochloro	33.18436004316124	NA	NA	NA	10.781023786860626	NA	5	e6a0db0d-5b55-4bf5-83bd-89823a1de4b0
prochloro	45.17420261555859	NA	NA	NA	8.167678987429085	NA	6	e6a0db0d-5b55-4bf5-83bd-89823a1de4b0
prochloro	41.18161563367368	NA	NA	NA	4.760732999403087	NA	7	e6a0db0d-5b55-4bf5-83bd-89823a1de4b0
prochloro	31.68399159662996	NA	NA	NA	2.7749105622893184	NA	8	e6a0db0d-5b55-4bf5-83bd-89823a1de4b0
prochloro	20.258261312734412	NA	NA	NA	2.2018169135304584	NA	9	e6a0db0d-5b55-4bf5-83bd-89823a1de4b0
prochloro	8.94573419452121	NA	NA	NA	2.1681201767839524	NA	10	e6a0db0d-5b55-4bf5-83bd-89823a1de4b0
prochloro	4.827273355124713	NA	NA	NA	2.2360373620525027	NA	11	e6a0db0d-5b55-4bf5-83bd-89823a1de4b0
prochloro	2.5650151973581545	NA	NA	NA	2.415284632321644	NA	12	e6a0db0d-5b55-4bf5-83bd-89823a1de4b0
prochloro	3.950297562245448	NA	NA	NA	8.822423933903249	NA	13	e6a0db0d-5b55-4bf5-83bd-89823a1de4b0
synecho	43.13173598026896	NA	NA	34.80942017805217	NA	NA	1	e6a0db0d-5b55-4bf5-83bd-89823a1de4b0
synecho	121.21407487888176	NA	NA	66.52832535119678	NA	NA	2	e6a0db0d-5b55-4bf5-83bd-89823a1de4b0
synecho	186.6779054553201	NA	NA	32.22608343046152	NA	NA	3	e6a0db0d-5b55-4bf5-83bd-89823a1de4b0
synecho	195.5178787319037	NA	NA	16.861558936019726	NA	NA	4	e6a0db0d-5b55-4bf5-83bd-89823a1de4b0
synecho	121.21407487888176	NA	NA	6.787728006356553	NA	NA	5	e6a0db0d-5b55-4bf5-83bd-89823a1de4b0
synecho	96.18010895676674	NA	NA	3.443649359077221	NA	NA	6	e6a0db0d-5b55-4bf5-83bd-89823a1de4b0
synecho	69.57133924680832	NA	NA	2.1681201767839524	NA	NA	7	e6a0db0d-5b55-4bf5-83bd-89823a1de4b0
synecho	39.31966631195769	NA	NA	2.1681201767839524	NA	NA	8	e6a0db0d-5b55-4bf5-83bd-89823a1de4b0
synecho	23.63636528880633	NA	NA	2.2360373620525027	NA	NA	9	e6a0db0d-5b55-4bf5-83bd-89823a1de4b0
synecho	16.074385604809912	NA	NA	3.043940118716728	NA	NA	10	e6a0db0d-5b55-4bf5-83bd-89823a1de4b0
synecho	17.906856336210538	NA	NA	9.09878970331618	NA	NA	11	e6a0db0d-5b55-4bf5-83bd-89823a1de4b0
synecho	21.547335734609785	NA	NA	21.58059248248369	NA	NA	12	e6a0db0d-5b55-4bf5-83bd-89823a1de4b0
beads	NA	NA	NA	696.8543039764764	69.11826138270014	NA	1	ea517dfd-3894-444c-936f-00fc668e2c75
beads	NA	NA	NA	462.74662691108836	46.9104410108569	NA	2	ea517dfd-3894-444c-936f-00fc668e2c75
beads	NA	NA	NA	360.1028266863036	66.71612842214668	NA	3	ea517dfd-3894-444c-936f-00fc668e2c75
beads	NA	NA	NA	447.34859451801947	125.24117293703108	NA	4	ea517dfd-3894-444c-936f-00fc668e2c75
beads	NA	NA	NA	1763.7089175226852	370.19037579049	NA	5	ea517dfd-3894-444c-936f-00fc668e2c75
beads	NA	NA	NA	2177.808253045188	293.1571966683175	NA	6	ea517dfd-3894-444c-936f-00fc668e2c75
croco	NA	NA	NA	528.4315381686401	1222.8859992272858	NA	1	ea517dfd-3894-444c-936f-00fc668e2c75
croco	NA	NA	NA	148.471533161499	446.70380587694024	NA	2	ea517dfd-3894-444c-936f-00fc668e2c75
croco	NA	NA	NA	57.98381538933963	734.2252228099879	NA	3	ea517dfd-3894-444c-936f-00fc668e2c75
croco	NA	NA	NA	179.35433378635523	3729.986913177913	NA	4	ea517dfd-3894-444c-936f-00fc668e2c75
croco	NA	NA	NA	701.5413585632363	3487.5842964978674	NA	5	ea517dfd-3894-444c-936f-00fc668e2c75
picoeuk	94.48652792313186	NA	NA	NA	3841.3732150379615	NA	1	ea517dfd-3894-444c-936f-00fc668e2c75
picoeuk	18.489637876161606	NA	NA	NA	279.9901456556981	NA	2	ea517dfd-3894-444c-936f-00fc668e2c75
picoeuk	14.382649353137372	NA	NA	NA	22.477733689622493	NA	3	ea517dfd-3894-444c-936f-00fc668e2c75
picoeuk	38.103848082575794	NA	NA	NA	2.837848423967828	NA	4	ea517dfd-3894-444c-936f-00fc668e2c75
picoeuk	3676.0973224579375	NA	NA	NA	2.531107395780105	NA	5	ea517dfd-3894-444c-936f-00fc668e2c75
picoeuk	3405.0745171597946	NA	NA	NA	3634.728877566003	NA	6	ea517dfd-3894-444c-936f-00fc668e2c75
prochloro	29.896633736799746	NA	NA	NA	14.710564201987932	NA	1	ea517dfd-3894-444c-936f-00fc668e2c75
prochloro	6.829619451748149	NA	NA	NA	14.45842101510312	NA	2	ea517dfd-3894-444c-936f-00fc668e2c75
prochloro	1.7229876575563234	NA	NA	NA	4.732648453120524	NA	3	ea517dfd-3894-444c-936f-00fc668e2c75
prochloro	1.4608968390298886	NA	NA	NA	2.5570330877828917	NA	4	ea517dfd-3894-444c-936f-00fc668e2c75
prochloro	2.6031582941262896	NA	NA	NA	1.931294552073084	NA	5	ea517dfd-3894-444c-936f-00fc668e2c75
prochloro	6.3064968894784235	NA	NA	NA	1.781602258945918	NA	6	ea517dfd-3894-444c-936f-00fc668e2c75
prochloro	15.73859198442894	NA	NA	NA	1.7670791120769265	NA	7	ea517dfd-3894-444c-936f-00fc668e2c75
prochloro	23.05680727334891	NA	NA	NA	2.2557280180156205	NA	8	ea517dfd-3894-444c-936f-00fc668e2c75
prochloro	73.41264486756502	NA	NA	NA	3.39531112616011	NA	9	ea517dfd-3894-444c-936f-00fc668e2c75
prochloro	88.97249574556717	NA	NA	NA	8.975194829688185	NA	10	ea517dfd-3894-444c-936f-00fc668e2c75
synecho	6.4650936603558655	NA	NA	3.078525187652797	NA	NA	1	ea517dfd-3894-444c-936f-00fc668e2c75
synecho	31.436488153940363	NA	NA	2.835847012419787	NA	NA	2	ea517dfd-3894-444c-936f-00fc668e2c75
synecho	146.7134250440197	NA	NA	2.854575803980899	NA	NA	3	ea517dfd-3894-444c-936f-00fc668e2c75
synecho	276.2629517544812	NA	NA	13.978411548442663	NA	NA	4	ea517dfd-3894-444c-936f-00fc668e2c75
synecho	234.05762068559986	NA	NA	79.50260933110093	NA	NA	5	ea517dfd-3894-444c-936f-00fc668e2c75
synecho	115.38211893203048	NA	NA	159.74058094101292	NA	NA	6	ea517dfd-3894-444c-936f-00fc668e2c75
synecho	36.76701297025063	NA	NA	102.54401985933231	NA	NA	7	ea517dfd-3894-444c-936f-00fc668e2c75
synecho	12.482794376667773	NA	NA	26.708124978732773	NA	NA	8	ea517dfd-3894-444c-936f-00fc668e2c75
synecho	5.5428409033870745	NA	NA	4.573961543726131	NA	NA	9	ea517dfd-3894-444c-936f-00fc668e2c75
beads	231.5165800238944	NA	NA	700.6878710288801	NA	NA	1	edff0e18-9f53-488b-91cb-5201fabf0d89
beads	373.8038295192093	NA	NA	858.1252511428672	NA	NA	2	edff0e18-9f53-488b-91cb-5201fabf0d89
beads	492.80977365183657	NA	NA	827.0769918924417	NA	NA	3	edff0e18-9f53-488b-91cb-5201fabf0d89
beads	492.80977365183657	NA	NA	531.4825790636606	NA	NA	4	edff0e18-9f53-488b-91cb-5201fabf0d89
beads	449.4355864573429	NA	NA	347.8840353450823	NA	NA	5	edff0e18-9f53-488b-91cb-5201fabf0d89
beads	387.8363299048843	NA	NA	289.3415398313816	NA	NA	6	edff0e18-9f53-488b-91cb-5201fabf0d89
beads	294.1798501089463	NA	NA	278.872728747408	NA	NA	7	edff0e18-9f53-488b-91cb-5201fabf0d89
beads	203.50050949647436	NA	NA	395.77749612170106	NA	NA	8	edff0e18-9f53-488b-91cb-5201fabf0d89
beads	223.13996275528476	NA	NA	561.689295112973	NA	NA	9	edff0e18-9f53-488b-91cb-5201fabf0d89
croco	492.80977365183657	NA	NA	323.16551784173765	NA	NA	1	edff0e18-9f53-488b-91cb-5201fabf0d89
croco	244.67478288693152	NA	NA	223.5515026203542	NA	NA	2	edff0e18-9f53-488b-91cb-5201fabf0d89
croco	169.2551103006888	NA	NA	143.65498052891513	NA	NA	3	edff0e18-9f53-488b-91cb-5201fabf0d89
croco	211.13986670067263	NA	NA	74.00061498826213	NA	NA	4	edff0e18-9f53-488b-91cb-5201fabf0d89
croco	235.8220820941305	NA	NA	42.575935257015786	NA	NA	5	edff0e18-9f53-488b-91cb-5201fabf0d89
croco	449.4355864573429	NA	NA	43.36771776076736	NA	NA	6	edff0e18-9f53-488b-91cb-5201fabf0d89
croco	1171.6307267818354	NA	NA	42.575935257015786	NA	NA	7	edff0e18-9f53-488b-91cb-5201fabf0d89
croco	1332.9300235493515	NA	NA	110.99093056203355	NA	NA	8	edff0e18-9f53-488b-91cb-5201fabf0d89
croco	1261.2472639075447	NA	NA	192.91172513601	NA	NA	9	edff0e18-9f53-488b-91cb-5201fabf0d89
croco	1129.239368990607	NA	NA	367.65596143957646	NA	NA	10	edff0e18-9f53-488b-91cb-5201fabf0d89
croco	511.3097268163849	NA	NA	354.35361706672734	NA	NA	11	edff0e18-9f53-488b-91cb-5201fabf0d89
picoeuk	119.2605312998455	NA	NA	NA	3417.657298057703	NA	1	edff0e18-9f53-488b-91cb-5201fabf0d89
picoeuk	44.092903901266695	NA	NA	NA	1240.503811909543	NA	2	edff0e18-9f53-488b-91cb-5201fabf0d89
picoeuk	5.396328750561865	NA	NA	NA	160.44822392327814	NA	3	edff0e18-9f53-488b-91cb-5201fabf0d89
picoeuk	3.532188439932448	NA	NA	NA	49.33818457878757	NA	4	edff0e18-9f53-488b-91cb-5201fabf0d89
picoeuk	4.571693011253358	NA	NA	NA	14.894606896075024	NA	5	edff0e18-9f53-488b-91cb-5201fabf0d89
picoeuk	5.598905555007361	NA	NA	NA	7.532537734185583	NA	6	edff0e18-9f53-488b-91cb-5201fabf0d89
picoeuk	30.501505816131925	NA	NA	NA	4.840435196606127	NA	7	edff0e18-9f53-488b-91cb-5201fabf0d89
picoeuk	163.1312064334196	NA	NA	NA	4.17700929423916	NA	8	edff0e18-9f53-488b-91cb-5201fabf0d89
picoeuk	661.7855033569593	NA	NA	NA	5.406281268158697	NA	9	edff0e18-9f53-488b-91cb-5201fabf0d89
picoeuk	1725.204353272524	NA	NA	NA	6.150568138371316	NA	10	edff0e18-9f53-488b-91cb-5201fabf0d89
picoeuk	3740.59018875979	NA	NA	NA	16.332057527857767	NA	11	edff0e18-9f53-488b-91cb-5201fabf0d89
picoeuk	3810.15375435819	NA	NA	NA	4109.152156194936	NA	12	edff0e18-9f53-488b-91cb-5201fabf0d89
picoeuk	61.43436605902476	NA	NA	NA	3679.069537540028	NA	13	edff0e18-9f53-488b-91cb-5201fabf0d89
prochloro	4.571693011253358	NA	NA	NA	13.583672125217216	NA	1	edff0e18-9f53-488b-91cb-5201fabf0d89
prochloro	7.65849529547005	NA	NA	NA	18.580504358239164	NA	2	edff0e18-9f53-488b-91cb-5201fabf0d89
prochloro	12.829503216065012	NA	NA	NA	18.580504358239164	NA	3	edff0e18-9f53-488b-91cb-5201fabf0d89
prochloro	28.33425486813556	NA	NA	NA	13.583672125217216	NA	4	edff0e18-9f53-488b-91cb-5201fabf0d89
prochloro	47.46551377665111	NA	NA	NA	8.891246599371696	NA	5	edff0e18-9f53-488b-91cb-5201fabf0d89
prochloro	44.91289739378472	NA	NA	NA	5.307576537093497	NA	6	edff0e18-9f53-488b-91cb-5201fabf0d89
prochloro	21.491970213571857	NA	NA	NA	2.403224315199115	NA	7	edff0e18-9f53-488b-91cb-5201fabf0d89
prochloro	9.039924213471531	NA	NA	NA	1.756928149613916	NA	8	edff0e18-9f53-488b-91cb-5201fabf0d89
prochloro	3.0480697175631466	NA	NA	NA	1.926485996711239	NA	9	edff0e18-9f53-488b-91cb-5201fabf0d89
prochloro	1.9951261530098088	NA	NA	NA	2.23246585472309	NA	10	edff0e18-9f53-488b-91cb-5201fabf0d89
prochloro	1.7536937899019285	NA	NA	NA	3.3483973437651087	NA	11	edff0e18-9f53-488b-91cb-5201fabf0d89
prochloro	1.8195270073272487	NA	NA	NA	7.815307278831576	NA	12	edff0e18-9f53-488b-91cb-5201fabf0d89
synecho	7.246634156637542	NA	NA	38.82865449159184	NA	NA	1	edff0e18-9f53-488b-91cb-5201fabf0d89
synecho	19.60037473583985	NA	NA	105.02202292447218	NA	NA	2	edff0e18-9f53-488b-91cb-5201fabf0d89
synecho	36.0033257626582	NA	NA	196.49929468226105	NA	NA	3	edff0e18-9f53-488b-91cb-5201fabf0d89
synecho	85.59611636206694	NA	NA	227.7088785509981	NA	NA	4	edff0e18-9f53-488b-91cb-5201fabf0d89
synecho	146.05714984453263	NA	NA	143.65498052891513	NA	NA	5	edff0e18-9f53-488b-91cb-5201fabf0d89
synecho	219.06600342516623	NA	NA	87.34874481673448	NA	NA	6	edff0e18-9f53-488b-91cb-5201fabf0d89
synecho	178.8746938169635	NA	NA	14.894606896075024	NA	NA	7	edff0e18-9f53-488b-91cb-5201fabf0d89
synecho	121.4784133381684	NA	NA	4.254688923758073	NA	NA	8	edff0e18-9f53-488b-91cb-5201fabf0d89
synecho	69.89208214325306	NA	NA	2.493440742819108	NA	NA	9	edff0e18-9f53-488b-91cb-5201fabf0d89
synecho	36.672877781742606	NA	NA	1.9988057894929756	NA	NA	10	edff0e18-9f53-488b-91cb-5201fabf0d89
synecho	11.700326596895318	NA	NA	2.1124075542531786	NA	NA	11	edff0e18-9f53-488b-91cb-5201fabf0d89
synecho	6.027158686360316	NA	NA	3.2272473034135465	NA	NA	12	edff0e18-9f53-488b-91cb-5201fabf0d89
synecho	4.32583496507539	NA	NA	6.500134563718772	NA	NA	13	edff0e18-9f53-488b-91cb-5201fabf0d89
synecho	5.106123165917102	NA	NA	23.17853331849394	NA	NA	14	edff0e18-9f53-488b-91cb-5201fabf0d89
synecho	7.246634156637542	NA	NA	70.0209849973161	NA	NA	15	edff0e18-9f53-488b-91cb-5201fabf0d89
beads	288.80888593791394	NA	NA	484.70464139393033	NA	NA	1	f3cc463c-6ad6-4046-810f-2958306f686f
beads	409.8789374192903	NA	NA	615.8968776130865	NA	NA	2	f3cc463c-6ad6-4046-810f-2958306f686f
beads	603.5390767641981	NA	NA	593.6128043939493	NA	NA	3	f3cc463c-6ad6-4046-810f-2958306f686f
beads	592.5200122160383	NA	NA	341.5325714741863	NA	NA	4	f3cc463c-6ad6-4046-810f-2958306f686f
beads	581.7021273233325	NA	NA	200.1535820769999	NA	NA	5	f3cc463c-6ad6-4046-810f-2958306f686f
beads	366.97913715976	NA	NA	131.01132297579912	NA	NA	6	f3cc463c-6ad6-4046-810f-2958306f686f
beads	211.13986670067263	NA	NA	121.70245751751112	NA	NA	7	f3cc463c-6ad6-4046-810f-2958306f686f
beads	172.402738983362	NA	NA	163.43207138766311	NA	NA	8	f3cc463c-6ad6-4046-810f-2958306f686f
beads	211.13986670067263	NA	NA	268.78269495747924	NA	NA	9	f3cc463c-6ad6-4046-810f-2958306f686f
croco	637.8411108000053	NA	NA	160.44822392327814	NA	NA	1	f3cc463c-6ad6-4046-810f-2958306f686f
croco	1049.002507646361	NA	NA	146.32652489953074	NA	NA	2	f3cc463c-6ad6-4046-810f-2958306f686f
croco	1049.002507646361	NA	NA	76.77857919397562	NA	NA	3	f3cc463c-6ad6-4046-810f-2958306f686f
croco	992.588897561238	NA	NA	38.119743558343004	NA	NA	4	f3cc463c-6ad6-4046-810f-2958306f686f
croco	840.9072048392003	NA	NA	23.17853331849394	NA	NA	5	f3cc463c-6ad6-4046-810f-2958306f686f
croco	603.5390767641981	NA	NA	17.908233829490655	NA	NA	6	f3cc463c-6ad6-4046-810f-2958306f686f
croco	322.57059679648023	NA	NA	19.636523955703925	NA	NA	7	f3cc463c-6ad6-4046-810f-2958306f686f
croco	278.35934707108305	NA	NA	38.119743558343004	NA	NA	8	f3cc463c-6ad6-4046-810f-2958306f686f
croco	263.38964437280185	NA	NA	78.2064265284315	NA	NA	9	f3cc463c-6ad6-4046-810f-2958306f686f
croco	511.3097268163849	NA	NA	166.4714093116683	NA	NA	10	f3cc463c-6ad6-4046-810f-2958306f686f
picoeuk	126.03868198017688	NA	NA	NA	2895.3906825566605	NA	1	f3cc463c-6ad6-4046-810f-2958306f686f
picoeuk	41.721660867932215	NA	NA	NA	1335.3883633073467	NA	2	f3cc463c-6ad6-4046-810f-2958306f686f
picoeuk	23.56612003016728	NA	NA	NA	768.3099459128031	NA	3	f3cc463c-6ad6-4046-810f-2958306f686f
picoeuk	11.486708856189995	NA	NA	NA	192.91172513601	NA	4	f3cc463c-6ad6-4046-810f-2958306f686f
picoeuk	9.731376464912035	NA	NA	NA	12.853164831659356	NA	5	f3cc463c-6ad6-4046-810f-2958306f686f
picoeuk	19.60037473583985	NA	NA	NA	5.713546284140389	NA	6	f3cc463c-6ad6-4046-810f-2958306f686f
picoeuk	85.59611636206694	NA	NA	NA	4.333813157398536	NA	7	f3cc463c-6ad6-4046-810f-2958306f686f
picoeuk	614.7630622956374	NA	NA	NA	5.406281268158697	NA	8	f3cc463c-6ad6-4046-810f-2958306f686f
picoeuk	1857.1630297056229	NA	NA	NA	7.532537734185583	NA	9	f3cc463c-6ad6-4046-810f-2958306f686f
picoeuk	3810.15375435819	NA	NA	NA	11.297789521661432	NA	10	f3cc463c-6ad6-4046-810f-2958306f686f
picoeuk	3539.427470025792	NA	NA	NA	3417.657298057703	NA	11	f3cc463c-6ad6-4046-810f-2958306f686f
picoeuk	189.04100461882595	NA	NA	NA	3355.2597038991053	NA	12	f3cc463c-6ad6-4046-810f-2958306f686f
prochloro	5.29780572675977	NA	NA	NA	11.091521068161857	NA	1	f3cc463c-6ad6-4046-810f-2958306f686f
prochloro	11.700326596895318	NA	NA	NA	12.388118041170074	NA	2	f3cc463c-6ad6-4046-810f-2958306f686f
prochloro	23.56612003016728	NA	NA	NA	9.749324166022417	NA	3	f3cc463c-6ad6-4046-810f-2958306f686f
prochloro	30.501505816131925	NA	NA	NA	6.621017235784924	NA	4	f3cc463c-6ad6-4046-810f-2958306f686f
prochloro	32.8345270197235	NA	NA	NA	3.474095325720544	NA	5	f3cc463c-6ad6-4046-810f-2958306f686f
prochloro	29.94462710795285	NA	NA	NA	2.1917067948679363	NA	6	f3cc463c-6ad6-4046-810f-2958306f686f
prochloro	13.31111949340228	NA	NA	NA	1.488444554462686	NA	7	f3cc463c-6ad6-4046-810f-2958306f686f
prochloro	8.093764487477848	NA	NA	NA	1.129008197954784	NA	8	f3cc463c-6ad6-4046-810f-2958306f686f
prochloro	3.532188439932448	NA	NA	NA	0.9923857007812672	NA	9	f3cc463c-6ad6-4046-810f-2958306f686f
prochloro	2.7797967376427968	NA	NA	NA	1.332657154197924	NA	10	f3cc463c-6ad6-4046-810f-2958306f686f
prochloro	2.992419837947744	NA	NA	NA	3.880216493014849	NA	11	f3cc463c-6ad6-4046-810f-2958306f686f
prochloro	5.396328750561865	NA	NA	NA	7.672619955533707	NA	12	f3cc463c-6ad6-4046-810f-2958306f686f
synecho	12.365312538333486	NA	NA	13.33566936000888	NA	NA	1	f3cc463c-6ad6-4046-810f-2958306f686f
synecho	31.068740769339676	NA	NA	27.359445490884724	NA	NA	2	f3cc463c-6ad6-4046-810f-2958306f686f
synecho	93.85683733317391	NA	NA	19.636523955703925	NA	NA	3	f3cc463c-6ad6-4046-810f-2958306f686f
synecho	104.82868604846333	NA	NA	8.891246599371696	NA	NA	4	f3cc463c-6ad6-4046-810f-2958306f686f
synecho	128.38261694215433	NA	NA	4.333813157398536	NA	NA	5	f3cc463c-6ad6-4046-810f-2958306f686f
synecho	67.36328173440175	NA	NA	1.756928149613916	NA	NA	6	f3cc463c-6ad6-4046-810f-2958306f686f
synecho	22.29877329180349	NA	NA	1.5443203832668442	NA	NA	7	f3cc463c-6ad6-4046-810f-2958306f686f
synecho	8.093764487477848	NA	NA	1.9623127588647968	NA	NA	8	f3cc463c-6ad6-4046-810f-2958306f686f
synecho	5.201081478878828	NA	NA	7.815307278831576	NA	NA	9	f3cc463c-6ad6-4046-810f-2958306f686f
beads	NA	NA	NA	334.21950188761735	58.50120835870992	NA	1	f47fa2f8-1cf6-4768-92ea-0297ee2285a5
beads	NA	NA	NA	220.68100094582604	46.147571336019524	NA	2	f47fa2f8-1cf6-4768-92ea-0297ee2285a5
beads	NA	NA	NA	180.9792539465787	51.565715034849255	NA	3	f47fa2f8-1cf6-4768-92ea-0297ee2285a5
beads	NA	NA	NA	207.78837296540925	75.71810439025116	NA	4	f47fa2f8-1cf6-4768-92ea-0297ee2285a5
beads	NA	NA	NA	1710.2187998778018	624.515457199567	NA	5	f47fa2f8-1cf6-4768-92ea-0297ee2285a5
beads	NA	NA	NA	2088.1746510669627	486.33744426109973	NA	6	f47fa2f8-1cf6-4768-92ea-0297ee2285a5
croco	NA	NA	NA	192.95895281555815	626.182859296541	NA	1	f47fa2f8-1cf6-4768-92ea-0297ee2285a5
croco	NA	NA	NA	98.43304633369192	273.17107852492086	NA	2	f47fa2f8-1cf6-4768-92ea-0297ee2285a5
croco	NA	NA	NA	39.9646231645622	200.60018508069916	NA	3	f47fa2f8-1cf6-4768-92ea-0297ee2285a5
croco	NA	NA	NA	23.170474038382014	201.7348406987157	NA	4	f47fa2f8-1cf6-4768-92ea-0297ee2285a5
croco	NA	NA	NA	21.994277713164774	362.1710508502557	NA	5	f47fa2f8-1cf6-4768-92ea-0297ee2285a5
croco	NA	NA	NA	116.8444712552306	3635.171094104046	NA	6	f47fa2f8-1cf6-4768-92ea-0297ee2285a5
croco	NA	NA	NA	405.68224977031304	3758.178296708404	NA	7	f47fa2f8-1cf6-4768-92ea-0297ee2285a5
picoeuk	72.07743255776003	NA	NA	NA	3725.6761753116407	NA	1	f47fa2f8-1cf6-4768-92ea-0297ee2285a5
picoeuk	29.187600290918205	NA	NA	NA	107.49763675681868	NA	2	f47fa2f8-1cf6-4768-92ea-0297ee2285a5
picoeuk	32.09357862836736	NA	NA	NA	5.063621772169925	NA	3	f47fa2f8-1cf6-4768-92ea-0297ee2285a5
picoeuk	3787.0012465668806	NA	NA	NA	1.453868130039376	NA	4	f47fa2f8-1cf6-4768-92ea-0297ee2285a5
picoeuk	3772.6589675853706	NA	NA	NA	4302.651879590215	NA	5	f47fa2f8-1cf6-4768-92ea-0297ee2285a5
prochloro	25.131459164914638	NA	NA	NA	8.590757741680692	NA	1	f47fa2f8-1cf6-4768-92ea-0297ee2285a5
prochloro	6.689790985415157	NA	NA	NA	12.50438039248968	NA	2	f47fa2f8-1cf6-4768-92ea-0297ee2285a5
prochloro	1.7350702148992236	NA	NA	NA	4.8596119476937805	NA	3	f47fa2f8-1cf6-4768-92ea-0297ee2285a5
prochloro	1.1849585423360836	NA	NA	NA	3.011536314939043	NA	4	f47fa2f8-1cf6-4768-92ea-0297ee2285a5
prochloro	1.2310373412126687	NA	NA	NA	1.5726016275945913	NA	5	f47fa2f8-1cf6-4768-92ea-0297ee2285a5
prochloro	1.591861511631624	NA	NA	NA	1.4114112847119058	NA	6	f47fa2f8-1cf6-4768-92ea-0297ee2285a5
prochloro	15.769414327355964	NA	NA	NA	1.5194924614417613	NA	7	f47fa2f8-1cf6-4768-92ea-0297ee2285a5
prochloro	32.299943322005504	NA	NA	NA	2.1531912854162636	NA	8	f47fa2f8-1cf6-4768-92ea-0297ee2285a5
prochloro	49.85492877948764	NA	NA	NA	4.044008683931258	NA	9	f47fa2f8-1cf6-4768-92ea-0297ee2285a5
prochloro	43.78029435657656	NA	NA	NA	7.374573716258441	NA	10	f47fa2f8-1cf6-4768-92ea-0297ee2285a5
synecho	43.318061389894396	NA	NA	28.794568046432527	NA	NA	1	f47fa2f8-1cf6-4768-92ea-0297ee2285a5
synecho	11.135218088631362	NA	NA	14.157855699987978	NA	NA	2	f47fa2f8-1cf6-4768-92ea-0297ee2285a5
synecho	8.982391626913191	NA	NA	4.623581076781938	NA	NA	3	f47fa2f8-1cf6-4768-92ea-0297ee2285a5
synecho	9.380618751398117	NA	NA	2.3939355523745465	NA	NA	4	f47fa2f8-1cf6-4768-92ea-0297ee2285a5
synecho	12.1531677123783	NA	NA	1.4964507009271963	NA	NA	5	f47fa2f8-1cf6-4768-92ea-0297ee2285a5
synecho	33.02679783713555	NA	NA	1.3065886248680114	NA	NA	6	f47fa2f8-1cf6-4768-92ea-0297ee2285a5
synecho	145.41733310964275	NA	NA	1.8062976669556483	NA	NA	7	f47fa2f8-1cf6-4768-92ea-0297ee2285a5
synecho	196.9614930817629	NA	NA	5.724674062443818	NA	NA	8	f47fa2f8-1cf6-4768-92ea-0297ee2285a5
synecho	140.90318002092295	NA	NA	20.41516880627336	NA	NA	9	f47fa2f8-1cf6-4768-92ea-0297ee2285a5
beads	268.2878882005606	NA	NA	768.3099459128031	NA	NA	1	fefd3c70-7b7f-4a26-a24c-3698918e4961
beads	417.50143518347977	NA	NA	1173.7915801998315	NA	NA	2	fefd3c70-7b7f-4a26-a24c-3698918e4961
beads	550.419154444523	NA	NA	1012.9127115330592	NA	NA	3	fefd3c70-7b7f-4a26-a24c-3698918e4961
beads	560.6552714807798	NA	NA	639.01748925518325	NA	NA	4	fefd3c70-7b7f-4a26-a24c-3698918e4961
beads	457.793717212946	NA	NA	367.65596143957646	NA	NA	5	fefd3c70-7b7f-4a26-a24c-3698918e4961
beads	334.6798146976884	NA	NA	273.7812330728213	NA	NA	6	fefd3c70-7b7f-4a26-a24c-3698918e4961
beads	223.13996275528476	NA	NA	273.7812330728213	NA	NA	7	fefd3c70-7b7f-4a26-a24c-3698918e4961
beads	189.04100461882595	NA	NA	426.050011056618	NA	NA	8	fefd3c70-7b7f-4a26-a24c-3698918e4961
beads	244.67478288693152	NA	NA	700.6878710288801	NA	NA	9	fefd3c70-7b7f-4a26-a24c-3698918e4961
croco	752.8940189176741	NA	NA	294.72240973979484	NA	NA	1	fefd3c70-7b7f-4a26-a24c-3698918e4961
croco	278.35934707108305	NA	NA	154.64296642036058	NA	NA	2	fefd3c70-7b7f-4a26-a24c-3698918e4961
croco	192.55659057237605	NA	NA	149.0477518450064	NA	NA	3	fefd3c70-7b7f-4a26-a24c-3698918e4961
croco	130.7701419434727	NA	NA	121.70245751751112	NA	NA	4	fefd3c70-7b7f-4a26-a24c-3698918e4961
croco	130.7701419434727	NA	NA	76.77857919397562	NA	NA	5	fefd3c70-7b7f-4a26-a24c-3698918e4961
croco	123.7375412160186	NA	NA	55.10581017183695	NA	NA	6	fefd3c70-7b7f-4a26-a24c-3698918e4961
croco	219.06600342516623	NA	NA	55.10581017183695	NA	NA	7	fefd3c70-7b7f-4a26-a24c-3698918e4961
croco	511.3097268163849	NA	NA	53.11199927052479	NA	NA	8	fefd3c70-7b7f-4a26-a24c-3698918e4961
croco	1049.002507646361	NA	NA	63.85815407716049	NA	NA	9	fefd3c70-7b7f-4a26-a24c-3698918e4961
croco	1332.9300235493515	NA	NA	146.32652489953074	NA	NA	10	fefd3c70-7b7f-4a26-a24c-3698918e4961
croco	1382.9678765419008	NA	NA	300.20334741237406	NA	NA	11	fefd3c70-7b7f-4a26-a24c-3698918e4961
croco	825.5544114147622	NA	NA	317.2653502503871	NA	NA	12	fefd3c70-7b7f-4a26-a24c-3698918e4961
picoeuk	258.5808298247514	NA	NA	NA	3004.0829100330766	NA	1	fefd3c70-7b7f-4a26-a24c-3698918e4961
picoeuk	16.301991557946845	NA	NA	NA	467.1673001423585	NA	2	fefd3c70-7b7f-4a26-a24c-3698918e4961
picoeuk	4.16931976488598	NA	NA	NA	70.0209849973161	NA	3	fefd3c70-7b7f-4a26-a24c-3698918e4961
picoeuk	3.4676998029670494	NA	NA	NA	13.33566936000888	NA	4	fefd3c70-7b7f-4a26-a24c-3698918e4961
picoeuk	6.731732537011631	NA	NA	NA	9.22502172814792	NA	5	fefd3c70-7b7f-4a26-a24c-3698918e4961
picoeuk	11.917916975865896	NA	NA	NA	5.5068216060901465	NA	6	fefd3c70-7b7f-4a26-a24c-3698918e4961
picoeuk	17.875266249101166	NA	NA	NA	4.17700929423916	NA	7	fefd3c70-7b7f-4a26-a24c-3698918e4961
picoeuk	50.163207648973234	NA	NA	NA	3.8093737627866777	NA	8	fefd3c70-7b7f-4a26-a24c-3698918e4961
picoeuk	249.2249873869528	NA	NA	NA	3.880216493014849	NA	9	fefd3c70-7b7f-4a26-a24c-3698918e4961
picoeuk	1357.7184554416997	NA	NA	NA	6.381458896994173	NA	10	fefd3c70-7b7f-4a26-a24c-3698918e4961
picoeuk	3881.0109900499674	NA	NA	NA	10.115311307715825	NA	11	fefd3c70-7b7f-4a26-a24c-3698918e4961
picoeuk	3411.365673054921	NA	NA	NA	3679.069537540028	NA	12	fefd3c70-7b7f-4a26-a24c-3698918e4961
picoeuk	322.57059679648023	NA	NA	NA	3059.949687207193	NA	13	fefd3c70-7b7f-4a26-a24c-3698918e4961
prochloro	5.201081478878828	NA	NA	NA	9.749324166022417	NA	1	fefd3c70-7b7f-4a26-a24c-3698918e4961
prochloro	11.700326596895318	NA	NA	NA	10.495037513328317	NA	2	fefd3c70-7b7f-4a26-a24c-3698918e4961
prochloro	17.875266249101166	NA	NA	NA	9.749324166022417	NA	3	fefd3c70-7b7f-4a26-a24c-3698918e4961
prochloro	23.13586355173953	NA	NA	NA	8.413090145815614	NA	4	fefd3c70-7b7f-4a26-a24c-3698918e4961
prochloro	32.8345270197235	NA	NA	NA	5.609231687575432	NA	5	fefd3c70-7b7f-4a26-a24c-3698918e4961
prochloro	37.354881425691175	NA	NA	NA	3.3483973437651087	NA	6	fefd3c70-7b7f-4a26-a24c-3698918e4961
prochloro	28.8611855656293	NA	NA	NA	2.273982908742503	NA	7	fefd3c70-7b7f-4a26-a24c-3698918e4961
prochloro	18.891203766458236	NA	NA	NA	1.926485996711239	NA	8	fefd3c70-7b7f-4a26-a24c-3698918e4961
prochloro	10.475717015494434	NA	NA	NA	1.332657154197924	NA	9	fefd3c70-7b7f-4a26-a24c-3698918e4961
prochloro	7.65849529547005	NA	NA	NA	1.0108410472136713	NA	10	fefd3c70-7b7f-4a26-a24c-3698918e4961
prochloro	2.7797967376427968	NA	NA	NA	1.048787762214229	NA	11	fefd3c70-7b7f-4a26-a24c-3698918e4961
prochloro	1.7536937899019285	NA	NA	NA	1.4083984820112667	NA	12	fefd3c70-7b7f-4a26-a24c-3698918e4961
prochloro	2.108518786297428	NA	NA	NA	3.474095325720544	NA	13	fefd3c70-7b7f-4a26-a24c-3698918e4961
prochloro	3.9451006826416464	NA	NA	NA	8.259488851491387	NA	14	fefd3c70-7b7f-4a26-a24c-3698918e4961
prochloro	7.8009199431827	NA	NA	NA	8.569547955602513	NA	15	fefd3c70-7b7f-4a26-a24c-3698918e4961
synecho	13.068092835223906	NA	NA	14.622669848208536	NA	NA	1	fefd3c70-7b7f-4a26-a24c-3698918e4961
synecho	25.368662437358413	NA	NA	24.49588105851725	NA	NA	2	fefd3c70-7b7f-4a26-a24c-3698918e4961
synecho	58.13052803440788	NA	NA	24.048649545364874	NA	NA	3	fefd3c70-7b7f-4a26-a24c-3698918e4961
synecho	110.78660541971936	NA	NA	21.53160812698084	NA	NA	4	fefd3c70-7b7f-4a26-a24c-3698918e4961
synecho	135.67921970657883	NA	NA	11.721905657721091	NA	NA	5	fefd3c70-7b7f-4a26-a24c-3698918e4961
synecho	151.5400979838286	NA	NA	6.997321550314493	NA	NA	6	fefd3c70-7b7f-4a26-a24c-3698918e4961
synecho	157.2288745973227	NA	NA	4.17700929423916	NA	NA	7	fefd3c70-7b7f-4a26-a24c-3698918e4961
synecho	133.2020676258779	NA	NA	3.2272473034135465	NA	NA	8	fefd3c70-7b7f-4a26-a24c-3698918e4961
synecho	93.85683733317391	NA	NA	2.836714633776975	NA	NA	9	fefd3c70-7b7f-4a26-a24c-3698918e4961
synecho	48.34822752358489	NA	NA	2.684160838999391	NA	NA	10	fefd3c70-7b7f-4a26-a24c-3698918e4961
synecho	28.33425486813556	NA	NA	2.403224315199115	NA	NA	11	fefd3c70-7b7f-4a26-a24c-3698918e4961
synecho	12.595269627054382	NA	NA	3.168326103911693	NA	NA	12	fefd3c70-7b7f-4a26-a24c-3698918e4961
synecho	11.276991223636896	NA	NA	7.815307278831576	NA	NA	13	fefd3c70-7b7f-4a26-a24c-3698918e4961
synecho	13.31111949340228	NA	NA	16.03387634451405	NA	NA	14	fefd3c70-7b7f-4a26-a24c-3698918e4961
